date,outlet,product_identifier,category_of_product,state,department_identifier,sell_price,sales
2025-01-01,OUTLET_1,PROD_000,Electronics,State_A,DEPT_01,50.0,11
2025-01-01,OUTLET_1,PROD_001,Home,State_A,DEPT_01,55.5,14
2025-01-01,OUTLET_1,PROD_002,Clothing,State_A,DEPT_01,61.0,19
2025-01-01,OUTLET_1,PROD_003,Electronics,State_A,DEPT_01,66.5,24
2025-01-01,OUTLET_1,PROD_004,Home,State_A,DEPT_01,72.0,34
2025-01-01,OUTLET_1,PROD_005,Clothing,State_A,DEPT_01,77.5,12
2025-01-01,OUTLET_1,PROD_006,Electronics,State_A,DEPT_01,83.0,13
2025-01-01,OUTLET_1,PROD_007,Home,State_A,DEPT_01,88.5,21
2025-01-01,OUTLET_1,PROD_008,Clothing,State_A,DEPT_01,94.0,25
2025-01-01,OUTLET_1,PROD_009,Electronics,State_A,DEPT_01,99.5,24
2025-01-01,OUTLET_1,PROD_010,Home,State_A,DEPT_01,105.0,7
2025-01-01,OUTLET_1,PROD_011,Clothing,State_A,DEPT_01,110.5,16
2025-01-01,OUTLET_1,PROD_012,Electronics,State_A,DEPT_01,116.0,24
2025-01-01,OUTLET_1,PROD_013,Home,State_A,DEPT_01,121.5,24
2025-01-01,OUTLET_1,PROD_014,Clothing,State_A,DEPT_01,127.0,28
2025-01-01,OUTLET_1,PROD_015,Electronics,State_A,DEPT_01,132.5,10
2025-01-01,OUTLET_1,PROD_016,Home,State_A,DEPT_01,138.0,13
2025-01-01,OUTLET_1,PROD_017,Clothing,State_A,DEPT_01,143.5,19
2025-01-01,OUTLET_1,PROD_018,Electronics,State_A,DEPT_01,149.0,25
2025-01-01,OUTLET_1,PROD_019,Home,State_A,DEPT_01,154.5,26
2025-01-01,OUTLET_2,PROD_000,Electronics,State_B,DEPT_01,50.0,12
2025-01-01,OUTLET_2,PROD_001,Home,State_B,DEPT_01,55.5,11
2025-01-01,OUTLET_2,PROD_002,Clothing,State_B,DEPT_01,61.0,16
2025-01-01,OUTLET_2,PROD_003,Electronics,State_B,DEPT_01,66.5,25
2025-01-01,OUTLET_2,PROD_004,Home,State_B,DEPT_01,72.0,32
2025-01-01,OUTLET_2,PROD_005,Clothing,State_B,DEPT_01,77.5,10
2025-01-01,OUTLET_2,PROD_006,Electronics,State_B,DEPT_01,83.0,14
2025-01-01,OUTLET_2,PROD_007,Home,State_B,DEPT_01,88.5,19
2025-01-01,OUTLET_2,PROD_008,Clothing,State_B,DEPT_01,94.0,23
2025-01-01,OUTLET_2,PROD_009,Electronics,State_B,DEPT_01,99.5,33
2025-01-01,OUTLET_2,PROD_010,Home,State_B,DEPT_01,105.0,11
2025-01-01,OUTLET_2,PROD_011,Clothing,State_B,DEPT_01,110.5,56
2025-01-01,OUTLET_2,PROD_012,Electronics,State_B,DEPT_01,116.0,15
2025-01-01,OUTLET_2,PROD_013,Home,State_B,DEPT_01,121.5,22
2025-01-01,OUTLET_2,PROD_014,Clothing,State_B,DEPT_01,127.0,32
2025-01-01,OUTLET_2,PROD_015,Electronics,State_B,DEPT_01,132.5,12
2025-01-01,OUTLET_2,PROD_016,Home,State_B,DEPT_01,138.0,17
2025-01-01,OUTLET_2,PROD_017,Clothing,State_B,DEPT_01,143.5,20
2025-01-01,OUTLET_2,PROD_018,Electronics,State_B,DEPT_01,149.0,24
2025-01-01,OUTLET_2,PROD_019,Home,State_B,DEPT_01,154.5,27
2025-01-02,OUTLET_1,PROD_000,Electronics,State_A,DEPT_01,50.0,5
2025-01-02,OUTLET_1,PROD_001,Home,State_A,DEPT_01,55.5,17
2025-01-02,OUTLET_1,PROD_002,Clothing,State_A,DEPT_01,61.0,17
2025-01-02,OUTLET_1,PROD_003,Electronics,State_A,DEPT_01,66.5,27
2025-01-02,OUTLET_1,PROD_004,Home,State_A,DEPT_01,72.0,28
2025-01-02,OUTLET_1,PROD_005,Clothing,State_A,DEPT_01,77.5,11
2025-01-02,OUTLET_1,PROD_006,Electronics,State_A,DEPT_01,83.0,14
2025-01-02,OUTLET_1,PROD_007,Home,State_A,DEPT_01,88.5,23
2025-01-02,OUTLET_1,PROD_008,Clothing,State_A,DEPT_01,94.0,26
2025-01-02,OUTLET_1,PROD_009,Electronics,State_A,DEPT_01,99.5,27
2025-01-02,OUTLET_1,PROD_010,Home,State_A,DEPT_01,105.0,10
2025-01-02,OUTLET_1,PROD_011,Clothing,State_A,DEPT_01,110.5,16
2025-01-02,OUTLET_1,PROD_012,Electronics,State_A,DEPT_01,116.0,15
2025-01-02,OUTLET_1,PROD_013,Home,State_A,DEPT_01,121.5,27
2025-01-02,OUTLET_1,PROD_014,Clothing,State_A,DEPT_01,127.0,28
2025-01-02,OUTLET_1,PROD_015,Electronics,State_A,DEPT_01,132.5,5
2025-01-02,OUTLET_1,PROD_016,Home,State_A,DEPT_01,138.0,14
2025-01-02,OUTLET_1,PROD_017,Clothing,State_A,DEPT_01,143.5,17
2025-01-02,OUTLET_1,PROD_018,Electronics,State_A,DEPT_01,149.0,21
2025-01-02,OUTLET_1,PROD_019,Home,State_A,DEPT_01,154.5,27
2025-01-02,OUTLET_2,PROD_000,Electronics,State_B,DEPT_01,50.0,16
2025-01-02,OUTLET_2,PROD_001,Home,State_B,DEPT_01,55.5,14
2025-01-02,OUTLET_2,PROD_002,Clothing,State_B,DEPT_01,61.0,18
2025-01-02,OUTLET_2,PROD_003,Electronics,State_B,DEPT_01,66.5,23
2025-01-02,OUTLET_2,PROD_004,Home,State_B,DEPT_01,72.0,30
2025-01-02,OUTLET_2,PROD_005,Clothing,State_B,DEPT_01,77.5,10
2025-01-02,OUTLET_2,PROD_006,Electronics,State_B,DEPT_01,83.0,58
2025-01-02,OUTLET_2,PROD_007,Home,State_B,DEPT_01,88.5,21
2025-01-02,OUTLET_2,PROD_008,Clothing,State_B,DEPT_01,94.0,23
2025-01-02,OUTLET_2,PROD_009,Electronics,State_B,DEPT_01,99.5,30
2025-01-02,OUTLET_2,PROD_010,Home,State_B,DEPT_01,105.0,8
2025-01-02,OUTLET_2,PROD_011,Clothing,State_B,DEPT_01,110.5,55
2025-01-02,OUTLET_2,PROD_012,Electronics,State_B,DEPT_01,116.0,23
2025-01-02,OUTLET_2,PROD_013,Home,State_B,DEPT_01,121.5,27
2025-01-02,OUTLET_2,PROD_014,Clothing,State_B,DEPT_01,127.0,34
2025-01-02,OUTLET_2,PROD_015,Electronics,State_B,DEPT_01,132.5,5
2025-01-02,OUTLET_2,PROD_016,Home,State_B,DEPT_01,138.0,12
2025-01-02,OUTLET_2,PROD_017,Clothing,State_B,DEPT_01,143.5,18
2025-01-02,OUTLET_2,PROD_018,Electronics,State_B,DEPT_01,149.0,20
2025-01-02,OUTLET_2,PROD_019,Home,State_B,DEPT_01,154.5,30
2025-01-03,OUTLET_1,PROD_000,Electronics,State_A,DEPT_01,50.0,7
2025-01-03,OUTLET_1,PROD_001,Home,State_A,DEPT_01,55.5,19
2025-01-03,OUTLET_1,PROD_002,Clothing,State_A,DEPT_01,61.0,17
2025-01-03,OUTLET_1,PROD_003,Electronics,State_A,DEPT_01,66.5,24
2025-01-03,OUTLET_1,PROD_004,Home,State_A,DEPT_01,72.0,32
2025-01-03,OUTLET_1,PROD_005,Clothing,State_A,DEPT_01,77.5,6
2025-01-03,OUTLET_1,PROD_006,Electronics,State_A,DEPT_01,83.0,10
2025-01-03,OUTLET_1,PROD_007,Home,State_A,DEPT_01,88.5,20
2025-01-03,OUTLET_1,PROD_008,Clothing,State_A,DEPT_01,94.0,26
2025-01-03,OUTLET_1,PROD_009,Electronics,State_A,DEPT_01,99.5,32
2025-01-03,OUTLET_1,PROD_010,Home,State_A,DEPT_01,105.0,11
2025-01-03,OUTLET_1,PROD_011,Clothing,State_A,DEPT_01,110.5,16
2025-01-03,OUTLET_1,PROD_012,Electronics,State_A,DEPT_01,116.0,18
2025-01-03,OUTLET_1,PROD_013,Home,State_A,DEPT_01,121.5,25
2025-01-03,OUTLET_1,PROD_014,Clothing,State_A,DEPT_01,127.0,31
2025-01-03,OUTLET_1,PROD_015,Electronics,State_A,DEPT_01,132.5,8
2025-01-03,OUTLET_1,PROD_016,Home,State_A,DEPT_01,138.0,20
2025-01-03,OUTLET_1,PROD_017,Clothing,State_A,DEPT_01,143.5,21
2025-01-03,OUTLET_1,PROD_018,Electronics,State_A,DEPT_01,149.0,22
2025-01-03,OUTLET_1,PROD_019,Home,State_A,DEPT_01,154.5,32
2025-01-03,OUTLET_2,PROD_000,Electronics,State_B,DEPT_01,50.0,13
2025-01-03,OUTLET_2,PROD_001,Home,State_B,DEPT_01,55.5,16
2025-01-03,OUTLET_2,PROD_002,Clothing,State_B,DEPT_01,61.0,19
2025-01-03,OUTLET_2,PROD_003,Electronics,State_B,DEPT_01,66.5,22
2025-01-03,OUTLET_2,PROD_004,Home,State_B,DEPT_01,72.0,30
2025-01-03,OUTLET_2,PROD_005,Clothing,State_B,DEPT_01,77.5,11
2025-01-03,OUTLET_2,PROD_006,Electronics,State_B,DEPT_01,83.0,15
2025-01-03,OUTLET_2,PROD_007,Home,State_B,DEPT_01,88.5,24
2025-01-03,OUTLET_2,PROD_008,Clothing,State_B,DEPT_01,94.0,27
2025-01-03,OUTLET_2,PROD_009,Electronics,State_B,DEPT_01,99.5,27
2025-01-03,OUTLET_2,PROD_010,Home,State_B,DEPT_01,105.0,7
2025-01-03,OUTLET_2,PROD_011,Clothing,State_B,DEPT_01,110.5,16
2025-01-03,OUTLET_2,PROD_012,Electronics,State_B,DEPT_01,116.0,19
2025-01-03,OUTLET_2,PROD_013,Home,State_B,DEPT_01,121.5,27
2025-01-03,OUTLET_2,PROD_014,Clothing,State_B,DEPT_01,127.0,31
2025-01-03,OUTLET_2,PROD_015,Electronics,State_B,DEPT_01,132.5,10
2025-01-03,OUTLET_2,PROD_016,Home,State_B,DEPT_01,138.0,12
2025-01-03,OUTLET_2,PROD_017,Clothing,State_B,DEPT_01,143.5,15
2025-01-03,OUTLET_2,PROD_018,Electronics,State_B,DEPT_01,149.0,25
2025-01-03,OUTLET_2,PROD_019,Home,State_B,DEPT_01,154.5,26
2025-01-04,OUTLET_1,PROD_000,Electronics,State_A,DEPT_01,50.0,7
2025-01-04,OUTLET_1,PROD_001,Home,State_A,DEPT_01,55.5,36
2025-01-04,OUTLET_1,PROD_002,Clothing,State_A,DEPT_01,61.0,17
2025-01-04,OUTLET_1,PROD_003,Electronics,State_A,DEPT_01,66.5,22
2025-01-04,OUTLET_1,PROD_004,Home,State_A,DEPT_01,72.0,31
2025-01-04,OUTLET_1,PROD_005,Clothing,State_A,DEPT_01,77.5,8
2025-01-04,OUTLET_1,PROD_006,Electronics,State_A,DEPT_01,83.0,10
2025-01-04,OUTLET_1,PROD_007,Home,State_A,DEPT_01,88.5,18
2025-01-04,OUTLET_1,PROD_008,Clothing,State_A,DEPT_01,94.0,23
2025-01-04,OUTLET_1,PROD_009,Electronics,State_A,DEPT_01,99.5,29
2025-01-04,OUTLET_1,PROD_010,Home,State_A,DEPT_01,105.0,5
2025-01-04,OUTLET_1,PROD_011,Clothing,State_A,DEPT_01,110.5,21
2025-01-04,OUTLET_1,PROD_012,Electronics,State_A,DEPT_01,116.0,20
2025-01-04,OUTLET_1,PROD_013,Home,State_A,DEPT_01,121.5,25
2025-01-04,OUTLET_1,PROD_014,Clothing,State_A,DEPT_01,127.0,31
2025-01-04,OUTLET_1,PROD_015,Electronics,State_A,DEPT_01,132.5,4
2025-01-04,OUTLET_1,PROD_016,Home,State_A,DEPT_01,138.0,18
2025-01-04,OUTLET_1,PROD_017,Clothing,State_A,DEPT_01,143.5,19
2025-01-04,OUTLET_1,PROD_018,Electronics,State_A,DEPT_01,149.0,23
2025-01-04,OUTLET_1,PROD_019,Home,State_A,DEPT_01,154.5,31
2025-01-04,OUTLET_2,PROD_000,Electronics,State_B,DEPT_01,50.0,6
2025-01-04,OUTLET_2,PROD_001,Home,State_B,DEPT_01,55.5,9
2025-01-04,OUTLET_2,PROD_002,Clothing,State_B,DEPT_01,61.0,25
2025-01-04,OUTLET_2,PROD_003,Electronics,State_B,DEPT_01,66.5,23
2025-01-04,OUTLET_2,PROD_004,Home,State_B,DEPT_01,72.0,25
2025-01-04,OUTLET_2,PROD_005,Clothing,State_B,DEPT_01,77.5,9
2025-01-04,OUTLET_2,PROD_006,Electronics,State_B,DEPT_01,83.0,15
2025-01-04,OUTLET_2,PROD_007,Home,State_B,DEPT_01,88.5,22
2025-01-04,OUTLET_2,PROD_008,Clothing,State_B,DEPT_01,94.0,30
2025-01-04,OUTLET_2,PROD_009,Electronics,State_B,DEPT_01,99.5,28
2025-01-04,OUTLET_2,PROD_010,Home,State_B,DEPT_01,105.0,8
2025-01-04,OUTLET_2,PROD_011,Clothing,State_B,DEPT_01,110.5,14
2025-01-04,OUTLET_2,PROD_012,Electronics,State_B,DEPT_01,116.0,18
2025-01-04,OUTLET_2,PROD_013,Home,State_B,DEPT_01,121.5,28
2025-01-04,OUTLET_2,PROD_014,Clothing,State_B,DEPT_01,127.0,29
2025-01-04,OUTLET_2,PROD_015,Electronics,State_B,DEPT_01,132.5,11
2025-01-04,OUTLET_2,PROD_016,Home,State_B,DEPT_01,138.0,24
2025-01-04,OUTLET_2,PROD_017,Clothing,State_B,DEPT_01,143.5,20
2025-01-04,OUTLET_2,PROD_018,Electronics,State_B,DEPT_01,149.0,26
2025-01-04,OUTLET_2,PROD_019,Home,State_B,DEPT_01,154.5,33
2025-01-05,OUTLET_1,PROD_000,Electronics,State_A,DEPT_01,50.0,7
2025-01-05,OUTLET_1,PROD_001,Home,State_A,DEPT_01,55.5,16
2025-01-05,OUTLET_1,PROD_002,Clothing,State_A,DEPT_01,61.0,23
2025-01-05,OUTLET_1,PROD_003,Electronics,State_A,DEPT_01,66.5,26
2025-01-05,OUTLET_1,PROD_004,Home,State_A,DEPT_01,72.0,27
2025-01-05,OUTLET_1,PROD_005,Clothing,State_A,DEPT_01,77.5,8
2025-01-05,OUTLET_1,PROD_006,Electronics,State_A,DEPT_01,83.0,10
2025-01-05,OUTLET_1,PROD_007,Home,State_A,DEPT_01,88.5,23
2025-01-05,OUTLET_1,PROD_008,Clothing,State_A,DEPT_01,94.0,22
2025-01-05,OUTLET_1,PROD_009,Electronics,State_A,DEPT_01,99.5,34
2025-01-05,OUTLET_1,PROD_010,Home,State_A,DEPT_01,105.0,7
2025-01-05,OUTLET_1,PROD_011,Clothing,State_A,DEPT_01,110.5,19
2025-01-05,OUTLET_1,PROD_012,Electronics,State_A,DEPT_01,116.0,21
2025-01-05,OUTLET_1,PROD_013,Home,State_A,DEPT_01,121.5,25
2025-01-05,OUTLET_1,PROD_014,Clothing,State_A,DEPT_01,127.0,36
2025-01-05,OUTLET_1,PROD_015,Electronics,State_A,DEPT_01,132.5,15
2025-01-05,OUTLET_1,PROD_016,Home,State_A,DEPT_01,138.0,16
2025-01-05,OUTLET_1,PROD_017,Clothing,State_A,DEPT_01,143.5,15
2025-01-05,OUTLET_1,PROD_018,Electronics,State_A,DEPT_01,149.0,27
2025-01-05,OUTLET_1,PROD_019,Home,State_A,DEPT_01,154.5,27
2025-01-05,OUTLET_2,PROD_000,Electronics,State_B,DEPT_01,50.0,12
2025-01-05,OUTLET_2,PROD_001,Home,State_B,DEPT_01,55.5,8
2025-01-05,OUTLET_2,PROD_002,Clothing,State_B,DEPT_01,61.0,18
2025-01-05,OUTLET_2,PROD_003,Electronics,State_B,DEPT_01,66.5,24
2025-01-05,OUTLET_2,PROD_004,Home,State_B,DEPT_01,72.0,29
2025-01-05,OUTLET_2,PROD_005,Clothing,State_B,DEPT_01,77.5,13
2025-01-05,OUTLET_2,PROD_006,Electronics,State_B,DEPT_01,83.0,11
2025-01-05,OUTLET_2,PROD_007,Home,State_B,DEPT_01,88.5,10
2025-01-05,OUTLET_2,PROD_008,Clothing,State_B,DEPT_01,94.0,28
2025-01-05,OUTLET_2,PROD_009,Electronics,State_B,DEPT_01,99.5,36
2025-01-05,OUTLET_2,PROD_010,Home,State_B,DEPT_01,105.0,9
2025-01-05,OUTLET_2,PROD_011,Clothing,State_B,DEPT_01,110.5,16
2025-01-05,OUTLET_2,PROD_012,Electronics,State_B,DEPT_01,116.0,21
2025-01-05,OUTLET_2,PROD_013,Home,State_B,DEPT_01,121.5,30
2025-01-05,OUTLET_2,PROD_014,Clothing,State_B,DEPT_01,127.0,33
2025-01-05,OUTLET_2,PROD_015,Electronics,State_B,DEPT_01,132.5,11
2025-01-05,OUTLET_2,PROD_016,Home,State_B,DEPT_01,138.0,11
2025-01-05,OUTLET_2,PROD_017,Clothing,State_B,DEPT_01,143.5,19
2025-01-05,OUTLET_2,PROD_018,Electronics,State_B,DEPT_01,149.0,25
2025-01-05,OUTLET_2,PROD_019,Home,State_B,DEPT_01,154.5,26
2025-01-06,OUTLET_1,PROD_000,Electronics,State_A,DEPT_01,50.0,11
2025-01-06,OUTLET_1,PROD_001,Home,State_A,DEPT_01,55.5,14
2025-01-06,OUTLET_1,PROD_002,Clothing,State_A,DEPT_01,61.0,20
2025-01-06,OUTLET_1,PROD_003,Electronics,State_A,DEPT_01,66.5,31
2025-01-06,OUTLET_1,PROD_004,Home,State_A,DEPT_01,72.0,28
2025-01-06,OUTLET_1,PROD_005,Clothing,State_A,DEPT_01,77.5,6
2025-01-06,OUTLET_1,PROD_006,Electronics,State_A,DEPT_01,83.0,19
2025-01-06,OUTLET_1,PROD_007,Home,State_A,DEPT_01,88.5,14
2025-01-06,OUTLET_1,PROD_008,Clothing,State_A,DEPT_01,94.0,27
2025-01-06,OUTLET_1,PROD_009,Electronics,State_A,DEPT_01,99.5,32
2025-01-06,OUTLET_1,PROD_010,Home,State_A,DEPT_01,105.0,8
2025-01-06,OUTLET_1,PROD_011,Clothing,State_A,DEPT_01,110.5,8
2025-01-06,OUTLET_1,PROD_012,Electronics,State_A,DEPT_01,116.0,24
2025-01-06,OUTLET_1,PROD_013,Home,State_A,DEPT_01,121.5,24
2025-01-06,OUTLET_1,PROD_014,Clothing,State_A,DEPT_01,127.0,29
2025-01-06,OUTLET_1,PROD_015,Electronics,State_A,DEPT_01,132.5,10
2025-01-06,OUTLET_1,PROD_016,Home,State_A,DEPT_01,138.0,18
2025-01-06,OUTLET_1,PROD_017,Clothing,State_A,DEPT_01,143.5,17
2025-01-06,OUTLET_1,PROD_018,Electronics,State_A,DEPT_01,149.0,64
2025-01-06,OUTLET_1,PROD_019,Home,State_A,DEPT_01,154.5,27
2025-01-06,OUTLET_2,PROD_000,Electronics,State_B,DEPT_01,50.0,10
2025-01-06,OUTLET_2,PROD_001,Home,State_B,DEPT_01,55.5,18
2025-01-06,OUTLET_2,PROD_002,Clothing,State_B,DEPT_01,61.0,20
2025-01-06,OUTLET_2,PROD_003,Electronics,State_B,DEPT_01,66.5,21
2025-01-06,OUTLET_2,PROD_004,Home,State_B,DEPT_01,72.0,24
2025-01-06,OUTLET_2,PROD_005,Clothing,State_B,DEPT_01,77.5,11
2025-01-06,OUTLET_2,PROD_006,Electronics,State_B,DEPT_01,83.0,17
2025-01-06,OUTLET_2,PROD_007,Home,State_B,DEPT_01,88.5,24
2025-01-06,OUTLET_2,PROD_008,Clothing,State_B,DEPT_01,94.0,25
2025-01-06,OUTLET_2,PROD_009,Electronics,State_B,DEPT_01,99.5,65
2025-01-06,OUTLET_2,PROD_010,Home,State_B,DEPT_01,105.0,14
2025-01-06,OUTLET_2,PROD_011,Clothing,State_B,DEPT_01,110.5,13
2025-01-06,OUTLET_2,PROD_012,Electronics,State_B,DEPT_01,116.0,18
2025-01-06,OUTLET_2,PROD_013,Home,State_B,DEPT_01,121.5,25
2025-01-06,OUTLET_2,PROD_014,Clothing,State_B,DEPT_01,127.0,31
2025-01-06,OUTLET_2,PROD_015,Electronics,State_B,DEPT_01,132.5,16
2025-01-06,OUTLET_2,PROD_016,Home,State_B,DEPT_01,138.0,20
2025-01-06,OUTLET_2,PROD_017,Clothing,State_B,DEPT_01,143.5,22
2025-01-06,OUTLET_2,PROD_018,Electronics,State_B,DEPT_01,149.0,23
2025-01-06,OUTLET_2,PROD_019,Home,State_B,DEPT_01,154.5,28
2025-01-07,OUTLET_1,PROD_000,Electronics,State_A,DEPT_01,50.0,11
2025-01-07,OUTLET_1,PROD_001,Home,State_A,DEPT_01,55.5,14
2025-01-07,OUTLET_1,PROD_002,Clothing,State_A,DEPT_01,61.0,10
2025-01-07,OUTLET_1,PROD_003,Electronics,State_A,DEPT_01,66.5,24
2025-01-07,OUTLET_1,PROD_004,Home,State_A,DEPT_01,72.0,28
2025-01-07,OUTLET_1,PROD_005,Clothing,State_A,DEPT_01,77.5,18
2025-01-07,OUTLET_1,PROD_006,Electronics,State_A,DEPT_01,83.0,19
2025-01-07,OUTLET_1,PROD_007,Home,State_A,DEPT_01,88.5,22
2025-01-07,OUTLET_1,PROD_008,Clothing,State_A,DEPT_01,94.0,25
2025-01-07,OUTLET_1,PROD_009,Electronics,State_A,DEPT_01,99.5,31
2025-01-07,OUTLET_1,PROD_010,Home,State_A,DEPT_01,105.0,11
2025-01-07,OUTLET_1,PROD_011,Clothing,State_A,DEPT_01,110.5,14
2025-01-07,OUTLET_1,PROD_012,Electronics,State_A,DEPT_01,116.0,19
2025-01-07,OUTLET_1,PROD_013,Home,State_A,DEPT_01,121.5,27
2025-01-07,OUTLET_1,PROD_014,Clothing,State_A,DEPT_01,127.0,30
2025-01-07,OUTLET_1,PROD_015,Electronics,State_A,DEPT_01,132.5,14
2025-01-07,OUTLET_1,PROD_016,Home,State_A,DEPT_01,138.0,11
2025-01-07,OUTLET_1,PROD_017,Clothing,State_A,DEPT_01,143.5,24
2025-01-07,OUTLET_1,PROD_018,Electronics,State_A,DEPT_01,149.0,27
2025-01-07,OUTLET_1,PROD_019,Home,State_A,DEPT_01,154.5,24
2025-01-07,OUTLET_2,PROD_000,Electronics,State_B,DEPT_01,50.0,15
2025-01-07,OUTLET_2,PROD_001,Home,State_B,DEPT_01,55.5,13
2025-01-07,OUTLET_2,PROD_002,Clothing,State_B,DEPT_01,61.0,23
2025-01-07,OUTLET_2,PROD_003,Electronics,State_B,DEPT_01,66.5,24
2025-01-07,OUTLET_2,PROD_004,Home,State_B,DEPT_01,72.0,26
2025-01-07,OUTLET_2,PROD_005,Clothing,State_B,DEPT_01,77.5,12
2025-01-07,OUTLET_2,PROD_006,Electronics,State_B,DEPT_01,83.0,14
2025-01-07,OUTLET_2,PROD_007,Home,State_B,DEPT_01,88.5,20
2025-01-07,OUTLET_2,PROD_008,Clothing,State_B,DEPT_01,94.0,27
2025-01-07,OUTLET_2,PROD_009,Electronics,State_B,DEPT_01,99.5,29
2025-01-07,OUTLET_2,PROD_010,Home,State_B,DEPT_01,105.0,8
2025-01-07,OUTLET_2,PROD_011,Clothing,State_B,DEPT_01,110.5,14
2025-01-07,OUTLET_2,PROD_012,Electronics,State_B,DEPT_01,116.0,16
2025-01-07,OUTLET_2,PROD_013,Home,State_B,DEPT_01,121.5,25
2025-01-07,OUTLET_2,PROD_014,Clothing,State_B,DEPT_01,127.0,31
2025-01-07,OUTLET_2,PROD_015,Electronics,State_B,DEPT_01,132.5,10
2025-01-07,OUTLET_2,PROD_016,Home,State_B,DEPT_01,138.0,17
2025-01-07,OUTLET_2,PROD_017,Clothing,State_B,DEPT_01,143.5,18
2025-01-07,OUTLET_2,PROD_018,Electronics,State_B,DEPT_01,149.0,26
2025-01-07,OUTLET_2,PROD_019,Home,State_B,DEPT_01,154.5,28
2025-01-08,OUTLET_1,PROD_000,Electronics,State_A,DEPT_01,50.0,7
2025-01-08,OUTLET_1,PROD_001,Home,State_A,DEPT_01,55.5,10
2025-01-08,OUTLET_1,PROD_002,Clothing,State_A,DEPT_01,61.0,21
2025-01-08,OUTLET_1,PROD_003,Electronics,State_A,DEPT_01,66.5,21
2025-01-08,OUTLET_1,PROD_004,Home,State_A,DEPT_01,72.0,26
2025-01-08,OUTLET_1,PROD_005,Clothing,State_A,DEPT_01,77.5,11
2025-01-08,OUTLET_1,PROD_006,Electronics,State_A,DEPT_01,83.0,19
2025-01-08,OUTLET_1,PROD_007,Home,State_A,DEPT_01,88.5,16
2025-01-08,OUTLET_1,PROD_008,Clothing,State_A,DEPT_01,94.0,26
2025-01-08,OUTLET_1,PROD_009,Electronics,State_A,DEPT_01,99.5,35
2025-01-08,OUTLET_1,PROD_010,Home,State_A,DEPT_01,105.0,6
2025-01-08,OUTLET_1,PROD_011,Clothing,State_A,DEPT_01,110.5,12
2025-01-08,OUTLET_1,PROD_012,Electronics,State_A,DEPT_01,116.0,20
2025-01-08,OUTLET_1,PROD_013,Home,State_A,DEPT_01,121.5,20
2025-01-08,OUTLET_1,PROD_014,Clothing,State_A,DEPT_01,127.0,30
2025-01-08,OUTLET_1,PROD_015,Electronics,State_A,DEPT_01,132.5,3
2025-01-08,OUTLET_1,PROD_016,Home,State_A,DEPT_01,138.0,18
2025-01-08,OUTLET_1,PROD_017,Clothing,State_A,DEPT_01,143.5,21
2025-01-08,OUTLET_1,PROD_018,Electronics,State_A,DEPT_01,149.0,31
2025-01-08,OUTLET_1,PROD_019,Home,State_A,DEPT_01,154.5,30
2025-01-08,OUTLET_2,PROD_000,Electronics,State_B,DEPT_01,50.0,5
2025-01-08,OUTLET_2,PROD_001,Home,State_B,DEPT_01,55.5,23
2025-01-08,OUTLET_2,PROD_002,Clothing,State_B,DEPT_01,61.0,22
2025-01-08,OUTLET_2,PROD_003,Electronics,State_B,DEPT_01,66.5,23
2025-01-08,OUTLET_2,PROD_004,Home,State_B,DEPT_01,72.0,30
2025-01-08,OUTLET_2,PROD_005,Clothing,State_B,DEPT_01,77.5,11
2025-01-08,OUTLET_2,PROD_006,Electronics,State_B,DEPT_01,83.0,18
2025-01-08,OUTLET_2,PROD_007,Home,State_B,DEPT_01,88.5,15
2025-01-08,OUTLET_2,PROD_008,Clothing,State_B,DEPT_01,94.0,31
2025-01-08,OUTLET_2,PROD_009,Electronics,State_B,DEPT_01,99.5,36
2025-01-08,OUTLET_2,PROD_010,Home,State_B,DEPT_01,105.0,17
2025-01-08,OUTLET_2,PROD_011,Clothing,State_B,DEPT_01,110.5,13
2025-01-08,OUTLET_2,PROD_012,Electronics,State_B,DEPT_01,116.0,22
2025-01-08,OUTLET_2,PROD_013,Home,State_B,DEPT_01,121.5,27
2025-01-08,OUTLET_2,PROD_014,Clothing,State_B,DEPT_01,127.0,32
2025-01-08,OUTLET_2,PROD_015,Electronics,State_B,DEPT_01,132.5,10
2025-01-08,OUTLET_2,PROD_016,Home,State_B,DEPT_01,138.0,17
2025-01-08,OUTLET_2,PROD_017,Clothing,State_B,DEPT_01,143.5,22
2025-01-08,OUTLET_2,PROD_018,Electronics,State_B,DEPT_01,149.0,24
2025-01-08,OUTLET_2,PROD_019,Home,State_B,DEPT_01,154.5,32
2025-01-09,OUTLET_1,PROD_000,Electronics,State_A,DEPT_01,50.0,9
2025-01-09,OUTLET_1,PROD_001,Home,State_A,DEPT_01,55.5,17
2025-01-09,OUTLET_1,PROD_002,Clothing,State_A,DEPT_01,61.0,26
2025-01-09,OUTLET_1,PROD_003,Electronics,State_A,DEPT_01,66.5,24
2025-01-09,OUTLET_1,PROD_004,Home,State_A,DEPT_01,72.0,23
2025-01-09,OUTLET_1,PROD_005,Clothing,State_A,DEPT_01,77.5,15
2025-01-09,OUTLET_1,PROD_006,Electronics,State_A,DEPT_01,83.0,17
2025-01-09,OUTLET_1,PROD_007,Home,State_A,DEPT_01,88.5,13
2025-01-09,OUTLET_1,PROD_008,Clothing,State_A,DEPT_01,94.0,18
2025-01-09,OUTLET_1,PROD_009,Electronics,State_A,DEPT_01,99.5,35
2025-01-09,OUTLET_1,PROD_010,Home,State_A,DEPT_01,105.0,8
2025-01-09,OUTLET_1,PROD_011,Clothing,State_A,DEPT_01,110.5,17
2025-01-09,OUTLET_1,PROD_012,Electronics,State_A,DEPT_01,116.0,66
2025-01-09,OUTLET_1,PROD_013,Home,State_A,DEPT_01,121.5,30
2025-01-09,OUTLET_1,PROD_014,Clothing,State_A,DEPT_01,127.0,33
2025-01-09,OUTLET_1,PROD_015,Electronics,State_A,DEPT_01,132.5,8
2025-01-09,OUTLET_1,PROD_016,Home,State_A,DEPT_01,138.0,17
2025-01-09,OUTLET_1,PROD_017,Clothing,State_A,DEPT_01,143.5,21
2025-01-09,OUTLET_1,PROD_018,Electronics,State_A,DEPT_01,149.0,24
2025-01-09,OUTLET_1,PROD_019,Home,State_A,DEPT_01,154.5,27
2025-01-09,OUTLET_2,PROD_000,Electronics,State_B,DEPT_01,50.0,13
2025-01-09,OUTLET_2,PROD_001,Home,State_B,DEPT_01,55.5,13
2025-01-09,OUTLET_2,PROD_002,Clothing,State_B,DEPT_01,61.0,22
2025-01-09,OUTLET_2,PROD_003,Electronics,State_B,DEPT_01,66.5,31
2025-01-09,OUTLET_2,PROD_004,Home,State_B,DEPT_01,72.0,25
2025-01-09,OUTLET_2,PROD_005,Clothing,State_B,DEPT_01,77.5,15
2025-01-09,OUTLET_2,PROD_006,Electronics,State_B,DEPT_01,83.0,16
2025-01-09,OUTLET_2,PROD_007,Home,State_B,DEPT_01,88.5,17
2025-01-09,OUTLET_2,PROD_008,Clothing,State_B,DEPT_01,94.0,26
2025-01-09,OUTLET_2,PROD_009,Electronics,State_B,DEPT_01,99.5,32
2025-01-09,OUTLET_2,PROD_010,Home,State_B,DEPT_01,105.0,8
2025-01-09,OUTLET_2,PROD_011,Clothing,State_B,DEPT_01,110.5,17
2025-01-09,OUTLET_2,PROD_012,Electronics,State_B,DEPT_01,116.0,25
2025-01-09,OUTLET_2,PROD_013,Home,State_B,DEPT_01,121.5,24
2025-01-09,OUTLET_2,PROD_014,Clothing,State_B,DEPT_01,127.0,60
2025-01-09,OUTLET_2,PROD_015,Electronics,State_B,DEPT_01,132.5,10
2025-01-09,OUTLET_2,PROD_016,Home,State_B,DEPT_01,138.0,14
2025-01-09,OUTLET_2,PROD_017,Clothing,State_B,DEPT_01,143.5,23
2025-01-09,OUTLET_2,PROD_018,Electronics,State_B,DEPT_01,149.0,21
2025-01-09,OUTLET_2,PROD_019,Home,State_B,DEPT_01,154.5,35
2025-01-10,OUTLET_1,PROD_000,Electronics,State_A,DEPT_01,50.0,12
2025-01-10,OUTLET_1,PROD_001,Home,State_A,DEPT_01,55.5,19
2025-01-10,OUTLET_1,PROD_002,Clothing,State_A,DEPT_01,61.0,16
2025-01-10,OUTLET_1,PROD_003,Electronics,State_A,DEPT_01,66.5,17
2025-01-10,OUTLET_1,PROD_004,Home,State_A,DEPT_01,72.0,32
2025-01-10,OUTLET_1,PROD_005,Clothing,State_A,DEPT_01,77.5,6
2025-01-10,OUTLET_1,PROD_006,Electronics,State_A,DEPT_01,83.0,18
2025-01-10,OUTLET_1,PROD_007,Home,State_A,DEPT_01,88.5,18
2025-01-10,OUTLET_1,PROD_008,Clothing,State_A,DEPT_01,94.0,26
2025-01-10,OUTLET_1,PROD_009,Electronics,State_A,DEPT_01,99.5,26
2025-01-10,OUTLET_1,PROD_010,Home,State_A,DEPT_01,105.0,14
2025-01-10,OUTLET_1,PROD_011,Clothing,State_A,DEPT_01,110.5,16
2025-01-10,OUTLET_1,PROD_012,Electronics,State_A,DEPT_01,116.0,17
2025-01-10,OUTLET_1,PROD_013,Home,State_A,DEPT_01,121.5,22
2025-01-10,OUTLET_1,PROD_014,Clothing,State_A,DEPT_01,127.0,29
2025-01-10,OUTLET_1,PROD_015,Electronics,State_A,DEPT_01,132.5,14
2025-01-10,OUTLET_1,PROD_016,Home,State_A,DEPT_01,138.0,19
2025-01-10,OUTLET_1,PROD_017,Clothing,State_A,DEPT_01,143.5,19
2025-01-10,OUTLET_1,PROD_018,Electronics,State_A,DEPT_01,149.0,26
2025-01-10,OUTLET_1,PROD_019,Home,State_A,DEPT_01,154.5,36
2025-01-10,OUTLET_2,PROD_000,Electronics,State_B,DEPT_01,50.0,15
2025-01-10,OUTLET_2,PROD_001,Home,State_B,DEPT_01,55.5,15
2025-01-10,OUTLET_2,PROD_002,Clothing,State_B,DEPT_01,61.0,21
2025-01-10,OUTLET_2,PROD_003,Electronics,State_B,DEPT_01,66.5,25
2025-01-10,OUTLET_2,PROD_004,Home,State_B,DEPT_01,72.0,35
2025-01-10,OUTLET_2,PROD_005,Clothing,State_B,DEPT_01,77.5,11
2025-01-10,OUTLET_2,PROD_006,Electronics,State_B,DEPT_01,83.0,15
2025-01-10,OUTLET_2,PROD_007,Home,State_B,DEPT_01,88.5,23
2025-01-10,OUTLET_2,PROD_008,Clothing,State_B,DEPT_01,94.0,25
2025-01-10,OUTLET_2,PROD_009,Electronics,State_B,DEPT_01,99.5,26
2025-01-10,OUTLET_2,PROD_010,Home,State_B,DEPT_01,105.0,13
2025-01-10,OUTLET_2,PROD_011,Clothing,State_B,DEPT_01,110.5,16
2025-01-10,OUTLET_2,PROD_012,Electronics,State_B,DEPT_01,116.0,24
2025-01-10,OUTLET_2,PROD_013,Home,State_B,DEPT_01,121.5,27
2025-01-10,OUTLET_2,PROD_014,Clothing,State_B,DEPT_01,127.0,30
2025-01-10,OUTLET_2,PROD_015,Electronics,State_B,DEPT_01,132.5,7
2025-01-10,OUTLET_2,PROD_016,Home,State_B,DEPT_01,138.0,19
2025-01-10,OUTLET_2,PROD_017,Clothing,State_B,DEPT_01,143.5,23
2025-01-10,OUTLET_2,PROD_018,Electronics,State_B,DEPT_01,149.0,26
2025-01-10,OUTLET_2,PROD_019,Home,State_B,DEPT_01,154.5,33
2025-01-11,OUTLET_1,PROD_000,Electronics,State_A,DEPT_01,50.0,6
2025-01-11,OUTLET_1,PROD_001,Home,State_A,DEPT_01,55.5,19
2025-01-11,OUTLET_1,PROD_002,Clothing,State_A,DEPT_01,61.0,24
2025-01-11,OUTLET_1,PROD_003,Electronics,State_A,DEPT_01,66.5,23
2025-01-11,OUTLET_1,PROD_004,Home,State_A,DEPT_01,72.0,29
2025-01-11,OUTLET_1,PROD_005,Clothing,State_A,DEPT_01,77.5,53
2025-01-11,OUTLET_1,PROD_006,Electronics,State_A,DEPT_01,83.0,14
2025-01-11,OUTLET_1,PROD_007,Home,State_A,DEPT_01,88.5,24
2025-01-11,OUTLET_1,PROD_008,Clothing,State_A,DEPT_01,94.0,32
2025-01-11,OUTLET_1,PROD_009,Electronics,State_A,DEPT_01,99.5,32
2025-01-11,OUTLET_1,PROD_010,Home,State_A,DEPT_01,105.0,7
2025-01-11,OUTLET_1,PROD_011,Clothing,State_A,DEPT_01,110.5,16
2025-01-11,OUTLET_1,PROD_012,Electronics,State_A,DEPT_01,116.0,16
2025-01-11,OUTLET_1,PROD_013,Home,State_A,DEPT_01,121.5,27
2025-01-11,OUTLET_1,PROD_014,Clothing,State_A,DEPT_01,127.0,29
2025-01-11,OUTLET_1,PROD_015,Electronics,State_A,DEPT_01,132.5,12
2025-01-11,OUTLET_1,PROD_016,Home,State_A,DEPT_01,138.0,20
2025-01-11,OUTLET_1,PROD_017,Clothing,State_A,DEPT_01,143.5,25
2025-01-11,OUTLET_1,PROD_018,Electronics,State_A,DEPT_01,149.0,25
2025-01-11,OUTLET_1,PROD_019,Home,State_A,DEPT_01,154.5,33
2025-01-11,OUTLET_2,PROD_000,Electronics,State_B,DEPT_01,50.0,9
2025-01-11,OUTLET_2,PROD_001,Home,State_B,DEPT_01,55.5,16
2025-01-11,OUTLET_2,PROD_002,Clothing,State_B,DEPT_01,61.0,16
2025-01-11,OUTLET_2,PROD_003,Electronics,State_B,DEPT_01,66.5,23
2025-01-11,OUTLET_2,PROD_004,Home,State_B,DEPT_01,72.0,32
2025-01-11,OUTLET_2,PROD_005,Clothing,State_B,DEPT_01,77.5,5
2025-01-11,OUTLET_2,PROD_006,Electronics,State_B,DEPT_01,83.0,16
2025-01-11,OUTLET_2,PROD_007,Home,State_B,DEPT_01,88.5,21
2025-01-11,OUTLET_2,PROD_008,Clothing,State_B,DEPT_01,94.0,27
2025-01-11,OUTLET_2,PROD_009,Electronics,State_B,DEPT_01,99.5,26
2025-01-11,OUTLET_2,PROD_010,Home,State_B,DEPT_01,105.0,5
2025-01-11,OUTLET_2,PROD_011,Clothing,State_B,DEPT_01,110.5,18
2025-01-11,OUTLET_2,PROD_012,Electronics,State_B,DEPT_01,116.0,21
2025-01-11,OUTLET_2,PROD_013,Home,State_B,DEPT_01,121.5,24
2025-01-11,OUTLET_2,PROD_014,Clothing,State_B,DEPT_01,127.0,26
2025-01-11,OUTLET_2,PROD_015,Electronics,State_B,DEPT_01,132.5,9
2025-01-11,OUTLET_2,PROD_016,Home,State_B,DEPT_01,138.0,12
2025-01-11,OUTLET_2,PROD_017,Clothing,State_B,DEPT_01,143.5,23
2025-01-11,OUTLET_2,PROD_018,Electronics,State_B,DEPT_01,149.0,21
2025-01-11,OUTLET_2,PROD_019,Home,State_B,DEPT_01,154.5,30
2025-01-12,OUTLET_1,PROD_000,Electronics,State_A,DEPT_01,50.0,13
2025-01-12,OUTLET_1,PROD_001,Home,State_A,DEPT_01,55.5,17
2025-01-12,OUTLET_1,PROD_002,Clothing,State_A,DEPT_01,61.0,19
2025-01-12,OUTLET_1,PROD_003,Electronics,State_A,DEPT_01,66.5,27
2025-01-12,OUTLET_1,PROD_004,Home,State_A,DEPT_01,72.0,33
2025-01-12,OUTLET_1,PROD_005,Clothing,State_A,DEPT_01,77.5,11
2025-01-12,OUTLET_1,PROD_006,Electronics,State_A,DEPT_01,83.0,17
2025-01-12,OUTLET_1,PROD_007,Home,State_A,DEPT_01,88.5,20
2025-01-12,OUTLET_1,PROD_008,Clothing,State_A,DEPT_01,94.0,29
2025-01-12,OUTLET_1,PROD_009,Electronics,State_A,DEPT_01,99.5,30
2025-01-12,OUTLET_1,PROD_010,Home,State_A,DEPT_01,105.0,6
2025-01-12,OUTLET_1,PROD_011,Clothing,State_A,DEPT_01,110.5,17
2025-01-12,OUTLET_1,PROD_012,Electronics,State_A,DEPT_01,116.0,17
2025-01-12,OUTLET_1,PROD_013,Home,State_A,DEPT_01,121.5,29
2025-01-12,OUTLET_1,PROD_014,Clothing,State_A,DEPT_01,127.0,32
2025-01-12,OUTLET_1,PROD_015,Electronics,State_A,DEPT_01,132.5,5
2025-01-12,OUTLET_1,PROD_016,Home,State_A,DEPT_01,138.0,18
2025-01-12,OUTLET_1,PROD_017,Clothing,State_A,DEPT_01,143.5,21
2025-01-12,OUTLET_1,PROD_018,Electronics,State_A,DEPT_01,149.0,28
2025-01-12,OUTLET_1,PROD_019,Home,State_A,DEPT_01,154.5,70
2025-01-12,OUTLET_2,PROD_000,Electronics,State_B,DEPT_01,50.0,10
2025-01-12,OUTLET_2,PROD_001,Home,State_B,DEPT_01,55.5,14
2025-01-12,OUTLET_2,PROD_002,Clothing,State_B,DEPT_01,61.0,18
2025-01-12,OUTLET_2,PROD_003,Electronics,State_B,DEPT_01,66.5,25
2025-01-12,OUTLET_2,PROD_004,Home,State_B,DEPT_01,72.0,25
2025-01-12,OUTLET_2,PROD_005,Clothing,State_B,DEPT_01,77.5,10
2025-01-12,OUTLET_2,PROD_006,Electronics,State_B,DEPT_01,83.0,11
2025-01-12,OUTLET_2,PROD_007,Home,State_B,DEPT_01,88.5,22
2025-01-12,OUTLET_2,PROD_008,Clothing,State_B,DEPT_01,94.0,25
2025-01-12,OUTLET_2,PROD_009,Electronics,State_B,DEPT_01,99.5,28
2025-01-12,OUTLET_2,PROD_010,Home,State_B,DEPT_01,105.0,9
2025-01-12,OUTLET_2,PROD_011,Clothing,State_B,DEPT_01,110.5,51
2025-01-12,OUTLET_2,PROD_012,Electronics,State_B,DEPT_01,116.0,49
2025-01-12,OUTLET_2,PROD_013,Home,State_B,DEPT_01,121.5,72
2025-01-12,OUTLET_2,PROD_014,Clothing,State_B,DEPT_01,127.0,34
2025-01-12,OUTLET_2,PROD_015,Electronics,State_B,DEPT_01,132.5,10
2025-01-12,OUTLET_2,PROD_016,Home,State_B,DEPT_01,138.0,14
2025-01-12,OUTLET_2,PROD_017,Clothing,State_B,DEPT_01,143.5,20
2025-01-12,OUTLET_2,PROD_018,Electronics,State_B,DEPT_01,149.0,27
2025-01-12,OUTLET_2,PROD_019,Home,State_B,DEPT_01,154.5,34
2025-01-13,OUTLET_1,PROD_000,Electronics,State_A,DEPT_01,50.0,13
2025-01-13,OUTLET_1,PROD_001,Home,State_A,DEPT_01,55.5,23
2025-01-13,OUTLET_1,PROD_002,Clothing,State_A,DEPT_01,61.0,21
2025-01-13,OUTLET_1,PROD_003,Electronics,State_A,DEPT_01,66.5,26
2025-01-13,OUTLET_1,PROD_004,Home,State_A,DEPT_01,72.0,35
2025-01-13,OUTLET_1,PROD_005,Clothing,State_A,DEPT_01,77.5,13
2025-01-13,OUTLET_1,PROD_006,Electronics,State_A,DEPT_01,83.0,15
2025-01-13,OUTLET_1,PROD_007,Home,State_A,DEPT_01,88.5,24
2025-01-13,OUTLET_1,PROD_008,Clothing,State_A,DEPT_01,94.0,24
2025-01-13,OUTLET_1,PROD_009,Electronics,State_A,DEPT_01,99.5,31
2025-01-13,OUTLET_1,PROD_010,Home,State_A,DEPT_01,105.0,12
2025-01-13,OUTLET_1,PROD_011,Clothing,State_A,DEPT_01,110.5,15
2025-01-13,OUTLET_1,PROD_012,Electronics,State_A,DEPT_01,116.0,20
2025-01-13,OUTLET_1,PROD_013,Home,State_A,DEPT_01,121.5,26
2025-01-13,OUTLET_1,PROD_014,Clothing,State_A,DEPT_01,127.0,31
2025-01-13,OUTLET_1,PROD_015,Electronics,State_A,DEPT_01,132.5,14
2025-01-13,OUTLET_1,PROD_016,Home,State_A,DEPT_01,138.0,17
2025-01-13,OUTLET_1,PROD_017,Clothing,State_A,DEPT_01,143.5,27
2025-01-13,OUTLET_1,PROD_018,Electronics,State_A,DEPT_01,149.0,29
2025-01-13,OUTLET_1,PROD_019,Home,State_A,DEPT_01,154.5,31
2025-01-13,OUTLET_2,PROD_000,Electronics,State_B,DEPT_01,50.0,9
2025-01-13,OUTLET_2,PROD_001,Home,State_B,DEPT_01,55.5,13
2025-01-13,OUTLET_2,PROD_002,Clothing,State_B,DEPT_01,61.0,22
2025-01-13,OUTLET_2,PROD_003,Electronics,State_B,DEPT_01,66.5,24
2025-01-13,OUTLET_2,PROD_004,Home,State_B,DEPT_01,72.0,30
2025-01-13,OUTLET_2,PROD_005,Clothing,State_B,DEPT_01,77.5,12
2025-01-13,OUTLET_2,PROD_006,Electronics,State_B,DEPT_01,83.0,14
2025-01-13,OUTLET_2,PROD_007,Home,State_B,DEPT_01,88.5,23
2025-01-13,OUTLET_2,PROD_008,Clothing,State_B,DEPT_01,94.0,30
2025-01-13,OUTLET_2,PROD_009,Electronics,State_B,DEPT_01,99.5,32
2025-01-13,OUTLET_2,PROD_010,Home,State_B,DEPT_01,105.0,10
2025-01-13,OUTLET_2,PROD_011,Clothing,State_B,DEPT_01,110.5,14
2025-01-13,OUTLET_2,PROD_012,Electronics,State_B,DEPT_01,116.0,20
2025-01-13,OUTLET_2,PROD_013,Home,State_B,DEPT_01,121.5,26
2025-01-13,OUTLET_2,PROD_014,Clothing,State_B,DEPT_01,127.0,34
2025-01-13,OUTLET_2,PROD_015,Electronics,State_B,DEPT_01,132.5,10
2025-01-13,OUTLET_2,PROD_016,Home,State_B,DEPT_01,138.0,18
2025-01-13,OUTLET_2,PROD_017,Clothing,State_B,DEPT_01,143.5,23
2025-01-13,OUTLET_2,PROD_018,Electronics,State_B,DEPT_01,149.0,28
2025-01-13,OUTLET_2,PROD_019,Home,State_B,DEPT_01,154.5,34
2025-01-14,OUTLET_1,PROD_000,Electronics,State_A,DEPT_01,50.0,17
2025-01-14,OUTLET_1,PROD_001,Home,State_A,DEPT_01,55.5,13
2025-01-14,OUTLET_1,PROD_002,Clothing,State_A,DEPT_01,61.0,24
2025-01-14,OUTLET_1,PROD_003,Electronics,State_A,DEPT_01,66.5,24
2025-01-14,OUTLET_1,PROD_004,Home,State_A,DEPT_01,72.0,30
2025-01-14,OUTLET_1,PROD_005,Clothing,State_A,DEPT_01,77.5,7
2025-01-14,OUTLET_1,PROD_006,Electronics,State_A,DEPT_01,83.0,16
2025-01-14,OUTLET_1,PROD_007,Home,State_A,DEPT_01,88.5,24
2025-01-14,OUTLET_1,PROD_008,Clothing,State_A,DEPT_01,94.0,27
2025-01-14,OUTLET_1,PROD_009,Electronics,State_A,DEPT_01,99.5,32
2025-01-14,OUTLET_1,PROD_010,Home,State_A,DEPT_01,105.0,5
2025-01-14,OUTLET_1,PROD_011,Clothing,State_A,DEPT_01,110.5,14
2025-01-14,OUTLET_1,PROD_012,Electronics,State_A,DEPT_01,116.0,18
2025-01-14,OUTLET_1,PROD_013,Home,State_A,DEPT_01,121.5,28
2025-01-14,OUTLET_1,PROD_014,Clothing,State_A,DEPT_01,127.0,27
2025-01-14,OUTLET_1,PROD_015,Electronics,State_A,DEPT_01,132.5,18
2025-01-14,OUTLET_1,PROD_016,Home,State_A,DEPT_01,138.0,15
2025-01-14,OUTLET_1,PROD_017,Clothing,State_A,DEPT_01,143.5,17
2025-01-14,OUTLET_1,PROD_018,Electronics,State_A,DEPT_01,149.0,24
2025-01-14,OUTLET_1,PROD_019,Home,State_A,DEPT_01,154.5,34
2025-01-14,OUTLET_2,PROD_000,Electronics,State_B,DEPT_01,50.0,10
2025-01-14,OUTLET_2,PROD_001,Home,State_B,DEPT_01,55.5,12
2025-01-14,OUTLET_2,PROD_002,Clothing,State_B,DEPT_01,61.0,16
2025-01-14,OUTLET_2,PROD_003,Electronics,State_B,DEPT_01,66.5,28
2025-01-14,OUTLET_2,PROD_004,Home,State_B,DEPT_01,72.0,32
2025-01-14,OUTLET_2,PROD_005,Clothing,State_B,DEPT_01,77.5,8
2025-01-14,OUTLET_2,PROD_006,Electronics,State_B,DEPT_01,83.0,17
2025-01-14,OUTLET_2,PROD_007,Home,State_B,DEPT_01,88.5,21
2025-01-14,OUTLET_2,PROD_008,Clothing,State_B,DEPT_01,94.0,23
2025-01-14,OUTLET_2,PROD_009,Electronics,State_B,DEPT_01,99.5,36
2025-01-14,OUTLET_2,PROD_010,Home,State_B,DEPT_01,105.0,14
2025-01-14,OUTLET_2,PROD_011,Clothing,State_B,DEPT_01,110.5,18
2025-01-14,OUTLET_2,PROD_012,Electronics,State_B,DEPT_01,116.0,24
2025-01-14,OUTLET_2,PROD_013,Home,State_B,DEPT_01,121.5,28
2025-01-14,OUTLET_2,PROD_014,Clothing,State_B,DEPT_01,127.0,30
2025-01-14,OUTLET_2,PROD_015,Electronics,State_B,DEPT_01,132.5,11
2025-01-14,OUTLET_2,PROD_016,Home,State_B,DEPT_01,138.0,19
2025-01-14,OUTLET_2,PROD_017,Clothing,State_B,DEPT_01,143.5,19
2025-01-14,OUTLET_2,PROD_018,Electronics,State_B,DEPT_01,149.0,29
2025-01-14,OUTLET_2,PROD_019,Home,State_B,DEPT_01,154.5,31
2025-01-15,OUTLET_1,PROD_000,Electronics,State_A,DEPT_01,50.0,7
2025-01-15,OUTLET_1,PROD_001,Home,State_A,DEPT_01,55.5,12
2025-01-15,OUTLET_1,PROD_002,Clothing,State_A,DEPT_01,61.0,24
2025-01-15,OUTLET_1,PROD_003,Electronics,State_A,DEPT_01,66.5,27
2025-01-15,OUTLET_1,PROD_004,Home,State_A,DEPT_01,72.0,31
2025-01-15,OUTLET_1,PROD_005,Clothing,State_A,DEPT_01,77.5,13
2025-01-15,OUTLET_1,PROD_006,Electronics,State_A,DEPT_01,83.0,17
2025-01-15,OUTLET_1,PROD_007,Home,State_A,DEPT_01,88.5,20
2025-01-15,OUTLET_1,PROD_008,Clothing,State_A,DEPT_01,94.0,27
2025-01-15,OUTLET_1,PROD_009,Electronics,State_A,DEPT_01,99.5,35
2025-01-15,OUTLET_1,PROD_010,Home,State_A,DEPT_01,105.0,17
2025-01-15,OUTLET_1,PROD_011,Clothing,State_A,DEPT_01,110.5,19
2025-01-15,OUTLET_1,PROD_012,Electronics,State_A,DEPT_01,116.0,26
2025-01-15,OUTLET_1,PROD_013,Home,State_A,DEPT_01,121.5,24
2025-01-15,OUTLET_1,PROD_014,Clothing,State_A,DEPT_01,127.0,38
2025-01-15,OUTLET_1,PROD_015,Electronics,State_A,DEPT_01,132.5,10
2025-01-15,OUTLET_1,PROD_016,Home,State_A,DEPT_01,138.0,17
2025-01-15,OUTLET_1,PROD_017,Clothing,State_A,DEPT_01,143.5,22
2025-01-15,OUTLET_1,PROD_018,Electronics,State_A,DEPT_01,149.0,22
2025-01-15,OUTLET_1,PROD_019,Home,State_A,DEPT_01,154.5,34
2025-01-15,OUTLET_2,PROD_000,Electronics,State_B,DEPT_01,50.0,10
2025-01-15,OUTLET_2,PROD_001,Home,State_B,DEPT_01,55.5,13
2025-01-15,OUTLET_2,PROD_002,Clothing,State_B,DEPT_01,61.0,22
2025-01-15,OUTLET_2,PROD_003,Electronics,State_B,DEPT_01,66.5,25
2025-01-15,OUTLET_2,PROD_004,Home,State_B,DEPT_01,72.0,34
2025-01-15,OUTLET_2,PROD_005,Clothing,State_B,DEPT_01,77.5,10
2025-01-15,OUTLET_2,PROD_006,Electronics,State_B,DEPT_01,83.0,16
2025-01-15,OUTLET_2,PROD_007,Home,State_B,DEPT_01,88.5,26
2025-01-15,OUTLET_2,PROD_008,Clothing,State_B,DEPT_01,94.0,25
2025-01-15,OUTLET_2,PROD_009,Electronics,State_B,DEPT_01,99.5,31
2025-01-15,OUTLET_2,PROD_010,Home,State_B,DEPT_01,105.0,15
2025-01-15,OUTLET_2,PROD_011,Clothing,State_B,DEPT_01,110.5,62
2025-01-15,OUTLET_2,PROD_012,Electronics,State_B,DEPT_01,116.0,25
2025-01-15,OUTLET_2,PROD_013,Home,State_B,DEPT_01,121.5,30
2025-01-15,OUTLET_2,PROD_014,Clothing,State_B,DEPT_01,127.0,32
2025-01-15,OUTLET_2,PROD_015,Electronics,State_B,DEPT_01,132.5,12
2025-01-15,OUTLET_2,PROD_016,Home,State_B,DEPT_01,138.0,16
2025-01-15,OUTLET_2,PROD_017,Clothing,State_B,DEPT_01,143.5,24
2025-01-15,OUTLET_2,PROD_018,Electronics,State_B,DEPT_01,149.0,28
2025-01-15,OUTLET_2,PROD_019,Home,State_B,DEPT_01,154.5,22
2025-01-16,OUTLET_1,PROD_000,Electronics,State_A,DEPT_01,50.0,10
2025-01-16,OUTLET_1,PROD_001,Home,State_A,DEPT_01,55.5,13
2025-01-16,OUTLET_1,PROD_002,Clothing,State_A,DEPT_01,61.0,17
2025-01-16,OUTLET_1,PROD_003,Electronics,State_A,DEPT_01,66.5,29
2025-01-16,OUTLET_1,PROD_004,Home,State_A,DEPT_01,72.0,31
2025-01-16,OUTLET_1,PROD_005,Clothing,State_A,DEPT_01,77.5,12
2025-01-16,OUTLET_1,PROD_006,Electronics,State_A,DEPT_01,83.0,16
2025-01-16,OUTLET_1,PROD_007,Home,State_A,DEPT_01,88.5,17
2025-01-16,OUTLET_1,PROD_008,Clothing,State_A,DEPT_01,94.0,21
2025-01-16,OUTLET_1,PROD_009,Electronics,State_A,DEPT_01,99.5,30
2025-01-16,OUTLET_1,PROD_010,Home,State_A,DEPT_01,105.0,10
2025-01-16,OUTLET_1,PROD_011,Clothing,State_A,DEPT_01,110.5,15
2025-01-16,OUTLET_1,PROD_012,Electronics,State_A,DEPT_01,116.0,20
2025-01-16,OUTLET_1,PROD_013,Home,State_A,DEPT_01,121.5,32
2025-01-16,OUTLET_1,PROD_014,Clothing,State_A,DEPT_01,127.0,34
2025-01-16,OUTLET_1,PROD_015,Electronics,State_A,DEPT_01,132.5,12
2025-01-16,OUTLET_1,PROD_016,Home,State_A,DEPT_01,138.0,16
2025-01-16,OUTLET_1,PROD_017,Clothing,State_A,DEPT_01,143.5,21
2025-01-16,OUTLET_1,PROD_018,Electronics,State_A,DEPT_01,149.0,28
2025-01-16,OUTLET_1,PROD_019,Home,State_A,DEPT_01,154.5,31
2025-01-16,OUTLET_2,PROD_000,Electronics,State_B,DEPT_01,50.0,14
2025-01-16,OUTLET_2,PROD_001,Home,State_B,DEPT_01,55.5,17
2025-01-16,OUTLET_2,PROD_002,Clothing,State_B,DEPT_01,61.0,27
2025-01-16,OUTLET_2,PROD_003,Electronics,State_B,DEPT_01,66.5,25
2025-01-16,OUTLET_2,PROD_004,Home,State_B,DEPT_01,72.0,34
2025-01-16,OUTLET_2,PROD_005,Clothing,State_B,DEPT_01,77.5,8
2025-01-16,OUTLET_2,PROD_006,Electronics,State_B,DEPT_01,83.0,14
2025-01-16,OUTLET_2,PROD_007,Home,State_B,DEPT_01,88.5,27
2025-01-16,OUTLET_2,PROD_008,Clothing,State_B,DEPT_01,94.0,28
2025-01-16,OUTLET_2,PROD_009,Electronics,State_B,DEPT_01,99.5,32
2025-01-16,OUTLET_2,PROD_010,Home,State_B,DEPT_01,105.0,18
2025-01-16,OUTLET_2,PROD_011,Clothing,State_B,DEPT_01,110.5,16
2025-01-16,OUTLET_2,PROD_012,Electronics,State_B,DEPT_01,116.0,24
2025-01-16,OUTLET_2,PROD_013,Home,State_B,DEPT_01,121.5,29
2025-01-16,OUTLET_2,PROD_014,Clothing,State_B,DEPT_01,127.0,36
2025-01-16,OUTLET_2,PROD_015,Electronics,State_B,DEPT_01,132.5,7
2025-01-16,OUTLET_2,PROD_016,Home,State_B,DEPT_01,138.0,16
2025-01-16,OUTLET_2,PROD_017,Clothing,State_B,DEPT_01,143.5,22
2025-01-16,OUTLET_2,PROD_018,Electronics,State_B,DEPT_01,149.0,31
2025-01-16,OUTLET_2,PROD_019,Home,State_B,DEPT_01,154.5,32
2025-01-17,OUTLET_1,PROD_000,Electronics,State_A,DEPT_01,50.0,15
2025-01-17,OUTLET_1,PROD_001,Home,State_A,DEPT_01,55.5,12
2025-01-17,OUTLET_1,PROD_002,Clothing,State_A,DEPT_01,61.0,20
2025-01-17,OUTLET_1,PROD_003,Electronics,State_A,DEPT_01,66.5,30
2025-01-17,OUTLET_1,PROD_004,Home,State_A,DEPT_01,72.0,30
2025-01-17,OUTLET_1,PROD_005,Clothing,State_A,DEPT_01,77.5,11
2025-01-17,OUTLET_1,PROD_006,Electronics,State_A,DEPT_01,83.0,21
2025-01-17,OUTLET_1,PROD_007,Home,State_A,DEPT_01,88.5,18
2025-01-17,OUTLET_1,PROD_008,Clothing,State_A,DEPT_01,94.0,24
2025-01-17,OUTLET_1,PROD_009,Electronics,State_A,DEPT_01,99.5,27
2025-01-17,OUTLET_1,PROD_010,Home,State_A,DEPT_01,105.0,16
2025-01-17,OUTLET_1,PROD_011,Clothing,State_A,DEPT_01,110.5,19
2025-01-17,OUTLET_1,PROD_012,Electronics,State_A,DEPT_01,116.0,24
2025-01-17,OUTLET_1,PROD_013,Home,State_A,DEPT_01,121.5,25
2025-01-17,OUTLET_1,PROD_014,Clothing,State_A,DEPT_01,127.0,27
2025-01-17,OUTLET_1,PROD_015,Electronics,State_A,DEPT_01,132.5,6
2025-01-17,OUTLET_1,PROD_016,Home,State_A,DEPT_01,138.0,20
2025-01-17,OUTLET_1,PROD_017,Clothing,State_A,DEPT_01,143.5,23
2025-01-17,OUTLET_1,PROD_018,Electronics,State_A,DEPT_01,149.0,28
2025-01-17,OUTLET_1,PROD_019,Home,State_A,DEPT_01,154.5,32
2025-01-17,OUTLET_2,PROD_000,Electronics,State_B,DEPT_01,50.0,9
2025-01-17,OUTLET_2,PROD_001,Home,State_B,DEPT_01,55.5,15
2025-01-17,OUTLET_2,PROD_002,Clothing,State_B,DEPT_01,61.0,18
2025-01-17,OUTLET_2,PROD_003,Electronics,State_B,DEPT_01,66.5,23
2025-01-17,OUTLET_2,PROD_004,Home,State_B,DEPT_01,72.0,34
2025-01-17,OUTLET_2,PROD_005,Clothing,State_B,DEPT_01,77.5,6
2025-01-17,OUTLET_2,PROD_006,Electronics,State_B,DEPT_01,83.0,13
2025-01-17,OUTLET_2,PROD_007,Home,State_B,DEPT_01,88.5,20
2025-01-17,OUTLET_2,PROD_008,Clothing,State_B,DEPT_01,94.0,26
2025-01-17,OUTLET_2,PROD_009,Electronics,State_B,DEPT_01,99.5,27
2025-01-17,OUTLET_2,PROD_010,Home,State_B,DEPT_01,105.0,6
2025-01-17,OUTLET_2,PROD_011,Clothing,State_B,DEPT_01,110.5,17
2025-01-17,OUTLET_2,PROD_012,Electronics,State_B,DEPT_01,116.0,22
2025-01-17,OUTLET_2,PROD_013,Home,State_B,DEPT_01,121.5,30
2025-01-17,OUTLET_2,PROD_014,Clothing,State_B,DEPT_01,127.0,31
2025-01-17,OUTLET_2,PROD_015,Electronics,State_B,DEPT_01,132.5,13
2025-01-17,OUTLET_2,PROD_016,Home,State_B,DEPT_01,138.0,14
2025-01-17,OUTLET_2,PROD_017,Clothing,State_B,DEPT_01,143.5,19
2025-01-17,OUTLET_2,PROD_018,Electronics,State_B,DEPT_01,149.0,22
2025-01-17,OUTLET_2,PROD_019,Home,State_B,DEPT_01,154.5,29
2025-01-18,OUTLET_1,PROD_000,Electronics,State_A,DEPT_01,50.0,10
2025-01-18,OUTLET_1,PROD_001,Home,State_A,DEPT_01,55.5,20
2025-01-18,OUTLET_1,PROD_002,Clothing,State_A,DEPT_01,61.0,19
2025-01-18,OUTLET_1,PROD_003,Electronics,State_A,DEPT_01,66.5,32
2025-01-18,OUTLET_1,PROD_004,Home,State_A,DEPT_01,72.0,33
2025-01-18,OUTLET_1,PROD_005,Clothing,State_A,DEPT_01,77.5,12
2025-01-18,OUTLET_1,PROD_006,Electronics,State_A,DEPT_01,83.0,16
2025-01-18,OUTLET_1,PROD_007,Home,State_A,DEPT_01,88.5,21
2025-01-18,OUTLET_1,PROD_008,Clothing,State_A,DEPT_01,94.0,24
2025-01-18,OUTLET_1,PROD_009,Electronics,State_A,DEPT_01,99.5,27
2025-01-18,OUTLET_1,PROD_010,Home,State_A,DEPT_01,105.0,9
2025-01-18,OUTLET_1,PROD_011,Clothing,State_A,DEPT_01,110.5,21
2025-01-18,OUTLET_1,PROD_012,Electronics,State_A,DEPT_01,116.0,23
2025-01-18,OUTLET_1,PROD_013,Home,State_A,DEPT_01,121.5,31
2025-01-18,OUTLET_1,PROD_014,Clothing,State_A,DEPT_01,127.0,29
2025-01-18,OUTLET_1,PROD_015,Electronics,State_A,DEPT_01,132.5,8
2025-01-18,OUTLET_1,PROD_016,Home,State_A,DEPT_01,138.0,16
2025-01-18,OUTLET_1,PROD_017,Clothing,State_A,DEPT_01,143.5,19
2025-01-18,OUTLET_1,PROD_018,Electronics,State_A,DEPT_01,149.0,27
2025-01-18,OUTLET_1,PROD_019,Home,State_A,DEPT_01,154.5,26
2025-01-18,OUTLET_2,PROD_000,Electronics,State_B,DEPT_01,50.0,5
2025-01-18,OUTLET_2,PROD_001,Home,State_B,DEPT_01,55.5,17
2025-01-18,OUTLET_2,PROD_002,Clothing,State_B,DEPT_01,61.0,26
2025-01-18,OUTLET_2,PROD_003,Electronics,State_B,DEPT_01,66.5,27
2025-01-18,OUTLET_2,PROD_004,Home,State_B,DEPT_01,72.0,33
2025-01-18,OUTLET_2,PROD_005,Clothing,State_B,DEPT_01,77.5,11
2025-01-18,OUTLET_2,PROD_006,Electronics,State_B,DEPT_01,83.0,17
2025-01-18,OUTLET_2,PROD_007,Home,State_B,DEPT_01,88.5,17
2025-01-18,OUTLET_2,PROD_008,Clothing,State_B,DEPT_01,94.0,24
2025-01-18,OUTLET_2,PROD_009,Electronics,State_B,DEPT_01,99.5,35
2025-01-18,OUTLET_2,PROD_010,Home,State_B,DEPT_01,105.0,35
2025-01-18,OUTLET_2,PROD_011,Clothing,State_B,DEPT_01,110.5,15
2025-01-18,OUTLET_2,PROD_012,Electronics,State_B,DEPT_01,116.0,23
2025-01-18,OUTLET_2,PROD_013,Home,State_B,DEPT_01,121.5,23
2025-01-18,OUTLET_2,PROD_014,Clothing,State_B,DEPT_01,127.0,32
2025-01-18,OUTLET_2,PROD_015,Electronics,State_B,DEPT_01,132.5,12
2025-01-18,OUTLET_2,PROD_016,Home,State_B,DEPT_01,138.0,15
2025-01-18,OUTLET_2,PROD_017,Clothing,State_B,DEPT_01,143.5,20
2025-01-18,OUTLET_2,PROD_018,Electronics,State_B,DEPT_01,149.0,22
2025-01-18,OUTLET_2,PROD_019,Home,State_B,DEPT_01,154.5,29
2025-01-19,OUTLET_1,PROD_000,Electronics,State_A,DEPT_01,50.0,12
2025-01-19,OUTLET_1,PROD_001,Home,State_A,DEPT_01,55.5,16
2025-01-19,OUTLET_1,PROD_002,Clothing,State_A,DEPT_01,61.0,22
2025-01-19,OUTLET_1,PROD_003,Electronics,State_A,DEPT_01,66.5,30
2025-01-19,OUTLET_1,PROD_004,Home,State_A,DEPT_01,72.0,24
2025-01-19,OUTLET_1,PROD_005,Clothing,State_A,DEPT_01,77.5,11
2025-01-19,OUTLET_1,PROD_006,Electronics,State_A,DEPT_01,83.0,17
2025-01-19,OUTLET_1,PROD_007,Home,State_A,DEPT_01,88.5,27
2025-01-19,OUTLET_1,PROD_008,Clothing,State_A,DEPT_01,94.0,28
2025-01-19,OUTLET_1,PROD_009,Electronics,State_A,DEPT_01,99.5,30
2025-01-19,OUTLET_1,PROD_010,Home,State_A,DEPT_01,105.0,10
2025-01-19,OUTLET_1,PROD_011,Clothing,State_A,DEPT_01,110.5,14
2025-01-19,OUTLET_1,PROD_012,Electronics,State_A,DEPT_01,116.0,21
2025-01-19,OUTLET_1,PROD_013,Home,State_A,DEPT_01,121.5,28
2025-01-19,OUTLET_1,PROD_014,Clothing,State_A,DEPT_01,127.0,28
2025-01-19,OUTLET_1,PROD_015,Electronics,State_A,DEPT_01,132.5,12
2025-01-19,OUTLET_1,PROD_016,Home,State_A,DEPT_01,138.0,17
2025-01-19,OUTLET_1,PROD_017,Clothing,State_A,DEPT_01,143.5,21
2025-01-19,OUTLET_1,PROD_018,Electronics,State_A,DEPT_01,149.0,26
2025-01-19,OUTLET_1,PROD_019,Home,State_A,DEPT_01,154.5,28
2025-01-19,OUTLET_2,PROD_000,Electronics,State_B,DEPT_01,50.0,12
2025-01-19,OUTLET_2,PROD_001,Home,State_B,DEPT_01,55.5,13
2025-01-19,OUTLET_2,PROD_002,Clothing,State_B,DEPT_01,61.0,23
2025-01-19,OUTLET_2,PROD_003,Electronics,State_B,DEPT_01,66.5,25
2025-01-19,OUTLET_2,PROD_004,Home,State_B,DEPT_01,72.0,26
2025-01-19,OUTLET_2,PROD_005,Clothing,State_B,DEPT_01,77.5,15
2025-01-19,OUTLET_2,PROD_006,Electronics,State_B,DEPT_01,83.0,14
2025-01-19,OUTLET_2,PROD_007,Home,State_B,DEPT_01,88.5,19
2025-01-19,OUTLET_2,PROD_008,Clothing,State_B,DEPT_01,94.0,22
2025-01-19,OUTLET_2,PROD_009,Electronics,State_B,DEPT_01,99.5,34
2025-01-19,OUTLET_2,PROD_010,Home,State_B,DEPT_01,105.0,9
2025-01-19,OUTLET_2,PROD_011,Clothing,State_B,DEPT_01,110.5,14
2025-01-19,OUTLET_2,PROD_012,Electronics,State_B,DEPT_01,116.0,17
2025-01-19,OUTLET_2,PROD_013,Home,State_B,DEPT_01,121.5,28
2025-01-19,OUTLET_2,PROD_014,Clothing,State_B,DEPT_01,127.0,33
2025-01-19,OUTLET_2,PROD_015,Electronics,State_B,DEPT_01,132.5,8
2025-01-19,OUTLET_2,PROD_016,Home,State_B,DEPT_01,138.0,15
2025-01-19,OUTLET_2,PROD_017,Clothing,State_B,DEPT_01,143.5,25
2025-01-19,OUTLET_2,PROD_018,Electronics,State_B,DEPT_01,149.0,20
2025-01-19,OUTLET_2,PROD_019,Home,State_B,DEPT_01,154.5,39
2025-01-20,OUTLET_1,PROD_000,Electronics,State_A,DEPT_01,50.0,10
2025-01-20,OUTLET_1,PROD_001,Home,State_A,DEPT_01,55.5,13
2025-01-20,OUTLET_1,PROD_002,Clothing,State_A,DEPT_01,61.0,18
2025-01-20,OUTLET_1,PROD_003,Electronics,State_A,DEPT_01,66.5,28
2025-01-20,OUTLET_1,PROD_004,Home,State_A,DEPT_01,72.0,32
2025-01-20,OUTLET_1,PROD_005,Clothing,State_A,DEPT_01,77.5,14
2025-01-20,OUTLET_1,PROD_006,Electronics,State_A,DEPT_01,83.0,16
2025-01-20,OUTLET_1,PROD_007,Home,State_A,DEPT_01,88.5,20
2025-01-20,OUTLET_1,PROD_008,Clothing,State_A,DEPT_01,94.0,21
2025-01-20,OUTLET_1,PROD_009,Electronics,State_A,DEPT_01,99.5,31
2025-01-20,OUTLET_1,PROD_010,Home,State_A,DEPT_01,105.0,10
2025-01-20,OUTLET_1,PROD_011,Clothing,State_A,DEPT_01,110.5,18
2025-01-20,OUTLET_1,PROD_012,Electronics,State_A,DEPT_01,116.0,24
2025-01-20,OUTLET_1,PROD_013,Home,State_A,DEPT_01,121.5,27
2025-01-20,OUTLET_1,PROD_014,Clothing,State_A,DEPT_01,127.0,33
2025-01-20,OUTLET_1,PROD_015,Electronics,State_A,DEPT_01,132.5,12
2025-01-20,OUTLET_1,PROD_016,Home,State_A,DEPT_01,138.0,17
2025-01-20,OUTLET_1,PROD_017,Clothing,State_A,DEPT_01,143.5,21
2025-01-20,OUTLET_1,PROD_018,Electronics,State_A,DEPT_01,149.0,26
2025-01-20,OUTLET_1,PROD_019,Home,State_A,DEPT_01,154.5,35
2025-01-20,OUTLET_2,PROD_000,Electronics,State_B,DEPT_01,50.0,12
2025-01-20,OUTLET_2,PROD_001,Home,State_B,DEPT_01,55.5,15
2025-01-20,OUTLET_2,PROD_002,Clothing,State_B,DEPT_01,61.0,19
2025-01-20,OUTLET_2,PROD_003,Electronics,State_B,DEPT_01,66.5,26
2025-01-20,OUTLET_2,PROD_004,Home,State_B,DEPT_01,72.0,34
2025-01-20,OUTLET_2,PROD_005,Clothing,State_B,DEPT_01,77.5,13
2025-01-20,OUTLET_2,PROD_006,Electronics,State_B,DEPT_01,83.0,9
2025-01-20,OUTLET_2,PROD_007,Home,State_B,DEPT_01,88.5,61
2025-01-20,OUTLET_2,PROD_008,Clothing,State_B,DEPT_01,94.0,28
2025-01-20,OUTLET_2,PROD_009,Electronics,State_B,DEPT_01,99.5,35
2025-01-20,OUTLET_2,PROD_010,Home,State_B,DEPT_01,105.0,12
2025-01-20,OUTLET_2,PROD_011,Clothing,State_B,DEPT_01,110.5,14
2025-01-20,OUTLET_2,PROD_012,Electronics,State_B,DEPT_01,116.0,23
2025-01-20,OUTLET_2,PROD_013,Home,State_B,DEPT_01,121.5,30
2025-01-20,OUTLET_2,PROD_014,Clothing,State_B,DEPT_01,127.0,32
2025-01-20,OUTLET_2,PROD_015,Electronics,State_B,DEPT_01,132.5,8
2025-01-20,OUTLET_2,PROD_016,Home,State_B,DEPT_01,138.0,14
2025-01-20,OUTLET_2,PROD_017,Clothing,State_B,DEPT_01,143.5,21
2025-01-20,OUTLET_2,PROD_018,Electronics,State_B,DEPT_01,149.0,31
2025-01-20,OUTLET_2,PROD_019,Home,State_B,DEPT_01,154.5,37
2025-01-21,OUTLET_1,PROD_000,Electronics,State_A,DEPT_01,50.0,9
2025-01-21,OUTLET_1,PROD_001,Home,State_A,DEPT_01,55.5,17
2025-01-21,OUTLET_1,PROD_002,Clothing,State_A,DEPT_01,61.0,19
2025-01-21,OUTLET_1,PROD_003,Electronics,State_A,DEPT_01,66.5,22
2025-01-21,OUTLET_1,PROD_004,Home,State_A,DEPT_01,72.0,33
2025-01-21,OUTLET_1,PROD_005,Clothing,State_A,DEPT_01,77.5,12
2025-01-21,OUTLET_1,PROD_006,Electronics,State_A,DEPT_01,83.0,17
2025-01-21,OUTLET_1,PROD_007,Home,State_A,DEPT_01,88.5,21
2025-01-21,OUTLET_1,PROD_008,Clothing,State_A,DEPT_01,94.0,27
2025-01-21,OUTLET_1,PROD_009,Electronics,State_A,DEPT_01,99.5,32
2025-01-21,OUTLET_1,PROD_010,Home,State_A,DEPT_01,105.0,14
2025-01-21,OUTLET_1,PROD_011,Clothing,State_A,DEPT_01,110.5,14
2025-01-21,OUTLET_1,PROD_012,Electronics,State_A,DEPT_01,116.0,24
2025-01-21,OUTLET_1,PROD_013,Home,State_A,DEPT_01,121.5,28
2025-01-21,OUTLET_1,PROD_014,Clothing,State_A,DEPT_01,127.0,32
2025-01-21,OUTLET_1,PROD_015,Electronics,State_A,DEPT_01,132.5,11
2025-01-21,OUTLET_1,PROD_016,Home,State_A,DEPT_01,138.0,16
2025-01-21,OUTLET_1,PROD_017,Clothing,State_A,DEPT_01,143.5,21
2025-01-21,OUTLET_1,PROD_018,Electronics,State_A,DEPT_01,149.0,26
2025-01-21,OUTLET_1,PROD_019,Home,State_A,DEPT_01,154.5,27
2025-01-21,OUTLET_2,PROD_000,Electronics,State_B,DEPT_01,50.0,18
2025-01-21,OUTLET_2,PROD_001,Home,State_B,DEPT_01,55.5,19
2025-01-21,OUTLET_2,PROD_002,Clothing,State_B,DEPT_01,61.0,27
2025-01-21,OUTLET_2,PROD_003,Electronics,State_B,DEPT_01,66.5,28
2025-01-21,OUTLET_2,PROD_004,Home,State_B,DEPT_01,72.0,29
2025-01-21,OUTLET_2,PROD_005,Clothing,State_B,DEPT_01,77.5,13
2025-01-21,OUTLET_2,PROD_006,Electronics,State_B,DEPT_01,83.0,46
2025-01-21,OUTLET_2,PROD_007,Home,State_B,DEPT_01,88.5,18
2025-01-21,OUTLET_2,PROD_008,Clothing,State_B,DEPT_01,94.0,27
2025-01-21,OUTLET_2,PROD_009,Electronics,State_B,DEPT_01,99.5,34
2025-01-21,OUTLET_2,PROD_010,Home,State_B,DEPT_01,105.0,13
2025-01-21,OUTLET_2,PROD_011,Clothing,State_B,DEPT_01,110.5,20
2025-01-21,OUTLET_2,PROD_012,Electronics,State_B,DEPT_01,116.0,26
2025-01-21,OUTLET_2,PROD_013,Home,State_B,DEPT_01,121.5,34
2025-01-21,OUTLET_2,PROD_014,Clothing,State_B,DEPT_01,127.0,34
2025-01-21,OUTLET_2,PROD_015,Electronics,State_B,DEPT_01,132.5,14
2025-01-21,OUTLET_2,PROD_016,Home,State_B,DEPT_01,138.0,16
2025-01-21,OUTLET_2,PROD_017,Clothing,State_B,DEPT_01,143.5,25
2025-01-21,OUTLET_2,PROD_018,Electronics,State_B,DEPT_01,149.0,31
2025-01-21,OUTLET_2,PROD_019,Home,State_B,DEPT_01,154.5,28
2025-01-22,OUTLET_1,PROD_000,Electronics,State_A,DEPT_01,50.0,13
2025-01-22,OUTLET_1,PROD_001,Home,State_A,DEPT_01,55.5,14
2025-01-22,OUTLET_1,PROD_002,Clothing,State_A,DEPT_01,61.0,20
2025-01-22,OUTLET_1,PROD_003,Electronics,State_A,DEPT_01,66.5,23
2025-01-22,OUTLET_1,PROD_004,Home,State_A,DEPT_01,72.0,37
2025-01-22,OUTLET_1,PROD_005,Clothing,State_A,DEPT_01,77.5,12
2025-01-22,OUTLET_1,PROD_006,Electronics,State_A,DEPT_01,83.0,16
2025-01-22,OUTLET_1,PROD_007,Home,State_A,DEPT_01,88.5,22
2025-01-22,OUTLET_1,PROD_008,Clothing,State_A,DEPT_01,94.0,25
2025-01-22,OUTLET_1,PROD_009,Electronics,State_A,DEPT_01,99.5,32
2025-01-22,OUTLET_1,PROD_010,Home,State_A,DEPT_01,105.0,13
2025-01-22,OUTLET_1,PROD_011,Clothing,State_A,DEPT_01,110.5,54
2025-01-22,OUTLET_1,PROD_012,Electronics,State_A,DEPT_01,116.0,22
2025-01-22,OUTLET_1,PROD_013,Home,State_A,DEPT_01,121.5,31
2025-01-22,OUTLET_1,PROD_014,Clothing,State_A,DEPT_01,127.0,29
2025-01-22,OUTLET_1,PROD_015,Electronics,State_A,DEPT_01,132.5,6
2025-01-22,OUTLET_1,PROD_016,Home,State_A,DEPT_01,138.0,68
2025-01-22,OUTLET_1,PROD_017,Clothing,State_A,DEPT_01,143.5,23
2025-01-22,OUTLET_1,PROD_018,Electronics,State_A,DEPT_01,149.0,28
2025-01-22,OUTLET_1,PROD_019,Home,State_A,DEPT_01,154.5,28
2025-01-22,OUTLET_2,PROD_000,Electronics,State_B,DEPT_01,50.0,14
2025-01-22,OUTLET_2,PROD_001,Home,State_B,DEPT_01,55.5,19
2025-01-22,OUTLET_2,PROD_002,Clothing,State_B,DEPT_01,61.0,22
2025-01-22,OUTLET_2,PROD_003,Electronics,State_B,DEPT_01,66.5,26
2025-01-22,OUTLET_2,PROD_004,Home,State_B,DEPT_01,72.0,36
2025-01-22,OUTLET_2,PROD_005,Clothing,State_B,DEPT_01,77.5,16
2025-01-22,OUTLET_2,PROD_006,Electronics,State_B,DEPT_01,83.0,15
2025-01-22,OUTLET_2,PROD_007,Home,State_B,DEPT_01,88.5,23
2025-01-22,OUTLET_2,PROD_008,Clothing,State_B,DEPT_01,94.0,18
2025-01-22,OUTLET_2,PROD_009,Electronics,State_B,DEPT_01,99.5,29
2025-01-22,OUTLET_2,PROD_010,Home,State_B,DEPT_01,105.0,10
2025-01-22,OUTLET_2,PROD_011,Clothing,State_B,DEPT_01,110.5,17
2025-01-22,OUTLET_2,PROD_012,Electronics,State_B,DEPT_01,116.0,21
2025-01-22,OUTLET_2,PROD_013,Home,State_B,DEPT_01,121.5,23
2025-01-22,OUTLET_2,PROD_014,Clothing,State_B,DEPT_01,127.0,28
2025-01-22,OUTLET_2,PROD_015,Electronics,State_B,DEPT_01,132.5,8
2025-01-22,OUTLET_2,PROD_016,Home,State_B,DEPT_01,138.0,13
2025-01-22,OUTLET_2,PROD_017,Clothing,State_B,DEPT_01,143.5,16
2025-01-22,OUTLET_2,PROD_018,Electronics,State_B,DEPT_01,149.0,27
2025-01-22,OUTLET_2,PROD_019,Home,State_B,DEPT_01,154.5,31
2025-01-23,OUTLET_1,PROD_000,Electronics,State_A,DEPT_01,50.0,6
2025-01-23,OUTLET_1,PROD_001,Home,State_A,DEPT_01,55.5,19
2025-01-23,OUTLET_1,PROD_002,Clothing,State_A,DEPT_01,61.0,21
2025-01-23,OUTLET_1,PROD_003,Electronics,State_A,DEPT_01,66.5,26
2025-01-23,OUTLET_1,PROD_004,Home,State_A,DEPT_01,72.0,35
2025-01-23,OUTLET_1,PROD_005,Clothing,State_A,DEPT_01,77.5,10
2025-01-23,OUTLET_1,PROD_006,Electronics,State_A,DEPT_01,83.0,18
2025-01-23,OUTLET_1,PROD_007,Home,State_A,DEPT_01,88.5,21
2025-01-23,OUTLET_1,PROD_008,Clothing,State_A,DEPT_01,94.0,25
2025-01-23,OUTLET_1,PROD_009,Electronics,State_A,DEPT_01,99.5,28
2025-01-23,OUTLET_1,PROD_010,Home,State_A,DEPT_01,105.0,9
2025-01-23,OUTLET_1,PROD_011,Clothing,State_A,DEPT_01,110.5,16
2025-01-23,OUTLET_1,PROD_012,Electronics,State_A,DEPT_01,116.0,24
2025-01-23,OUTLET_1,PROD_013,Home,State_A,DEPT_01,121.5,20
2025-01-23,OUTLET_1,PROD_014,Clothing,State_A,DEPT_01,127.0,27
2025-01-23,OUTLET_1,PROD_015,Electronics,State_A,DEPT_01,132.5,13
2025-01-23,OUTLET_1,PROD_016,Home,State_A,DEPT_01,138.0,18
2025-01-23,OUTLET_1,PROD_017,Clothing,State_A,DEPT_01,143.5,19
2025-01-23,OUTLET_1,PROD_018,Electronics,State_A,DEPT_01,149.0,26
2025-01-23,OUTLET_1,PROD_019,Home,State_A,DEPT_01,154.5,35
2025-01-23,OUTLET_2,PROD_000,Electronics,State_B,DEPT_01,50.0,11
2025-01-23,OUTLET_2,PROD_001,Home,State_B,DEPT_01,55.5,17
2025-01-23,OUTLET_2,PROD_002,Clothing,State_B,DEPT_01,61.0,21
2025-01-23,OUTLET_2,PROD_003,Electronics,State_B,DEPT_01,66.5,31
2025-01-23,OUTLET_2,PROD_004,Home,State_B,DEPT_01,72.0,36
2025-01-23,OUTLET_2,PROD_005,Clothing,State_B,DEPT_01,77.5,12
2025-01-23,OUTLET_2,PROD_006,Electronics,State_B,DEPT_01,83.0,18
2025-01-23,OUTLET_2,PROD_007,Home,State_B,DEPT_01,88.5,19
2025-01-23,OUTLET_2,PROD_008,Clothing,State_B,DEPT_01,94.0,27
2025-01-23,OUTLET_2,PROD_009,Electronics,State_B,DEPT_01,99.5,33
2025-01-23,OUTLET_2,PROD_010,Home,State_B,DEPT_01,105.0,9
2025-01-23,OUTLET_2,PROD_011,Clothing,State_B,DEPT_01,110.5,17
2025-01-23,OUTLET_2,PROD_012,Electronics,State_B,DEPT_01,116.0,25
2025-01-23,OUTLET_2,PROD_013,Home,State_B,DEPT_01,121.5,25
2025-01-23,OUTLET_2,PROD_014,Clothing,State_B,DEPT_01,127.0,29
2025-01-23,OUTLET_2,PROD_015,Electronics,State_B,DEPT_01,132.5,11
2025-01-23,OUTLET_2,PROD_016,Home,State_B,DEPT_01,138.0,20
2025-01-23,OUTLET_2,PROD_017,Clothing,State_B,DEPT_01,143.5,19
2025-01-23,OUTLET_2,PROD_018,Electronics,State_B,DEPT_01,149.0,23
2025-01-23,OUTLET_2,PROD_019,Home,State_B,DEPT_01,154.5,33
2025-01-24,OUTLET_1,PROD_000,Electronics,State_A,DEPT_01,50.0,18
2025-01-24,OUTLET_1,PROD_001,Home,State_A,DEPT_01,55.5,11
2025-01-24,OUTLET_1,PROD_002,Clothing,State_A,DEPT_01,61.0,24
2025-01-24,OUTLET_1,PROD_003,Electronics,State_A,DEPT_01,66.5,26
2025-01-24,OUTLET_1,PROD_004,Home,State_A,DEPT_01,72.0,30
2025-01-24,OUTLET_1,PROD_005,Clothing,State_A,DEPT_01,77.5,12
2025-01-24,OUTLET_1,PROD_006,Electronics,State_A,DEPT_01,83.0,15
2025-01-24,OUTLET_1,PROD_007,Home,State_A,DEPT_01,88.5,24
2025-01-24,OUTLET_1,PROD_008,Clothing,State_A,DEPT_01,94.0,56
2025-01-24,OUTLET_1,PROD_009,Electronics,State_A,DEPT_01,99.5,75
2025-01-24,OUTLET_1,PROD_010,Home,State_A,DEPT_01,105.0,54
2025-01-24,OUTLET_1,PROD_011,Clothing,State_A,DEPT_01,110.5,20
2025-01-24,OUTLET_1,PROD_012,Electronics,State_A,DEPT_01,116.0,25
2025-01-24,OUTLET_1,PROD_013,Home,State_A,DEPT_01,121.5,34
2025-01-24,OUTLET_1,PROD_014,Clothing,State_A,DEPT_01,127.0,32
2025-01-24,OUTLET_1,PROD_015,Electronics,State_A,DEPT_01,132.5,10
2025-01-24,OUTLET_1,PROD_016,Home,State_A,DEPT_01,138.0,17
2025-01-24,OUTLET_1,PROD_017,Clothing,State_A,DEPT_01,143.5,25
2025-01-24,OUTLET_1,PROD_018,Electronics,State_A,DEPT_01,149.0,30
2025-01-24,OUTLET_1,PROD_019,Home,State_A,DEPT_01,154.5,31
2025-01-24,OUTLET_2,PROD_000,Electronics,State_B,DEPT_01,50.0,15
2025-01-24,OUTLET_2,PROD_001,Home,State_B,DEPT_01,55.5,16
2025-01-24,OUTLET_2,PROD_002,Clothing,State_B,DEPT_01,61.0,24
2025-01-24,OUTLET_2,PROD_003,Electronics,State_B,DEPT_01,66.5,28
2025-01-24,OUTLET_2,PROD_004,Home,State_B,DEPT_01,72.0,30
2025-01-24,OUTLET_2,PROD_005,Clothing,State_B,DEPT_01,77.5,9
2025-01-24,OUTLET_2,PROD_006,Electronics,State_B,DEPT_01,83.0,20
2025-01-24,OUTLET_2,PROD_007,Home,State_B,DEPT_01,88.5,26
2025-01-24,OUTLET_2,PROD_008,Clothing,State_B,DEPT_01,94.0,28
2025-01-24,OUTLET_2,PROD_009,Electronics,State_B,DEPT_01,99.5,31
2025-01-24,OUTLET_2,PROD_010,Home,State_B,DEPT_01,105.0,8
2025-01-24,OUTLET_2,PROD_011,Clothing,State_B,DEPT_01,110.5,20
2025-01-24,OUTLET_2,PROD_012,Electronics,State_B,DEPT_01,116.0,22
2025-01-24,OUTLET_2,PROD_013,Home,State_B,DEPT_01,121.5,26
2025-01-24,OUTLET_2,PROD_014,Clothing,State_B,DEPT_01,127.0,34
2025-01-24,OUTLET_2,PROD_015,Electronics,State_B,DEPT_01,132.5,7
2025-01-24,OUTLET_2,PROD_016,Home,State_B,DEPT_01,138.0,14
2025-01-24,OUTLET_2,PROD_017,Clothing,State_B,DEPT_01,143.5,19
2025-01-24,OUTLET_2,PROD_018,Electronics,State_B,DEPT_01,149.0,28
2025-01-24,OUTLET_2,PROD_019,Home,State_B,DEPT_01,154.5,32
2025-01-25,OUTLET_1,PROD_000,Electronics,State_A,DEPT_01,50.0,13
2025-01-25,OUTLET_1,PROD_001,Home,State_A,DEPT_01,55.5,20
2025-01-25,OUTLET_1,PROD_002,Clothing,State_A,DEPT_01,61.0,24
2025-01-25,OUTLET_1,PROD_003,Electronics,State_A,DEPT_01,66.5,32
2025-01-25,OUTLET_1,PROD_004,Home,State_A,DEPT_01,72.0,35
2025-01-25,OUTLET_1,PROD_005,Clothing,State_A,DEPT_01,77.5,11
2025-01-25,OUTLET_1,PROD_006,Electronics,State_A,DEPT_01,83.0,15
2025-01-25,OUTLET_1,PROD_007,Home,State_A,DEPT_01,88.5,21
2025-01-25,OUTLET_1,PROD_008,Clothing,State_A,DEPT_01,94.0,29
2025-01-25,OUTLET_1,PROD_009,Electronics,State_A,DEPT_01,99.5,30
2025-01-25,OUTLET_1,PROD_010,Home,State_A,DEPT_01,105.0,14
2025-01-25,OUTLET_1,PROD_011,Clothing,State_A,DEPT_01,110.5,18
2025-01-25,OUTLET_1,PROD_012,Electronics,State_A,DEPT_01,116.0,19
2025-01-25,OUTLET_1,PROD_013,Home,State_A,DEPT_01,121.5,30
2025-01-25,OUTLET_1,PROD_014,Clothing,State_A,DEPT_01,127.0,33
2025-01-25,OUTLET_1,PROD_015,Electronics,State_A,DEPT_01,132.5,17
2025-01-25,OUTLET_1,PROD_016,Home,State_A,DEPT_01,138.0,17
2025-01-25,OUTLET_1,PROD_017,Clothing,State_A,DEPT_01,143.5,21
2025-01-25,OUTLET_1,PROD_018,Electronics,State_A,DEPT_01,149.0,23
2025-01-25,OUTLET_1,PROD_019,Home,State_A,DEPT_01,154.5,28
2025-01-25,OUTLET_2,PROD_000,Electronics,State_B,DEPT_01,50.0,14
2025-01-25,OUTLET_2,PROD_001,Home,State_B,DEPT_01,55.5,22
2025-01-25,OUTLET_2,PROD_002,Clothing,State_B,DEPT_01,61.0,21
2025-01-25,OUTLET_2,PROD_003,Electronics,State_B,DEPT_01,66.5,26
2025-01-25,OUTLET_2,PROD_004,Home,State_B,DEPT_01,72.0,32
2025-01-25,OUTLET_2,PROD_005,Clothing,State_B,DEPT_01,77.5,15
2025-01-25,OUTLET_2,PROD_006,Electronics,State_B,DEPT_01,83.0,14
2025-01-25,OUTLET_2,PROD_007,Home,State_B,DEPT_01,88.5,22
2025-01-25,OUTLET_2,PROD_008,Clothing,State_B,DEPT_01,94.0,30
2025-01-25,OUTLET_2,PROD_009,Electronics,State_B,DEPT_01,99.5,33
2025-01-25,OUTLET_2,PROD_010,Home,State_B,DEPT_01,105.0,3
2025-01-25,OUTLET_2,PROD_011,Clothing,State_B,DEPT_01,110.5,19
2025-01-25,OUTLET_2,PROD_012,Electronics,State_B,DEPT_01,116.0,23
2025-01-25,OUTLET_2,PROD_013,Home,State_B,DEPT_01,121.5,31
2025-01-25,OUTLET_2,PROD_014,Clothing,State_B,DEPT_01,127.0,36
2025-01-25,OUTLET_2,PROD_015,Electronics,State_B,DEPT_01,132.5,16
2025-01-25,OUTLET_2,PROD_016,Home,State_B,DEPT_01,138.0,17
2025-01-25,OUTLET_2,PROD_017,Clothing,State_B,DEPT_01,143.5,17
2025-01-25,OUTLET_2,PROD_018,Electronics,State_B,DEPT_01,149.0,33
2025-01-25,OUTLET_2,PROD_019,Home,State_B,DEPT_01,154.5,31
2025-01-26,OUTLET_1,PROD_000,Electronics,State_A,DEPT_01,50.0,12
2025-01-26,OUTLET_1,PROD_001,Home,State_A,DEPT_01,55.5,22
2025-01-26,OUTLET_1,PROD_002,Clothing,State_A,DEPT_01,61.0,19
2025-01-26,OUTLET_1,PROD_003,Electronics,State_A,DEPT_01,66.5,23
2025-01-26,OUTLET_1,PROD_004,Home,State_A,DEPT_01,72.0,30
2025-01-26,OUTLET_1,PROD_005,Clothing,State_A,DEPT_01,77.5,10
2025-01-26,OUTLET_1,PROD_006,Electronics,State_A,DEPT_01,83.0,12
2025-01-26,OUTLET_1,PROD_007,Home,State_A,DEPT_01,88.5,21
2025-01-26,OUTLET_1,PROD_008,Clothing,State_A,DEPT_01,94.0,27
2025-01-26,OUTLET_1,PROD_009,Electronics,State_A,DEPT_01,99.5,27
2025-01-26,OUTLET_1,PROD_010,Home,State_A,DEPT_01,105.0,11
2025-01-26,OUTLET_1,PROD_011,Clothing,State_A,DEPT_01,110.5,14
2025-01-26,OUTLET_1,PROD_012,Electronics,State_A,DEPT_01,116.0,16
2025-01-26,OUTLET_1,PROD_013,Home,State_A,DEPT_01,121.5,27
2025-01-26,OUTLET_1,PROD_014,Clothing,State_A,DEPT_01,127.0,32
2025-01-26,OUTLET_1,PROD_015,Electronics,State_A,DEPT_01,132.5,9
2025-01-26,OUTLET_1,PROD_016,Home,State_A,DEPT_01,138.0,20
2025-01-26,OUTLET_1,PROD_017,Clothing,State_A,DEPT_01,143.5,22
2025-01-26,OUTLET_1,PROD_018,Electronics,State_A,DEPT_01,149.0,25
2025-01-26,OUTLET_1,PROD_019,Home,State_A,DEPT_01,154.5,27
2025-01-26,OUTLET_2,PROD_000,Electronics,State_B,DEPT_01,50.0,12
2025-01-26,OUTLET_2,PROD_001,Home,State_B,DEPT_01,55.5,18
2025-01-26,OUTLET_2,PROD_002,Clothing,State_B,DEPT_01,61.0,20
2025-01-26,OUTLET_2,PROD_003,Electronics,State_B,DEPT_01,66.5,27
2025-01-26,OUTLET_2,PROD_004,Home,State_B,DEPT_01,72.0,37
2025-01-26,OUTLET_2,PROD_005,Clothing,State_B,DEPT_01,77.5,14
2025-01-26,OUTLET_2,PROD_006,Electronics,State_B,DEPT_01,83.0,10
2025-01-26,OUTLET_2,PROD_007,Home,State_B,DEPT_01,88.5,20
2025-01-26,OUTLET_2,PROD_008,Clothing,State_B,DEPT_01,94.0,26
2025-01-26,OUTLET_2,PROD_009,Electronics,State_B,DEPT_01,99.5,32
2025-01-26,OUTLET_2,PROD_010,Home,State_B,DEPT_01,105.0,12
2025-01-26,OUTLET_2,PROD_011,Clothing,State_B,DEPT_01,110.5,18
2025-01-26,OUTLET_2,PROD_012,Electronics,State_B,DEPT_01,116.0,21
2025-01-26,OUTLET_2,PROD_013,Home,State_B,DEPT_01,121.5,27
2025-01-26,OUTLET_2,PROD_014,Clothing,State_B,DEPT_01,127.0,35
2025-01-26,OUTLET_2,PROD_015,Electronics,State_B,DEPT_01,132.5,13
2025-01-26,OUTLET_2,PROD_016,Home,State_B,DEPT_01,138.0,13
2025-01-26,OUTLET_2,PROD_017,Clothing,State_B,DEPT_01,143.5,22
2025-01-26,OUTLET_2,PROD_018,Electronics,State_B,DEPT_01,149.0,26
2025-01-26,OUTLET_2,PROD_019,Home,State_B,DEPT_01,154.5,26
2025-01-27,OUTLET_1,PROD_000,Electronics,State_A,DEPT_01,50.0,12
2025-01-27,OUTLET_1,PROD_001,Home,State_A,DEPT_01,55.5,14
2025-01-27,OUTLET_1,PROD_002,Clothing,State_A,DEPT_01,61.0,25
2025-01-27,OUTLET_1,PROD_003,Electronics,State_A,DEPT_01,66.5,28
2025-01-27,OUTLET_1,PROD_004,Home,State_A,DEPT_01,72.0,28
2025-01-27,OUTLET_1,PROD_005,Clothing,State_A,DEPT_01,77.5,14
2025-01-27,OUTLET_1,PROD_006,Electronics,State_A,DEPT_01,83.0,21
2025-01-27,OUTLET_1,PROD_007,Home,State_A,DEPT_01,88.5,21
2025-01-27,OUTLET_1,PROD_008,Clothing,State_A,DEPT_01,94.0,26
2025-01-27,OUTLET_1,PROD_009,Electronics,State_A,DEPT_01,99.5,34
2025-01-27,OUTLET_1,PROD_010,Home,State_A,DEPT_01,105.0,16
2025-01-27,OUTLET_1,PROD_011,Clothing,State_A,DEPT_01,110.5,12
2025-01-27,OUTLET_1,PROD_012,Electronics,State_A,DEPT_01,116.0,18
2025-01-27,OUTLET_1,PROD_013,Home,State_A,DEPT_01,121.5,26
2025-01-27,OUTLET_1,PROD_014,Clothing,State_A,DEPT_01,127.0,31
2025-01-27,OUTLET_1,PROD_015,Electronics,State_A,DEPT_01,132.5,14
2025-01-27,OUTLET_1,PROD_016,Home,State_A,DEPT_01,138.0,21
2025-01-27,OUTLET_1,PROD_017,Clothing,State_A,DEPT_01,143.5,26
2025-01-27,OUTLET_1,PROD_018,Electronics,State_A,DEPT_01,149.0,22
2025-01-27,OUTLET_1,PROD_019,Home,State_A,DEPT_01,154.5,29
2025-01-27,OUTLET_2,PROD_000,Electronics,State_B,DEPT_01,50.0,28
2025-01-27,OUTLET_2,PROD_001,Home,State_B,DEPT_01,55.5,15
2025-01-27,OUTLET_2,PROD_002,Clothing,State_B,DEPT_01,61.0,18
2025-01-27,OUTLET_2,PROD_003,Electronics,State_B,DEPT_01,66.5,27
2025-01-27,OUTLET_2,PROD_004,Home,State_B,DEPT_01,72.0,31
2025-01-27,OUTLET_2,PROD_005,Clothing,State_B,DEPT_01,77.5,14
2025-01-27,OUTLET_2,PROD_006,Electronics,State_B,DEPT_01,83.0,17
2025-01-27,OUTLET_2,PROD_007,Home,State_B,DEPT_01,88.5,18
2025-01-27,OUTLET_2,PROD_008,Clothing,State_B,DEPT_01,94.0,23
2025-01-27,OUTLET_2,PROD_009,Electronics,State_B,DEPT_01,99.5,27
2025-01-27,OUTLET_2,PROD_010,Home,State_B,DEPT_01,105.0,12
2025-01-27,OUTLET_2,PROD_011,Clothing,State_B,DEPT_01,110.5,17
2025-01-27,OUTLET_2,PROD_012,Electronics,State_B,DEPT_01,116.0,22
2025-01-27,OUTLET_2,PROD_013,Home,State_B,DEPT_01,121.5,28
2025-01-27,OUTLET_2,PROD_014,Clothing,State_B,DEPT_01,127.0,34
2025-01-27,OUTLET_2,PROD_015,Electronics,State_B,DEPT_01,132.5,10
2025-01-27,OUTLET_2,PROD_016,Home,State_B,DEPT_01,138.0,14
2025-01-27,OUTLET_2,PROD_017,Clothing,State_B,DEPT_01,143.5,23
2025-01-27,OUTLET_2,PROD_018,Electronics,State_B,DEPT_01,149.0,29
2025-01-27,OUTLET_2,PROD_019,Home,State_B,DEPT_01,154.5,30
2025-01-28,OUTLET_1,PROD_000,Electronics,State_A,DEPT_01,50.0,13
2025-01-28,OUTLET_1,PROD_001,Home,State_A,DEPT_01,55.5,16
2025-01-28,OUTLET_1,PROD_002,Clothing,State_A,DEPT_01,61.0,19
2025-01-28,OUTLET_1,PROD_003,Electronics,State_A,DEPT_01,66.5,30
2025-01-28,OUTLET_1,PROD_004,Home,State_A,DEPT_01,72.0,37
2025-01-28,OUTLET_1,PROD_005,Clothing,State_A,DEPT_01,77.5,11
2025-01-28,OUTLET_1,PROD_006,Electronics,State_A,DEPT_01,83.0,18
2025-01-28,OUTLET_1,PROD_007,Home,State_A,DEPT_01,88.5,23
2025-01-28,OUTLET_1,PROD_008,Clothing,State_A,DEPT_01,94.0,22
2025-01-28,OUTLET_1,PROD_009,Electronics,State_A,DEPT_01,99.5,35
2025-01-28,OUTLET_1,PROD_010,Home,State_A,DEPT_01,105.0,13
2025-01-28,OUTLET_1,PROD_011,Clothing,State_A,DEPT_01,110.5,22
2025-01-28,OUTLET_1,PROD_012,Electronics,State_A,DEPT_01,116.0,20
2025-01-28,OUTLET_1,PROD_013,Home,State_A,DEPT_01,121.5,27
2025-01-28,OUTLET_1,PROD_014,Clothing,State_A,DEPT_01,127.0,29
2025-01-28,OUTLET_1,PROD_015,Electronics,State_A,DEPT_01,132.5,12
2025-01-28,OUTLET_1,PROD_016,Home,State_A,DEPT_01,138.0,17
2025-01-28,OUTLET_1,PROD_017,Clothing,State_A,DEPT_01,143.5,16
2025-01-28,OUTLET_1,PROD_018,Electronics,State_A,DEPT_01,149.0,33
2025-01-28,OUTLET_1,PROD_019,Home,State_A,DEPT_01,154.5,28
2025-01-28,OUTLET_2,PROD_000,Electronics,State_B,DEPT_01,50.0,13
2025-01-28,OUTLET_2,PROD_001,Home,State_B,DEPT_01,55.5,18
2025-01-28,OUTLET_2,PROD_002,Clothing,State_B,DEPT_01,61.0,26
2025-01-28,OUTLET_2,PROD_003,Electronics,State_B,DEPT_01,66.5,32
2025-01-28,OUTLET_2,PROD_004,Home,State_B,DEPT_01,72.0,29
2025-01-28,OUTLET_2,PROD_005,Clothing,State_B,DEPT_01,77.5,9
2025-01-28,OUTLET_2,PROD_006,Electronics,State_B,DEPT_01,83.0,19
2025-01-28,OUTLET_2,PROD_007,Home,State_B,DEPT_01,88.5,19
2025-01-28,OUTLET_2,PROD_008,Clothing,State_B,DEPT_01,94.0,34
2025-01-28,OUTLET_2,PROD_009,Electronics,State_B,DEPT_01,99.5,33
2025-01-28,OUTLET_2,PROD_010,Home,State_B,DEPT_01,105.0,15
2025-01-28,OUTLET_2,PROD_011,Clothing,State_B,DEPT_01,110.5,14
2025-01-28,OUTLET_2,PROD_012,Electronics,State_B,DEPT_01,116.0,25
2025-01-28,OUTLET_2,PROD_013,Home,State_B,DEPT_01,121.5,22
2025-01-28,OUTLET_2,PROD_014,Clothing,State_B,DEPT_01,127.0,32
2025-01-28,OUTLET_2,PROD_015,Electronics,State_B,DEPT_01,132.5,12
2025-01-28,OUTLET_2,PROD_016,Home,State_B,DEPT_01,138.0,21
2025-01-28,OUTLET_2,PROD_017,Clothing,State_B,DEPT_01,143.5,20
2025-01-28,OUTLET_2,PROD_018,Electronics,State_B,DEPT_01,149.0,33
2025-01-28,OUTLET_2,PROD_019,Home,State_B,DEPT_01,154.5,34
2025-01-29,OUTLET_1,PROD_000,Electronics,State_A,DEPT_01,50.0,13
2025-01-29,OUTLET_1,PROD_001,Home,State_A,DEPT_01,55.5,19
2025-01-29,OUTLET_1,PROD_002,Clothing,State_A,DEPT_01,61.0,21
2025-01-29,OUTLET_1,PROD_003,Electronics,State_A,DEPT_01,66.5,22
2025-01-29,OUTLET_1,PROD_004,Home,State_A,DEPT_01,72.0,29
2025-01-29,OUTLET_1,PROD_005,Clothing,State_A,DEPT_01,77.5,14
2025-01-29,OUTLET_1,PROD_006,Electronics,State_A,DEPT_01,83.0,15
2025-01-29,OUTLET_1,PROD_007,Home,State_A,DEPT_01,88.5,20
2025-01-29,OUTLET_1,PROD_008,Clothing,State_A,DEPT_01,94.0,30
2025-01-29,OUTLET_1,PROD_009,Electronics,State_A,DEPT_01,99.5,33
2025-01-29,OUTLET_1,PROD_010,Home,State_A,DEPT_01,105.0,16
2025-01-29,OUTLET_1,PROD_011,Clothing,State_A,DEPT_01,110.5,15
2025-01-29,OUTLET_1,PROD_012,Electronics,State_A,DEPT_01,116.0,21
2025-01-29,OUTLET_1,PROD_013,Home,State_A,DEPT_01,121.5,30
2025-01-29,OUTLET_1,PROD_014,Clothing,State_A,DEPT_01,127.0,33
2025-01-29,OUTLET_1,PROD_015,Electronics,State_A,DEPT_01,132.5,19
2025-01-29,OUTLET_1,PROD_016,Home,State_A,DEPT_01,138.0,14
2025-01-29,OUTLET_1,PROD_017,Clothing,State_A,DEPT_01,143.5,19
2025-01-29,OUTLET_1,PROD_018,Electronics,State_A,DEPT_01,149.0,28
2025-01-29,OUTLET_1,PROD_019,Home,State_A,DEPT_01,154.5,33
2025-01-29,OUTLET_2,PROD_000,Electronics,State_B,DEPT_01,50.0,9
2025-01-29,OUTLET_2,PROD_001,Home,State_B,DEPT_01,55.5,20
2025-01-29,OUTLET_2,PROD_002,Clothing,State_B,DEPT_01,61.0,24
2025-01-29,OUTLET_2,PROD_003,Electronics,State_B,DEPT_01,66.5,25
2025-01-29,OUTLET_2,PROD_004,Home,State_B,DEPT_01,72.0,32
2025-01-29,OUTLET_2,PROD_005,Clothing,State_B,DEPT_01,77.5,15
2025-01-29,OUTLET_2,PROD_006,Electronics,State_B,DEPT_01,83.0,17
2025-01-29,OUTLET_2,PROD_007,Home,State_B,DEPT_01,88.5,19
2025-01-29,OUTLET_2,PROD_008,Clothing,State_B,DEPT_01,94.0,21
2025-01-29,OUTLET_2,PROD_009,Electronics,State_B,DEPT_01,99.5,28
2025-01-29,OUTLET_2,PROD_010,Home,State_B,DEPT_01,105.0,14
2025-01-29,OUTLET_2,PROD_011,Clothing,State_B,DEPT_01,110.5,17
2025-01-29,OUTLET_2,PROD_012,Electronics,State_B,DEPT_01,116.0,21
2025-01-29,OUTLET_2,PROD_013,Home,State_B,DEPT_01,121.5,25
2025-01-29,OUTLET_2,PROD_014,Clothing,State_B,DEPT_01,127.0,30
2025-01-29,OUTLET_2,PROD_015,Electronics,State_B,DEPT_01,132.5,11
2025-01-29,OUTLET_2,PROD_016,Home,State_B,DEPT_01,138.0,16
2025-01-29,OUTLET_2,PROD_017,Clothing,State_B,DEPT_01,143.5,53
2025-01-29,OUTLET_2,PROD_018,Electronics,State_B,DEPT_01,149.0,28
2025-01-29,OUTLET_2,PROD_019,Home,State_B,DEPT_01,154.5,32
2025-01-30,OUTLET_1,PROD_000,Electronics,State_A,DEPT_01,50.0,8
2025-01-30,OUTLET_1,PROD_001,Home,State_A,DEPT_01,55.5,16
2025-01-30,OUTLET_1,PROD_002,Clothing,State_A,DEPT_01,61.0,26
2025-01-30,OUTLET_1,PROD_003,Electronics,State_A,DEPT_01,66.5,26
2025-01-30,OUTLET_1,PROD_004,Home,State_A,DEPT_01,72.0,31
2025-01-30,OUTLET_1,PROD_005,Clothing,State_A,DEPT_01,77.5,18
2025-01-30,OUTLET_1,PROD_006,Electronics,State_A,DEPT_01,83.0,20
2025-01-30,OUTLET_1,PROD_007,Home,State_A,DEPT_01,88.5,27
2025-01-30,OUTLET_1,PROD_008,Clothing,State_A,DEPT_01,94.0,31
2025-01-30,OUTLET_1,PROD_009,Electronics,State_A,DEPT_01,99.5,34
2025-01-30,OUTLET_1,PROD_010,Home,State_A,DEPT_01,105.0,17
2025-01-30,OUTLET_1,PROD_011,Clothing,State_A,DEPT_01,110.5,15
2025-01-30,OUTLET_1,PROD_012,Electronics,State_A,DEPT_01,116.0,19
2025-01-30,OUTLET_1,PROD_013,Home,State_A,DEPT_01,121.5,23
2025-01-30,OUTLET_1,PROD_014,Clothing,State_A,DEPT_01,127.0,27
2025-01-30,OUTLET_1,PROD_015,Electronics,State_A,DEPT_01,132.5,12
2025-01-30,OUTLET_1,PROD_016,Home,State_A,DEPT_01,138.0,12
2025-01-30,OUTLET_1,PROD_017,Clothing,State_A,DEPT_01,143.5,19
2025-01-30,OUTLET_1,PROD_018,Electronics,State_A,DEPT_01,149.0,26
2025-01-30,OUTLET_1,PROD_019,Home,State_A,DEPT_01,154.5,24
2025-01-30,OUTLET_2,PROD_000,Electronics,State_B,DEPT_01,50.0,12
2025-01-30,OUTLET_2,PROD_001,Home,State_B,DEPT_01,55.5,17
2025-01-30,OUTLET_2,PROD_002,Clothing,State_B,DEPT_01,61.0,28
2025-01-30,OUTLET_2,PROD_003,Electronics,State_B,DEPT_01,66.5,28
2025-01-30,OUTLET_2,PROD_004,Home,State_B,DEPT_01,72.0,32
2025-01-30,OUTLET_2,PROD_005,Clothing,State_B,DEPT_01,77.5,17
2025-01-30,OUTLET_2,PROD_006,Electronics,State_B,DEPT_01,83.0,16
2025-01-30,OUTLET_2,PROD_007,Home,State_B,DEPT_01,88.5,23
2025-01-30,OUTLET_2,PROD_008,Clothing,State_B,DEPT_01,94.0,30
2025-01-30,OUTLET_2,PROD_009,Electronics,State_B,DEPT_01,99.5,30
2025-01-30,OUTLET_2,PROD_010,Home,State_B,DEPT_01,105.0,15
2025-01-30,OUTLET_2,PROD_011,Clothing,State_B,DEPT_01,110.5,13
2025-01-30,OUTLET_2,PROD_012,Electronics,State_B,DEPT_01,116.0,24
2025-01-30,OUTLET_2,PROD_013,Home,State_B,DEPT_01,121.5,29
2025-01-30,OUTLET_2,PROD_014,Clothing,State_B,DEPT_01,127.0,31
2025-01-30,OUTLET_2,PROD_015,Electronics,State_B,DEPT_01,132.5,11
2025-01-30,OUTLET_2,PROD_016,Home,State_B,DEPT_01,138.0,22
2025-01-30,OUTLET_2,PROD_017,Clothing,State_B,DEPT_01,143.5,22
2025-01-30,OUTLET_2,PROD_018,Electronics,State_B,DEPT_01,149.0,29
2025-01-30,OUTLET_2,PROD_019,Home,State_B,DEPT_01,154.5,32
2025-01-31,OUTLET_1,PROD_000,Electronics,State_A,DEPT_01,50.0,10
2025-01-31,OUTLET_1,PROD_001,Home,State_A,DEPT_01,55.5,15
2025-01-31,OUTLET_1,PROD_002,Clothing,State_A,DEPT_01,61.0,23
2025-01-31,OUTLET_1,PROD_003,Electronics,State_A,DEPT_01,66.5,31
2025-01-31,OUTLET_1,PROD_004,Home,State_A,DEPT_01,72.0,28
2025-01-31,OUTLET_1,PROD_005,Clothing,State_A,DEPT_01,77.5,17
2025-01-31,OUTLET_1,PROD_006,Electronics,State_A,DEPT_01,83.0,19
2025-01-31,OUTLET_1,PROD_007,Home,State_A,DEPT_01,88.5,21
2025-01-31,OUTLET_1,PROD_008,Clothing,State_A,DEPT_01,94.0,28
2025-01-31,OUTLET_1,PROD_009,Electronics,State_A,DEPT_01,99.5,34
2025-01-31,OUTLET_1,PROD_010,Home,State_A,DEPT_01,105.0,9
2025-01-31,OUTLET_1,PROD_011,Clothing,State_A,DEPT_01,110.5,17
2025-01-31,OUTLET_1,PROD_012,Electronics,State_A,DEPT_01,116.0,22
2025-01-31,OUTLET_1,PROD_013,Home,State_A,DEPT_01,121.5,22
2025-01-31,OUTLET_1,PROD_014,Clothing,State_A,DEPT_01,127.0,35
2025-01-31,OUTLET_1,PROD_015,Electronics,State_A,DEPT_01,132.5,10
2025-01-31,OUTLET_1,PROD_016,Home,State_A,DEPT_01,138.0,15
2025-01-31,OUTLET_1,PROD_017,Clothing,State_A,DEPT_01,143.5,22
2025-01-31,OUTLET_1,PROD_018,Electronics,State_A,DEPT_01,149.0,28
2025-01-31,OUTLET_1,PROD_019,Home,State_A,DEPT_01,154.5,33
2025-01-31,OUTLET_2,PROD_000,Electronics,State_B,DEPT_01,50.0,12
2025-01-31,OUTLET_2,PROD_001,Home,State_B,DEPT_01,55.5,18
2025-01-31,OUTLET_2,PROD_002,Clothing,State_B,DEPT_01,61.0,20
2025-01-31,OUTLET_2,PROD_003,Electronics,State_B,DEPT_01,66.5,51
2025-01-31,OUTLET_2,PROD_004,Home,State_B,DEPT_01,72.0,34
2025-01-31,OUTLET_2,PROD_005,Clothing,State_B,DEPT_01,77.5,14
2025-01-31,OUTLET_2,PROD_006,Electronics,State_B,DEPT_01,83.0,19
2025-01-31,OUTLET_2,PROD_007,Home,State_B,DEPT_01,88.5,22
2025-01-31,OUTLET_2,PROD_008,Clothing,State_B,DEPT_01,94.0,28
2025-01-31,OUTLET_2,PROD_009,Electronics,State_B,DEPT_01,99.5,34
2025-01-31,OUTLET_2,PROD_010,Home,State_B,DEPT_01,105.0,17
2025-01-31,OUTLET_2,PROD_011,Clothing,State_B,DEPT_01,110.5,16
2025-01-31,OUTLET_2,PROD_012,Electronics,State_B,DEPT_01,116.0,23
2025-01-31,OUTLET_2,PROD_013,Home,State_B,DEPT_01,121.5,30
2025-01-31,OUTLET_2,PROD_014,Clothing,State_B,DEPT_01,127.0,35
2025-01-31,OUTLET_2,PROD_015,Electronics,State_B,DEPT_01,132.5,6
2025-01-31,OUTLET_2,PROD_016,Home,State_B,DEPT_01,138.0,16
2025-01-31,OUTLET_2,PROD_017,Clothing,State_B,DEPT_01,143.5,23
2025-01-31,OUTLET_2,PROD_018,Electronics,State_B,DEPT_01,149.0,25
2025-01-31,OUTLET_2,PROD_019,Home,State_B,DEPT_01,154.5,30
2025-02-01,OUTLET_1,PROD_000,Electronics,State_A,DEPT_01,50.0,12
2025-02-01,OUTLET_1,PROD_001,Home,State_A,DEPT_01,55.5,19
2025-02-01,OUTLET_1,PROD_002,Clothing,State_A,DEPT_01,61.0,20
2025-02-01,OUTLET_1,PROD_003,Electronics,State_A,DEPT_01,66.5,28
2025-02-01,OUTLET_1,PROD_004,Home,State_A,DEPT_01,72.0,27
2025-02-01,OUTLET_1,PROD_005,Clothing,State_A,DEPT_01,77.5,59
2025-02-01,OUTLET_1,PROD_006,Electronics,State_A,DEPT_01,83.0,11
2025-02-01,OUTLET_1,PROD_007,Home,State_A,DEPT_01,88.5,25
2025-02-01,OUTLET_1,PROD_008,Clothing,State_A,DEPT_01,94.0,27
2025-02-01,OUTLET_1,PROD_009,Electronics,State_A,DEPT_01,99.5,29
2025-02-01,OUTLET_1,PROD_010,Home,State_A,DEPT_01,105.0,11
2025-02-01,OUTLET_1,PROD_011,Clothing,State_A,DEPT_01,110.5,19
2025-02-01,OUTLET_1,PROD_012,Electronics,State_A,DEPT_01,116.0,28
2025-02-01,OUTLET_1,PROD_013,Home,State_A,DEPT_01,121.5,22
2025-02-01,OUTLET_1,PROD_014,Clothing,State_A,DEPT_01,127.0,29
2025-02-01,OUTLET_1,PROD_015,Electronics,State_A,DEPT_01,132.5,8
2025-02-01,OUTLET_1,PROD_016,Home,State_A,DEPT_01,138.0,17
2025-02-01,OUTLET_1,PROD_017,Clothing,State_A,DEPT_01,143.5,25
2025-02-01,OUTLET_1,PROD_018,Electronics,State_A,DEPT_01,149.0,23
2025-02-01,OUTLET_1,PROD_019,Home,State_A,DEPT_01,154.5,32
2025-02-01,OUTLET_2,PROD_000,Electronics,State_B,DEPT_01,50.0,15
2025-02-01,OUTLET_2,PROD_001,Home,State_B,DEPT_01,55.5,16
2025-02-01,OUTLET_2,PROD_002,Clothing,State_B,DEPT_01,61.0,14
2025-02-01,OUTLET_2,PROD_003,Electronics,State_B,DEPT_01,66.5,28
2025-02-01,OUTLET_2,PROD_004,Home,State_B,DEPT_01,72.0,36
2025-02-01,OUTLET_2,PROD_005,Clothing,State_B,DEPT_01,77.5,9
2025-02-01,OUTLET_2,PROD_006,Electronics,State_B,DEPT_01,83.0,12
2025-02-01,OUTLET_2,PROD_007,Home,State_B,DEPT_01,88.5,23
2025-02-01,OUTLET_2,PROD_008,Clothing,State_B,DEPT_01,94.0,28
2025-02-01,OUTLET_2,PROD_009,Electronics,State_B,DEPT_01,99.5,31
2025-02-01,OUTLET_2,PROD_010,Home,State_B,DEPT_01,105.0,10
2025-02-01,OUTLET_2,PROD_011,Clothing,State_B,DEPT_01,110.5,17
2025-02-01,OUTLET_2,PROD_012,Electronics,State_B,DEPT_01,116.0,19
2025-02-01,OUTLET_2,PROD_013,Home,State_B,DEPT_01,121.5,24
2025-02-01,OUTLET_2,PROD_014,Clothing,State_B,DEPT_01,127.0,34
2025-02-01,OUTLET_2,PROD_015,Electronics,State_B,DEPT_01,132.5,9
2025-02-01,OUTLET_2,PROD_016,Home,State_B,DEPT_01,138.0,12
2025-02-01,OUTLET_2,PROD_017,Clothing,State_B,DEPT_01,143.5,20
2025-02-01,OUTLET_2,PROD_018,Electronics,State_B,DEPT_01,149.0,26
2025-02-01,OUTLET_2,PROD_019,Home,State_B,DEPT_01,154.5,34
2025-02-02,OUTLET_1,PROD_000,Electronics,State_A,DEPT_01,50.0,10
2025-02-02,OUTLET_1,PROD_001,Home,State_A,DEPT_01,55.5,21
2025-02-02,OUTLET_1,PROD_002,Clothing,State_A,DEPT_01,61.0,22
2025-02-02,OUTLET_1,PROD_003,Electronics,State_A,DEPT_01,66.5,25
2025-02-02,OUTLET_1,PROD_004,Home,State_A,DEPT_01,72.0,33
2025-02-02,OUTLET_1,PROD_005,Clothing,State_A,DEPT_01,77.5,16
2025-02-02,OUTLET_1,PROD_006,Electronics,State_A,DEPT_01,83.0,19
2025-02-02,OUTLET_1,PROD_007,Home,State_A,DEPT_01,88.5,18
2025-02-02,OUTLET_1,PROD_008,Clothing,State_A,DEPT_01,94.0,26
2025-02-02,OUTLET_1,PROD_009,Electronics,State_A,DEPT_01,99.5,33
2025-02-02,OUTLET_1,PROD_010,Home,State_A,DEPT_01,105.0,14
2025-02-02,OUTLET_1,PROD_011,Clothing,State_A,DEPT_01,110.5,17
2025-02-02,OUTLET_1,PROD_012,Electronics,State_A,DEPT_01,116.0,21
2025-02-02,OUTLET_1,PROD_013,Home,State_A,DEPT_01,121.5,33
2025-02-02,OUTLET_1,PROD_014,Clothing,State_A,DEPT_01,127.0,34
2025-02-02,OUTLET_1,PROD_015,Electronics,State_A,DEPT_01,132.5,13
2025-02-02,OUTLET_1,PROD_016,Home,State_A,DEPT_01,138.0,16
2025-02-02,OUTLET_1,PROD_017,Clothing,State_A,DEPT_01,143.5,19
2025-02-02,OUTLET_1,PROD_018,Electronics,State_A,DEPT_01,149.0,29
2025-02-02,OUTLET_1,PROD_019,Home,State_A,DEPT_01,154.5,35
2025-02-02,OUTLET_2,PROD_000,Electronics,State_B,DEPT_01,50.0,12
2025-02-02,OUTLET_2,PROD_001,Home,State_B,DEPT_01,55.5,19
2025-02-02,OUTLET_2,PROD_002,Clothing,State_B,DEPT_01,61.0,24
2025-02-02,OUTLET_2,PROD_003,Electronics,State_B,DEPT_01,66.5,30
2025-02-02,OUTLET_2,PROD_004,Home,State_B,DEPT_01,72.0,28
2025-02-02,OUTLET_2,PROD_005,Clothing,State_B,DEPT_01,77.5,11
2025-02-02,OUTLET_2,PROD_006,Electronics,State_B,DEPT_01,83.0,19
2025-02-02,OUTLET_2,PROD_007,Home,State_B,DEPT_01,88.5,22
2025-02-02,OUTLET_2,PROD_008,Clothing,State_B,DEPT_01,94.0,29
2025-02-02,OUTLET_2,PROD_009,Electronics,State_B,DEPT_01,99.5,33
2025-02-02,OUTLET_2,PROD_010,Home,State_B,DEPT_01,105.0,6
2025-02-02,OUTLET_2,PROD_011,Clothing,State_B,DEPT_01,110.5,20
2025-02-02,OUTLET_2,PROD_012,Electronics,State_B,DEPT_01,116.0,21
2025-02-02,OUTLET_2,PROD_013,Home,State_B,DEPT_01,121.5,25
2025-02-02,OUTLET_2,PROD_014,Clothing,State_B,DEPT_01,127.0,35
2025-02-02,OUTLET_2,PROD_015,Electronics,State_B,DEPT_01,132.5,14
2025-02-02,OUTLET_2,PROD_016,Home,State_B,DEPT_01,138.0,21
2025-02-02,OUTLET_2,PROD_017,Clothing,State_B,DEPT_01,143.5,23
2025-02-02,OUTLET_2,PROD_018,Electronics,State_B,DEPT_01,149.0,26
2025-02-02,OUTLET_2,PROD_019,Home,State_B,DEPT_01,154.5,33
2025-02-03,OUTLET_1,PROD_000,Electronics,State_A,DEPT_01,50.0,9
2025-02-03,OUTLET_1,PROD_001,Home,State_A,DEPT_01,55.5,13
2025-02-03,OUTLET_1,PROD_002,Clothing,State_A,DEPT_01,61.0,20
2025-02-03,OUTLET_1,PROD_003,Electronics,State_A,DEPT_01,66.5,32
2025-02-03,OUTLET_1,PROD_004,Home,State_A,DEPT_01,72.0,31
2025-02-03,OUTLET_1,PROD_005,Clothing,State_A,DEPT_01,77.5,7
2025-02-03,OUTLET_1,PROD_006,Electronics,State_A,DEPT_01,83.0,17
2025-02-03,OUTLET_1,PROD_007,Home,State_A,DEPT_01,88.5,21
2025-02-03,OUTLET_1,PROD_008,Clothing,State_A,DEPT_01,94.0,31
2025-02-03,OUTLET_1,PROD_009,Electronics,State_A,DEPT_01,99.5,37
2025-02-03,OUTLET_1,PROD_010,Home,State_A,DEPT_01,105.0,11
2025-02-03,OUTLET_1,PROD_011,Clothing,State_A,DEPT_01,110.5,18
2025-02-03,OUTLET_1,PROD_012,Electronics,State_A,DEPT_01,116.0,23
2025-02-03,OUTLET_1,PROD_013,Home,State_A,DEPT_01,121.5,27
2025-02-03,OUTLET_1,PROD_014,Clothing,State_A,DEPT_01,127.0,32
2025-02-03,OUTLET_1,PROD_015,Electronics,State_A,DEPT_01,132.5,9
2025-02-03,OUTLET_1,PROD_016,Home,State_A,DEPT_01,138.0,12
2025-02-03,OUTLET_1,PROD_017,Clothing,State_A,DEPT_01,143.5,19
2025-02-03,OUTLET_1,PROD_018,Electronics,State_A,DEPT_01,149.0,27
2025-02-03,OUTLET_1,PROD_019,Home,State_A,DEPT_01,154.5,28
2025-02-03,OUTLET_2,PROD_000,Electronics,State_B,DEPT_01,50.0,13
2025-02-03,OUTLET_2,PROD_001,Home,State_B,DEPT_01,55.5,17
2025-02-03,OUTLET_2,PROD_002,Clothing,State_B,DEPT_01,61.0,21
2025-02-03,OUTLET_2,PROD_003,Electronics,State_B,DEPT_01,66.5,26
2025-02-03,OUTLET_2,PROD_004,Home,State_B,DEPT_01,72.0,28
2025-02-03,OUTLET_2,PROD_005,Clothing,State_B,DEPT_01,77.5,15
2025-02-03,OUTLET_2,PROD_006,Electronics,State_B,DEPT_01,83.0,20
2025-02-03,OUTLET_2,PROD_007,Home,State_B,DEPT_01,88.5,19
2025-02-03,OUTLET_2,PROD_008,Clothing,State_B,DEPT_01,94.0,24
2025-02-03,OUTLET_2,PROD_009,Electronics,State_B,DEPT_01,99.5,30
2025-02-03,OUTLET_2,PROD_010,Home,State_B,DEPT_01,105.0,14
2025-02-03,OUTLET_2,PROD_011,Clothing,State_B,DEPT_01,110.5,18
2025-02-03,OUTLET_2,PROD_012,Electronics,State_B,DEPT_01,116.0,25
2025-02-03,OUTLET_2,PROD_013,Home,State_B,DEPT_01,121.5,31
2025-02-03,OUTLET_2,PROD_014,Clothing,State_B,DEPT_01,127.0,28
2025-02-03,OUTLET_2,PROD_015,Electronics,State_B,DEPT_01,132.5,14
2025-02-03,OUTLET_2,PROD_016,Home,State_B,DEPT_01,138.0,21
2025-02-03,OUTLET_2,PROD_017,Clothing,State_B,DEPT_01,143.5,21
2025-02-03,OUTLET_2,PROD_018,Electronics,State_B,DEPT_01,149.0,27
2025-02-03,OUTLET_2,PROD_019,Home,State_B,DEPT_01,154.5,32
2025-02-04,OUTLET_1,PROD_000,Electronics,State_A,DEPT_01,50.0,12
2025-02-04,OUTLET_1,PROD_001,Home,State_A,DEPT_01,55.5,20
2025-02-04,OUTLET_1,PROD_002,Clothing,State_A,DEPT_01,61.0,28
2025-02-04,OUTLET_1,PROD_003,Electronics,State_A,DEPT_01,66.5,31
2025-02-04,OUTLET_1,PROD_004,Home,State_A,DEPT_01,72.0,31
2025-02-04,OUTLET_1,PROD_005,Clothing,State_A,DEPT_01,77.5,13
2025-02-04,OUTLET_1,PROD_006,Electronics,State_A,DEPT_01,83.0,15
2025-02-04,OUTLET_1,PROD_007,Home,State_A,DEPT_01,88.5,20
2025-02-04,OUTLET_1,PROD_008,Clothing,State_A,DEPT_01,94.0,27
2025-02-04,OUTLET_1,PROD_009,Electronics,State_A,DEPT_01,99.5,30
2025-02-04,OUTLET_1,PROD_010,Home,State_A,DEPT_01,105.0,11
2025-02-04,OUTLET_1,PROD_011,Clothing,State_A,DEPT_01,110.5,18
2025-02-04,OUTLET_1,PROD_012,Electronics,State_A,DEPT_01,116.0,24
2025-02-04,OUTLET_1,PROD_013,Home,State_A,DEPT_01,121.5,29
2025-02-04,OUTLET_1,PROD_014,Clothing,State_A,DEPT_01,127.0,34
2025-02-04,OUTLET_1,PROD_015,Electronics,State_A,DEPT_01,132.5,9
2025-02-04,OUTLET_1,PROD_016,Home,State_A,DEPT_01,138.0,15
2025-02-04,OUTLET_1,PROD_017,Clothing,State_A,DEPT_01,143.5,22
2025-02-04,OUTLET_1,PROD_018,Electronics,State_A,DEPT_01,149.0,31
2025-02-04,OUTLET_1,PROD_019,Home,State_A,DEPT_01,154.5,39
2025-02-04,OUTLET_2,PROD_000,Electronics,State_B,DEPT_01,50.0,13
2025-02-04,OUTLET_2,PROD_001,Home,State_B,DEPT_01,55.5,19
2025-02-04,OUTLET_2,PROD_002,Clothing,State_B,DEPT_01,61.0,18
2025-02-04,OUTLET_2,PROD_003,Electronics,State_B,DEPT_01,66.5,29
2025-02-04,OUTLET_2,PROD_004,Home,State_B,DEPT_01,72.0,38
2025-02-04,OUTLET_2,PROD_005,Clothing,State_B,DEPT_01,77.5,10
2025-02-04,OUTLET_2,PROD_006,Electronics,State_B,DEPT_01,83.0,16
2025-02-04,OUTLET_2,PROD_007,Home,State_B,DEPT_01,88.5,25
2025-02-04,OUTLET_2,PROD_008,Clothing,State_B,DEPT_01,94.0,27
2025-02-04,OUTLET_2,PROD_009,Electronics,State_B,DEPT_01,99.5,27
2025-02-04,OUTLET_2,PROD_010,Home,State_B,DEPT_01,105.0,11
2025-02-04,OUTLET_2,PROD_011,Clothing,State_B,DEPT_01,110.5,22
2025-02-04,OUTLET_2,PROD_012,Electronics,State_B,DEPT_01,116.0,21
2025-02-04,OUTLET_2,PROD_013,Home,State_B,DEPT_01,121.5,26
2025-02-04,OUTLET_2,PROD_014,Clothing,State_B,DEPT_01,127.0,35
2025-02-04,OUTLET_2,PROD_015,Electronics,State_B,DEPT_01,132.5,13
2025-02-04,OUTLET_2,PROD_016,Home,State_B,DEPT_01,138.0,16
2025-02-04,OUTLET_2,PROD_017,Clothing,State_B,DEPT_01,143.5,20
2025-02-04,OUTLET_2,PROD_018,Electronics,State_B,DEPT_01,149.0,36
2025-02-04,OUTLET_2,PROD_019,Home,State_B,DEPT_01,154.5,36
2025-02-05,OUTLET_1,PROD_000,Electronics,State_A,DEPT_01,50.0,14
2025-02-05,OUTLET_1,PROD_001,Home,State_A,DEPT_01,55.5,19
2025-02-05,OUTLET_1,PROD_002,Clothing,State_A,DEPT_01,61.0,22
2025-02-05,OUTLET_1,PROD_003,Electronics,State_A,DEPT_01,66.5,28
2025-02-05,OUTLET_1,PROD_004,Home,State_A,DEPT_01,72.0,32
2025-02-05,OUTLET_1,PROD_005,Clothing,State_A,DEPT_01,77.5,10
2025-02-05,OUTLET_1,PROD_006,Electronics,State_A,DEPT_01,83.0,19
2025-02-05,OUTLET_1,PROD_007,Home,State_A,DEPT_01,88.5,21
2025-02-05,OUTLET_1,PROD_008,Clothing,State_A,DEPT_01,94.0,29
2025-02-05,OUTLET_1,PROD_009,Electronics,State_A,DEPT_01,99.5,34
2025-02-05,OUTLET_1,PROD_010,Home,State_A,DEPT_01,105.0,14
2025-02-05,OUTLET_1,PROD_011,Clothing,State_A,DEPT_01,110.5,15
2025-02-05,OUTLET_1,PROD_012,Electronics,State_A,DEPT_01,116.0,21
2025-02-05,OUTLET_1,PROD_013,Home,State_A,DEPT_01,121.5,27
2025-02-05,OUTLET_1,PROD_014,Clothing,State_A,DEPT_01,127.0,35
2025-02-05,OUTLET_1,PROD_015,Electronics,State_A,DEPT_01,132.5,15
2025-02-05,OUTLET_1,PROD_016,Home,State_A,DEPT_01,138.0,15
2025-02-05,OUTLET_1,PROD_017,Clothing,State_A,DEPT_01,143.5,19
2025-02-05,OUTLET_1,PROD_018,Electronics,State_A,DEPT_01,149.0,35
2025-02-05,OUTLET_1,PROD_019,Home,State_A,DEPT_01,154.5,34
2025-02-05,OUTLET_2,PROD_000,Electronics,State_B,DEPT_01,50.0,8
2025-02-05,OUTLET_2,PROD_001,Home,State_B,DEPT_01,55.5,16
2025-02-05,OUTLET_2,PROD_002,Clothing,State_B,DEPT_01,61.0,25
2025-02-05,OUTLET_2,PROD_003,Electronics,State_B,DEPT_01,66.5,34
2025-02-05,OUTLET_2,PROD_004,Home,State_B,DEPT_01,72.0,38
2025-02-05,OUTLET_2,PROD_005,Clothing,State_B,DEPT_01,77.5,14
2025-02-05,OUTLET_2,PROD_006,Electronics,State_B,DEPT_01,83.0,9
2025-02-05,OUTLET_2,PROD_007,Home,State_B,DEPT_01,88.5,22
2025-02-05,OUTLET_2,PROD_008,Clothing,State_B,DEPT_01,94.0,24
2025-02-05,OUTLET_2,PROD_009,Electronics,State_B,DEPT_01,99.5,33
2025-02-05,OUTLET_2,PROD_010,Home,State_B,DEPT_01,105.0,10
2025-02-05,OUTLET_2,PROD_011,Clothing,State_B,DEPT_01,110.5,16
2025-02-05,OUTLET_2,PROD_012,Electronics,State_B,DEPT_01,116.0,25
2025-02-05,OUTLET_2,PROD_013,Home,State_B,DEPT_01,121.5,27
2025-02-05,OUTLET_2,PROD_014,Clothing,State_B,DEPT_01,127.0,32
2025-02-05,OUTLET_2,PROD_015,Electronics,State_B,DEPT_01,132.5,12
2025-02-05,OUTLET_2,PROD_016,Home,State_B,DEPT_01,138.0,25
2025-02-05,OUTLET_2,PROD_017,Clothing,State_B,DEPT_01,143.5,19
2025-02-05,OUTLET_2,PROD_018,Electronics,State_B,DEPT_01,149.0,28
2025-02-05,OUTLET_2,PROD_019,Home,State_B,DEPT_01,154.5,38
2025-02-06,OUTLET_1,PROD_000,Electronics,State_A,DEPT_01,50.0,12
2025-02-06,OUTLET_1,PROD_001,Home,State_A,DEPT_01,55.5,21
2025-02-06,OUTLET_1,PROD_002,Clothing,State_A,DEPT_01,61.0,19
2025-02-06,OUTLET_1,PROD_003,Electronics,State_A,DEPT_01,66.5,27
2025-02-06,OUTLET_1,PROD_004,Home,State_A,DEPT_01,72.0,30
2025-02-06,OUTLET_1,PROD_005,Clothing,State_A,DEPT_01,77.5,12
2025-02-06,OUTLET_1,PROD_006,Electronics,State_A,DEPT_01,83.0,17
2025-02-06,OUTLET_1,PROD_007,Home,State_A,DEPT_01,88.5,23
2025-02-06,OUTLET_1,PROD_008,Clothing,State_A,DEPT_01,94.0,30
2025-02-06,OUTLET_1,PROD_009,Electronics,State_A,DEPT_01,99.5,26
2025-02-06,OUTLET_1,PROD_010,Home,State_A,DEPT_01,105.0,11
2025-02-06,OUTLET_1,PROD_011,Clothing,State_A,DEPT_01,110.5,18
2025-02-06,OUTLET_1,PROD_012,Electronics,State_A,DEPT_01,116.0,17
2025-02-06,OUTLET_1,PROD_013,Home,State_A,DEPT_01,121.5,29
2025-02-06,OUTLET_1,PROD_014,Clothing,State_A,DEPT_01,127.0,31
2025-02-06,OUTLET_1,PROD_015,Electronics,State_A,DEPT_01,132.5,12
2025-02-06,OUTLET_1,PROD_016,Home,State_A,DEPT_01,138.0,20
2025-02-06,OUTLET_1,PROD_017,Clothing,State_A,DEPT_01,143.5,26
2025-02-06,OUTLET_1,PROD_018,Electronics,State_A,DEPT_01,149.0,29
2025-02-06,OUTLET_1,PROD_019,Home,State_A,DEPT_01,154.5,29
2025-02-06,OUTLET_2,PROD_000,Electronics,State_B,DEPT_01,50.0,14
2025-02-06,OUTLET_2,PROD_001,Home,State_B,DEPT_01,55.5,19
2025-02-06,OUTLET_2,PROD_002,Clothing,State_B,DEPT_01,61.0,24
2025-02-06,OUTLET_2,PROD_003,Electronics,State_B,DEPT_01,66.5,32
2025-02-06,OUTLET_2,PROD_004,Home,State_B,DEPT_01,72.0,33
2025-02-06,OUTLET_2,PROD_005,Clothing,State_B,DEPT_01,77.5,17
2025-02-06,OUTLET_2,PROD_006,Electronics,State_B,DEPT_01,83.0,22
2025-02-06,OUTLET_2,PROD_007,Home,State_B,DEPT_01,88.5,25
2025-02-06,OUTLET_2,PROD_008,Clothing,State_B,DEPT_01,94.0,28
2025-02-06,OUTLET_2,PROD_009,Electronics,State_B,DEPT_01,99.5,34
2025-02-06,OUTLET_2,PROD_010,Home,State_B,DEPT_01,105.0,18
2025-02-06,OUTLET_2,PROD_011,Clothing,State_B,DEPT_01,110.5,21
2025-02-06,OUTLET_2,PROD_012,Electronics,State_B,DEPT_01,116.0,19
2025-02-06,OUTLET_2,PROD_013,Home,State_B,DEPT_01,121.5,29
2025-02-06,OUTLET_2,PROD_014,Clothing,State_B,DEPT_01,127.0,30
2025-02-06,OUTLET_2,PROD_015,Electronics,State_B,DEPT_01,132.5,11
2025-02-06,OUTLET_2,PROD_016,Home,State_B,DEPT_01,138.0,16
2025-02-06,OUTLET_2,PROD_017,Clothing,State_B,DEPT_01,143.5,18
2025-02-06,OUTLET_2,PROD_018,Electronics,State_B,DEPT_01,149.0,25
2025-02-06,OUTLET_2,PROD_019,Home,State_B,DEPT_01,154.5,37
2025-02-07,OUTLET_1,PROD_000,Electronics,State_A,DEPT_01,50.0,11
2025-02-07,OUTLET_1,PROD_001,Home,State_A,DEPT_01,55.5,20
2025-02-07,OUTLET_1,PROD_002,Clothing,State_A,DEPT_01,61.0,23
2025-02-07,OUTLET_1,PROD_003,Electronics,State_A,DEPT_01,66.5,29
2025-02-07,OUTLET_1,PROD_004,Home,State_A,DEPT_01,72.0,34
2025-02-07,OUTLET_1,PROD_005,Clothing,State_A,DEPT_01,77.5,10
2025-02-07,OUTLET_1,PROD_006,Electronics,State_A,DEPT_01,83.0,20
2025-02-07,OUTLET_1,PROD_007,Home,State_A,DEPT_01,88.5,19
2025-02-07,OUTLET_1,PROD_008,Clothing,State_A,DEPT_01,94.0,25
2025-02-07,OUTLET_1,PROD_009,Electronics,State_A,DEPT_01,99.5,34
2025-02-07,OUTLET_1,PROD_010,Home,State_A,DEPT_01,105.0,10
2025-02-07,OUTLET_1,PROD_011,Clothing,State_A,DEPT_01,110.5,12
2025-02-07,OUTLET_1,PROD_012,Electronics,State_A,DEPT_01,116.0,24
2025-02-07,OUTLET_1,PROD_013,Home,State_A,DEPT_01,121.5,23
2025-02-07,OUTLET_1,PROD_014,Clothing,State_A,DEPT_01,127.0,35
2025-02-07,OUTLET_1,PROD_015,Electronics,State_A,DEPT_01,132.5,12
2025-02-07,OUTLET_1,PROD_016,Home,State_A,DEPT_01,138.0,19
2025-02-07,OUTLET_1,PROD_017,Clothing,State_A,DEPT_01,143.5,23
2025-02-07,OUTLET_1,PROD_018,Electronics,State_A,DEPT_01,149.0,30
2025-02-07,OUTLET_1,PROD_019,Home,State_A,DEPT_01,154.5,56
2025-02-07,OUTLET_2,PROD_000,Electronics,State_B,DEPT_01,50.0,7
2025-02-07,OUTLET_2,PROD_001,Home,State_B,DEPT_01,55.5,19
2025-02-07,OUTLET_2,PROD_002,Clothing,State_B,DEPT_01,61.0,22
2025-02-07,OUTLET_2,PROD_003,Electronics,State_B,DEPT_01,66.5,27
2025-02-07,OUTLET_2,PROD_004,Home,State_B,DEPT_01,72.0,33
2025-02-07,OUTLET_2,PROD_005,Clothing,State_B,DEPT_01,77.5,14
2025-02-07,OUTLET_2,PROD_006,Electronics,State_B,DEPT_01,83.0,17
2025-02-07,OUTLET_2,PROD_007,Home,State_B,DEPT_01,88.5,23
2025-02-07,OUTLET_2,PROD_008,Clothing,State_B,DEPT_01,94.0,23
2025-02-07,OUTLET_2,PROD_009,Electronics,State_B,DEPT_01,99.5,28
2025-02-07,OUTLET_2,PROD_010,Home,State_B,DEPT_01,105.0,15
2025-02-07,OUTLET_2,PROD_011,Clothing,State_B,DEPT_01,110.5,21
2025-02-07,OUTLET_2,PROD_012,Electronics,State_B,DEPT_01,116.0,26
2025-02-07,OUTLET_2,PROD_013,Home,State_B,DEPT_01,121.5,28
2025-02-07,OUTLET_2,PROD_014,Clothing,State_B,DEPT_01,127.0,37
2025-02-07,OUTLET_2,PROD_015,Electronics,State_B,DEPT_01,132.5,17
2025-02-07,OUTLET_2,PROD_016,Home,State_B,DEPT_01,138.0,21
2025-02-07,OUTLET_2,PROD_017,Clothing,State_B,DEPT_01,143.5,22
2025-02-07,OUTLET_2,PROD_018,Electronics,State_B,DEPT_01,149.0,30
2025-02-07,OUTLET_2,PROD_019,Home,State_B,DEPT_01,154.5,33
2025-02-08,OUTLET_1,PROD_000,Electronics,State_A,DEPT_01,50.0,13
2025-02-08,OUTLET_1,PROD_001,Home,State_A,DEPT_01,55.5,20
2025-02-08,OUTLET_1,PROD_002,Clothing,State_A,DEPT_01,61.0,27
2025-02-08,OUTLET_1,PROD_003,Electronics,State_A,DEPT_01,66.5,29
2025-02-08,OUTLET_1,PROD_004,Home,State_A,DEPT_01,72.0,29
2025-02-08,OUTLET_1,PROD_005,Clothing,State_A,DEPT_01,77.5,19
2025-02-08,OUTLET_1,PROD_006,Electronics,State_A,DEPT_01,83.0,17
2025-02-08,OUTLET_1,PROD_007,Home,State_A,DEPT_01,88.5,19
2025-02-08,OUTLET_1,PROD_008,Clothing,State_A,DEPT_01,94.0,28
2025-02-08,OUTLET_1,PROD_009,Electronics,State_A,DEPT_01,99.5,35
2025-02-08,OUTLET_1,PROD_010,Home,State_A,DEPT_01,105.0,16
2025-02-08,OUTLET_1,PROD_011,Clothing,State_A,DEPT_01,110.5,19
2025-02-08,OUTLET_1,PROD_012,Electronics,State_A,DEPT_01,116.0,21
2025-02-08,OUTLET_1,PROD_013,Home,State_A,DEPT_01,121.5,28
2025-02-08,OUTLET_1,PROD_014,Clothing,State_A,DEPT_01,127.0,33
2025-02-08,OUTLET_1,PROD_015,Electronics,State_A,DEPT_01,132.5,15
2025-02-08,OUTLET_1,PROD_016,Home,State_A,DEPT_01,138.0,18
2025-02-08,OUTLET_1,PROD_017,Clothing,State_A,DEPT_01,143.5,30
2025-02-08,OUTLET_1,PROD_018,Electronics,State_A,DEPT_01,149.0,31
2025-02-08,OUTLET_1,PROD_019,Home,State_A,DEPT_01,154.5,31
2025-02-08,OUTLET_2,PROD_000,Electronics,State_B,DEPT_01,50.0,11
2025-02-08,OUTLET_2,PROD_001,Home,State_B,DEPT_01,55.5,16
2025-02-08,OUTLET_2,PROD_002,Clothing,State_B,DEPT_01,61.0,24
2025-02-08,OUTLET_2,PROD_003,Electronics,State_B,DEPT_01,66.5,28
2025-02-08,OUTLET_2,PROD_004,Home,State_B,DEPT_01,72.0,30
2025-02-08,OUTLET_2,PROD_005,Clothing,State_B,DEPT_01,77.5,7
2025-02-08,OUTLET_2,PROD_006,Electronics,State_B,DEPT_01,83.0,17
2025-02-08,OUTLET_2,PROD_007,Home,State_B,DEPT_01,88.5,25
2025-02-08,OUTLET_2,PROD_008,Clothing,State_B,DEPT_01,94.0,24
2025-02-08,OUTLET_2,PROD_009,Electronics,State_B,DEPT_01,99.5,32
2025-02-08,OUTLET_2,PROD_010,Home,State_B,DEPT_01,105.0,60
2025-02-08,OUTLET_2,PROD_011,Clothing,State_B,DEPT_01,110.5,10
2025-02-08,OUTLET_2,PROD_012,Electronics,State_B,DEPT_01,116.0,18
2025-02-08,OUTLET_2,PROD_013,Home,State_B,DEPT_01,121.5,26
2025-02-08,OUTLET_2,PROD_014,Clothing,State_B,DEPT_01,127.0,30
2025-02-08,OUTLET_2,PROD_015,Electronics,State_B,DEPT_01,132.5,10
2025-02-08,OUTLET_2,PROD_016,Home,State_B,DEPT_01,138.0,22
2025-02-08,OUTLET_2,PROD_017,Clothing,State_B,DEPT_01,143.5,19
2025-02-08,OUTLET_2,PROD_018,Electronics,State_B,DEPT_01,149.0,26
2025-02-08,OUTLET_2,PROD_019,Home,State_B,DEPT_01,154.5,34
2025-02-09,OUTLET_1,PROD_000,Electronics,State_A,DEPT_01,50.0,7
2025-02-09,OUTLET_1,PROD_001,Home,State_A,DEPT_01,55.5,17
2025-02-09,OUTLET_1,PROD_002,Clothing,State_A,DEPT_01,61.0,23
2025-02-09,OUTLET_1,PROD_003,Electronics,State_A,DEPT_01,66.5,24
2025-02-09,OUTLET_1,PROD_004,Home,State_A,DEPT_01,72.0,28
2025-02-09,OUTLET_1,PROD_005,Clothing,State_A,DEPT_01,77.5,15
2025-02-09,OUTLET_1,PROD_006,Electronics,State_A,DEPT_01,83.0,12
2025-02-09,OUTLET_1,PROD_007,Home,State_A,DEPT_01,88.5,21
2025-02-09,OUTLET_1,PROD_008,Clothing,State_A,DEPT_01,94.0,24
2025-02-09,OUTLET_1,PROD_009,Electronics,State_A,DEPT_01,99.5,26
2025-02-09,OUTLET_1,PROD_010,Home,State_A,DEPT_01,105.0,16
2025-02-09,OUTLET_1,PROD_011,Clothing,State_A,DEPT_01,110.5,20
2025-02-09,OUTLET_1,PROD_012,Electronics,State_A,DEPT_01,116.0,54
2025-02-09,OUTLET_1,PROD_013,Home,State_A,DEPT_01,121.5,28
2025-02-09,OUTLET_1,PROD_014,Clothing,State_A,DEPT_01,127.0,33
2025-02-09,OUTLET_1,PROD_015,Electronics,State_A,DEPT_01,132.5,12
2025-02-09,OUTLET_1,PROD_016,Home,State_A,DEPT_01,138.0,23
2025-02-09,OUTLET_1,PROD_017,Clothing,State_A,DEPT_01,143.5,24
2025-02-09,OUTLET_1,PROD_018,Electronics,State_A,DEPT_01,149.0,27
2025-02-09,OUTLET_1,PROD_019,Home,State_A,DEPT_01,154.5,33
2025-02-09,OUTLET_2,PROD_000,Electronics,State_B,DEPT_01,50.0,15
2025-02-09,OUTLET_2,PROD_001,Home,State_B,DEPT_01,55.5,18
2025-02-09,OUTLET_2,PROD_002,Clothing,State_B,DEPT_01,61.0,28
2025-02-09,OUTLET_2,PROD_003,Electronics,State_B,DEPT_01,66.5,28
2025-02-09,OUTLET_2,PROD_004,Home,State_B,DEPT_01,72.0,34
2025-02-09,OUTLET_2,PROD_005,Clothing,State_B,DEPT_01,77.5,12
2025-02-09,OUTLET_2,PROD_006,Electronics,State_B,DEPT_01,83.0,16
2025-02-09,OUTLET_2,PROD_007,Home,State_B,DEPT_01,88.5,21
2025-02-09,OUTLET_2,PROD_008,Clothing,State_B,DEPT_01,94.0,28
2025-02-09,OUTLET_2,PROD_009,Electronics,State_B,DEPT_01,99.5,36
2025-02-09,OUTLET_2,PROD_010,Home,State_B,DEPT_01,105.0,17
2025-02-09,OUTLET_2,PROD_011,Clothing,State_B,DEPT_01,110.5,23
2025-02-09,OUTLET_2,PROD_012,Electronics,State_B,DEPT_01,116.0,21
2025-02-09,OUTLET_2,PROD_013,Home,State_B,DEPT_01,121.5,30
2025-02-09,OUTLET_2,PROD_014,Clothing,State_B,DEPT_01,127.0,36
2025-02-09,OUTLET_2,PROD_015,Electronics,State_B,DEPT_01,132.5,10
2025-02-09,OUTLET_2,PROD_016,Home,State_B,DEPT_01,138.0,18
2025-02-09,OUTLET_2,PROD_017,Clothing,State_B,DEPT_01,143.5,18
2025-02-09,OUTLET_2,PROD_018,Electronics,State_B,DEPT_01,149.0,30
2025-02-09,OUTLET_2,PROD_019,Home,State_B,DEPT_01,154.5,37
2025-02-10,OUTLET_1,PROD_000,Electronics,State_A,DEPT_01,50.0,9
2025-02-10,OUTLET_1,PROD_001,Home,State_A,DEPT_01,55.5,16
2025-02-10,OUTLET_1,PROD_002,Clothing,State_A,DEPT_01,61.0,21
2025-02-10,OUTLET_1,PROD_003,Electronics,State_A,DEPT_01,66.5,25
2025-02-10,OUTLET_1,PROD_004,Home,State_A,DEPT_01,72.0,33
2025-02-10,OUTLET_1,PROD_005,Clothing,State_A,DEPT_01,77.5,14
2025-02-10,OUTLET_1,PROD_006,Electronics,State_A,DEPT_01,83.0,20
2025-02-10,OUTLET_1,PROD_007,Home,State_A,DEPT_01,88.5,26
2025-02-10,OUTLET_1,PROD_008,Clothing,State_A,DEPT_01,94.0,33
2025-02-10,OUTLET_1,PROD_009,Electronics,State_A,DEPT_01,99.5,33
2025-02-10,OUTLET_1,PROD_010,Home,State_A,DEPT_01,105.0,12
2025-02-10,OUTLET_1,PROD_011,Clothing,State_A,DEPT_01,110.5,23
2025-02-10,OUTLET_1,PROD_012,Electronics,State_A,DEPT_01,116.0,23
2025-02-10,OUTLET_1,PROD_013,Home,State_A,DEPT_01,121.5,27
2025-02-10,OUTLET_1,PROD_014,Clothing,State_A,DEPT_01,127.0,37
2025-02-10,OUTLET_1,PROD_015,Electronics,State_A,DEPT_01,132.5,12
2025-02-10,OUTLET_1,PROD_016,Home,State_A,DEPT_01,138.0,20
2025-02-10,OUTLET_1,PROD_017,Clothing,State_A,DEPT_01,143.5,52
2025-02-10,OUTLET_1,PROD_018,Electronics,State_A,DEPT_01,149.0,28
2025-02-10,OUTLET_1,PROD_019,Home,State_A,DEPT_01,154.5,31
2025-02-10,OUTLET_2,PROD_000,Electronics,State_B,DEPT_01,50.0,11
2025-02-10,OUTLET_2,PROD_001,Home,State_B,DEPT_01,55.5,19
2025-02-10,OUTLET_2,PROD_002,Clothing,State_B,DEPT_01,61.0,21
2025-02-10,OUTLET_2,PROD_003,Electronics,State_B,DEPT_01,66.5,24
2025-02-10,OUTLET_2,PROD_004,Home,State_B,DEPT_01,72.0,31
2025-02-10,OUTLET_2,PROD_005,Clothing,State_B,DEPT_01,77.5,14
2025-02-10,OUTLET_2,PROD_006,Electronics,State_B,DEPT_01,83.0,20
2025-02-10,OUTLET_2,PROD_007,Home,State_B,DEPT_01,88.5,28
2025-02-10,OUTLET_2,PROD_008,Clothing,State_B,DEPT_01,94.0,28
2025-02-10,OUTLET_2,PROD_009,Electronics,State_B,DEPT_01,99.5,37
2025-02-10,OUTLET_2,PROD_010,Home,State_B,DEPT_01,105.0,12
2025-02-10,OUTLET_2,PROD_011,Clothing,State_B,DEPT_01,110.5,18
2025-02-10,OUTLET_2,PROD_012,Electronics,State_B,DEPT_01,116.0,22
2025-02-10,OUTLET_2,PROD_013,Home,State_B,DEPT_01,121.5,28
2025-02-10,OUTLET_2,PROD_014,Clothing,State_B,DEPT_01,127.0,35
2025-02-10,OUTLET_2,PROD_015,Electronics,State_B,DEPT_01,132.5,11
2025-02-10,OUTLET_2,PROD_016,Home,State_B,DEPT_01,138.0,15
2025-02-10,OUTLET_2,PROD_017,Clothing,State_B,DEPT_01,143.5,26
2025-02-10,OUTLET_2,PROD_018,Electronics,State_B,DEPT_01,149.0,75
2025-02-10,OUTLET_2,PROD_019,Home,State_B,DEPT_01,154.5,37
2025-02-11,OUTLET_1,PROD_000,Electronics,State_A,DEPT_01,50.0,12
2025-02-11,OUTLET_1,PROD_001,Home,State_A,DEPT_01,55.5,15
2025-02-11,OUTLET_1,PROD_002,Clothing,State_A,DEPT_01,61.0,66
2025-02-11,OUTLET_1,PROD_003,Electronics,State_A,DEPT_01,66.5,28
2025-02-11,OUTLET_1,PROD_004,Home,State_A,DEPT_01,72.0,30
2025-02-11,OUTLET_1,PROD_005,Clothing,State_A,DEPT_01,77.5,14
2025-02-11,OUTLET_1,PROD_006,Electronics,State_A,DEPT_01,83.0,13
2025-02-11,OUTLET_1,PROD_007,Home,State_A,DEPT_01,88.5,23
2025-02-11,OUTLET_1,PROD_008,Clothing,State_A,DEPT_01,94.0,30
2025-02-11,OUTLET_1,PROD_009,Electronics,State_A,DEPT_01,99.5,35
2025-02-11,OUTLET_1,PROD_010,Home,State_A,DEPT_01,105.0,15
2025-02-11,OUTLET_1,PROD_011,Clothing,State_A,DEPT_01,110.5,20
2025-02-11,OUTLET_1,PROD_012,Electronics,State_A,DEPT_01,116.0,25
2025-02-11,OUTLET_1,PROD_013,Home,State_A,DEPT_01,121.5,24
2025-02-11,OUTLET_1,PROD_014,Clothing,State_A,DEPT_01,127.0,32
2025-02-11,OUTLET_1,PROD_015,Electronics,State_A,DEPT_01,132.5,15
2025-02-11,OUTLET_1,PROD_016,Home,State_A,DEPT_01,138.0,16
2025-02-11,OUTLET_1,PROD_017,Clothing,State_A,DEPT_01,143.5,21
2025-02-11,OUTLET_1,PROD_018,Electronics,State_A,DEPT_01,149.0,28
2025-02-11,OUTLET_1,PROD_019,Home,State_A,DEPT_01,154.5,38
2025-02-11,OUTLET_2,PROD_000,Electronics,State_B,DEPT_01,50.0,15
2025-02-11,OUTLET_2,PROD_001,Home,State_B,DEPT_01,55.5,13
2025-02-11,OUTLET_2,PROD_002,Clothing,State_B,DEPT_01,61.0,23
2025-02-11,OUTLET_2,PROD_003,Electronics,State_B,DEPT_01,66.5,25
2025-02-11,OUTLET_2,PROD_004,Home,State_B,DEPT_01,72.0,35
2025-02-11,OUTLET_2,PROD_005,Clothing,State_B,DEPT_01,77.5,17
2025-02-11,OUTLET_2,PROD_006,Electronics,State_B,DEPT_01,83.0,24
2025-02-11,OUTLET_2,PROD_007,Home,State_B,DEPT_01,88.5,25
2025-02-11,OUTLET_2,PROD_008,Clothing,State_B,DEPT_01,94.0,29
2025-02-11,OUTLET_2,PROD_009,Electronics,State_B,DEPT_01,99.5,34
2025-02-11,OUTLET_2,PROD_010,Home,State_B,DEPT_01,105.0,58
2025-02-11,OUTLET_2,PROD_011,Clothing,State_B,DEPT_01,110.5,18
2025-02-11,OUTLET_2,PROD_012,Electronics,State_B,DEPT_01,116.0,23
2025-02-11,OUTLET_2,PROD_013,Home,State_B,DEPT_01,121.5,29
2025-02-11,OUTLET_2,PROD_014,Clothing,State_B,DEPT_01,127.0,32
2025-02-11,OUTLET_2,PROD_015,Electronics,State_B,DEPT_01,132.5,14
2025-02-11,OUTLET_2,PROD_016,Home,State_B,DEPT_01,138.0,19
2025-02-11,OUTLET_2,PROD_017,Clothing,State_B,DEPT_01,143.5,28
2025-02-11,OUTLET_2,PROD_018,Electronics,State_B,DEPT_01,149.0,26
2025-02-11,OUTLET_2,PROD_019,Home,State_B,DEPT_01,154.5,35
2025-02-12,OUTLET_1,PROD_000,Electronics,State_A,DEPT_01,50.0,13
2025-02-12,OUTLET_1,PROD_001,Home,State_A,DEPT_01,55.5,36
2025-02-12,OUTLET_1,PROD_002,Clothing,State_A,DEPT_01,61.0,24
2025-02-12,OUTLET_1,PROD_003,Electronics,State_A,DEPT_01,66.5,23
2025-02-12,OUTLET_1,PROD_004,Home,State_A,DEPT_01,72.0,33
2025-02-12,OUTLET_1,PROD_005,Clothing,State_A,DEPT_01,77.5,17
2025-02-12,OUTLET_1,PROD_006,Electronics,State_A,DEPT_01,83.0,16
2025-02-12,OUTLET_1,PROD_007,Home,State_A,DEPT_01,88.5,26
2025-02-12,OUTLET_1,PROD_008,Clothing,State_A,DEPT_01,94.0,23
2025-02-12,OUTLET_1,PROD_009,Electronics,State_A,DEPT_01,99.5,24
2025-02-12,OUTLET_1,PROD_010,Home,State_A,DEPT_01,105.0,16
2025-02-12,OUTLET_1,PROD_011,Clothing,State_A,DEPT_01,110.5,16
2025-02-12,OUTLET_1,PROD_012,Electronics,State_A,DEPT_01,116.0,17
2025-02-12,OUTLET_1,PROD_013,Home,State_A,DEPT_01,121.5,27
2025-02-12,OUTLET_1,PROD_014,Clothing,State_A,DEPT_01,127.0,33
2025-02-12,OUTLET_1,PROD_015,Electronics,State_A,DEPT_01,132.5,14
2025-02-12,OUTLET_1,PROD_016,Home,State_A,DEPT_01,138.0,10
2025-02-12,OUTLET_1,PROD_017,Clothing,State_A,DEPT_01,143.5,21
2025-02-12,OUTLET_1,PROD_018,Electronics,State_A,DEPT_01,149.0,28
2025-02-12,OUTLET_1,PROD_019,Home,State_A,DEPT_01,154.5,34
2025-02-12,OUTLET_2,PROD_000,Electronics,State_B,DEPT_01,50.0,10
2025-02-12,OUTLET_2,PROD_001,Home,State_B,DEPT_01,55.5,17
2025-02-12,OUTLET_2,PROD_002,Clothing,State_B,DEPT_01,61.0,21
2025-02-12,OUTLET_2,PROD_003,Electronics,State_B,DEPT_01,66.5,29
2025-02-12,OUTLET_2,PROD_004,Home,State_B,DEPT_01,72.0,36
2025-02-12,OUTLET_2,PROD_005,Clothing,State_B,DEPT_01,77.5,12
2025-02-12,OUTLET_2,PROD_006,Electronics,State_B,DEPT_01,83.0,14
2025-02-12,OUTLET_2,PROD_007,Home,State_B,DEPT_01,88.5,21
2025-02-12,OUTLET_2,PROD_008,Clothing,State_B,DEPT_01,94.0,33
2025-02-12,OUTLET_2,PROD_009,Electronics,State_B,DEPT_01,99.5,30
2025-02-12,OUTLET_2,PROD_010,Home,State_B,DEPT_01,105.0,9
2025-02-12,OUTLET_2,PROD_011,Clothing,State_B,DEPT_01,110.5,17
2025-02-12,OUTLET_2,PROD_012,Electronics,State_B,DEPT_01,116.0,23
2025-02-12,OUTLET_2,PROD_013,Home,State_B,DEPT_01,121.5,26
2025-02-12,OUTLET_2,PROD_014,Clothing,State_B,DEPT_01,127.0,28
2025-02-12,OUTLET_2,PROD_015,Electronics,State_B,DEPT_01,132.5,14
2025-02-12,OUTLET_2,PROD_016,Home,State_B,DEPT_01,138.0,19
2025-02-12,OUTLET_2,PROD_017,Clothing,State_B,DEPT_01,143.5,25
2025-02-12,OUTLET_2,PROD_018,Electronics,State_B,DEPT_01,149.0,28
2025-02-12,OUTLET_2,PROD_019,Home,State_B,DEPT_01,154.5,38
2025-02-13,OUTLET_1,PROD_000,Electronics,State_A,DEPT_01,50.0,15
2025-02-13,OUTLET_1,PROD_001,Home,State_A,DEPT_01,55.5,20
2025-02-13,OUTLET_1,PROD_002,Clothing,State_A,DEPT_01,61.0,27
2025-02-13,OUTLET_1,PROD_003,Electronics,State_A,DEPT_01,66.5,28
2025-02-13,OUTLET_1,PROD_004,Home,State_A,DEPT_01,72.0,32
2025-02-13,OUTLET_1,PROD_005,Clothing,State_A,DEPT_01,77.5,14
2025-02-13,OUTLET_1,PROD_006,Electronics,State_A,DEPT_01,83.0,12
2025-02-13,OUTLET_1,PROD_007,Home,State_A,DEPT_01,88.5,23
2025-02-13,OUTLET_1,PROD_008,Clothing,State_A,DEPT_01,94.0,28
2025-02-13,OUTLET_1,PROD_009,Electronics,State_A,DEPT_01,99.5,34
2025-02-13,OUTLET_1,PROD_010,Home,State_A,DEPT_01,105.0,16
2025-02-13,OUTLET_1,PROD_011,Clothing,State_A,DEPT_01,110.5,20
2025-02-13,OUTLET_1,PROD_012,Electronics,State_A,DEPT_01,116.0,43
2025-02-13,OUTLET_1,PROD_013,Home,State_A,DEPT_01,121.5,62
2025-02-13,OUTLET_1,PROD_014,Clothing,State_A,DEPT_01,127.0,37
2025-02-13,OUTLET_1,PROD_015,Electronics,State_A,DEPT_01,132.5,16
2025-02-13,OUTLET_1,PROD_016,Home,State_A,DEPT_01,138.0,19
2025-02-13,OUTLET_1,PROD_017,Clothing,State_A,DEPT_01,143.5,19
2025-02-13,OUTLET_1,PROD_018,Electronics,State_A,DEPT_01,149.0,21
2025-02-13,OUTLET_1,PROD_019,Home,State_A,DEPT_01,154.5,37
2025-02-13,OUTLET_2,PROD_000,Electronics,State_B,DEPT_01,50.0,17
2025-02-13,OUTLET_2,PROD_001,Home,State_B,DEPT_01,55.5,17
2025-02-13,OUTLET_2,PROD_002,Clothing,State_B,DEPT_01,61.0,20
2025-02-13,OUTLET_2,PROD_003,Electronics,State_B,DEPT_01,66.5,27
2025-02-13,OUTLET_2,PROD_004,Home,State_B,DEPT_01,72.0,30
2025-02-13,OUTLET_2,PROD_005,Clothing,State_B,DEPT_01,77.5,14
2025-02-13,OUTLET_2,PROD_006,Electronics,State_B,DEPT_01,83.0,17
2025-02-13,OUTLET_2,PROD_007,Home,State_B,DEPT_01,88.5,21
2025-02-13,OUTLET_2,PROD_008,Clothing,State_B,DEPT_01,94.0,26
2025-02-13,OUTLET_2,PROD_009,Electronics,State_B,DEPT_01,99.5,33
2025-02-13,OUTLET_2,PROD_010,Home,State_B,DEPT_01,105.0,12
2025-02-13,OUTLET_2,PROD_011,Clothing,State_B,DEPT_01,110.5,18
2025-02-13,OUTLET_2,PROD_012,Electronics,State_B,DEPT_01,116.0,21
2025-02-13,OUTLET_2,PROD_013,Home,State_B,DEPT_01,121.5,31
2025-02-13,OUTLET_2,PROD_014,Clothing,State_B,DEPT_01,127.0,34
2025-02-13,OUTLET_2,PROD_015,Electronics,State_B,DEPT_01,132.5,13
2025-02-13,OUTLET_2,PROD_016,Home,State_B,DEPT_01,138.0,15
2025-02-13,OUTLET_2,PROD_017,Clothing,State_B,DEPT_01,143.5,26
2025-02-13,OUTLET_2,PROD_018,Electronics,State_B,DEPT_01,149.0,26
2025-02-13,OUTLET_2,PROD_019,Home,State_B,DEPT_01,154.5,33
2025-02-14,OUTLET_1,PROD_000,Electronics,State_A,DEPT_01,50.0,11
2025-02-14,OUTLET_1,PROD_001,Home,State_A,DEPT_01,55.5,20
2025-02-14,OUTLET_1,PROD_002,Clothing,State_A,DEPT_01,61.0,17
2025-02-14,OUTLET_1,PROD_003,Electronics,State_A,DEPT_01,66.5,26
2025-02-14,OUTLET_1,PROD_004,Home,State_A,DEPT_01,72.0,35
2025-02-14,OUTLET_1,PROD_005,Clothing,State_A,DEPT_01,77.5,11
2025-02-14,OUTLET_1,PROD_006,Electronics,State_A,DEPT_01,83.0,12
2025-02-14,OUTLET_1,PROD_007,Home,State_A,DEPT_01,88.5,21
2025-02-14,OUTLET_1,PROD_008,Clothing,State_A,DEPT_01,94.0,29
2025-02-14,OUTLET_1,PROD_009,Electronics,State_A,DEPT_01,99.5,29
2025-02-14,OUTLET_1,PROD_010,Home,State_A,DEPT_01,105.0,12
2025-02-14,OUTLET_1,PROD_011,Clothing,State_A,DEPT_01,110.5,17
2025-02-14,OUTLET_1,PROD_012,Electronics,State_A,DEPT_01,116.0,28
2025-02-14,OUTLET_1,PROD_013,Home,State_A,DEPT_01,121.5,25
2025-02-14,OUTLET_1,PROD_014,Clothing,State_A,DEPT_01,127.0,38
2025-02-14,OUTLET_1,PROD_015,Electronics,State_A,DEPT_01,132.5,10
2025-02-14,OUTLET_1,PROD_016,Home,State_A,DEPT_01,138.0,20
2025-02-14,OUTLET_1,PROD_017,Clothing,State_A,DEPT_01,143.5,22
2025-02-14,OUTLET_1,PROD_018,Electronics,State_A,DEPT_01,149.0,27
2025-02-14,OUTLET_1,PROD_019,Home,State_A,DEPT_01,154.5,29
2025-02-14,OUTLET_2,PROD_000,Electronics,State_B,DEPT_01,50.0,15
2025-02-14,OUTLET_2,PROD_001,Home,State_B,DEPT_01,55.5,21
2025-02-14,OUTLET_2,PROD_002,Clothing,State_B,DEPT_01,61.0,24
2025-02-14,OUTLET_2,PROD_003,Electronics,State_B,DEPT_01,66.5,26
2025-02-14,OUTLET_2,PROD_004,Home,State_B,DEPT_01,72.0,61
2025-02-14,OUTLET_2,PROD_005,Clothing,State_B,DEPT_01,77.5,12
2025-02-14,OUTLET_2,PROD_006,Electronics,State_B,DEPT_01,83.0,22
2025-02-14,OUTLET_2,PROD_007,Home,State_B,DEPT_01,88.5,21
2025-02-14,OUTLET_2,PROD_008,Clothing,State_B,DEPT_01,94.0,23
2025-02-14,OUTLET_2,PROD_009,Electronics,State_B,DEPT_01,99.5,27
2025-02-14,OUTLET_2,PROD_010,Home,State_B,DEPT_01,105.0,20
2025-02-14,OUTLET_2,PROD_011,Clothing,State_B,DEPT_01,110.5,18
2025-02-14,OUTLET_2,PROD_012,Electronics,State_B,DEPT_01,116.0,21
2025-02-14,OUTLET_2,PROD_013,Home,State_B,DEPT_01,121.5,27
2025-02-14,OUTLET_2,PROD_014,Clothing,State_B,DEPT_01,127.0,28
2025-02-14,OUTLET_2,PROD_015,Electronics,State_B,DEPT_01,132.5,13
2025-02-14,OUTLET_2,PROD_016,Home,State_B,DEPT_01,138.0,20
2025-02-14,OUTLET_2,PROD_017,Clothing,State_B,DEPT_01,143.5,20
2025-02-14,OUTLET_2,PROD_018,Electronics,State_B,DEPT_01,149.0,29
2025-02-14,OUTLET_2,PROD_019,Home,State_B,DEPT_01,154.5,40
2025-02-15,OUTLET_1,PROD_000,Electronics,State_A,DEPT_01,50.0,15
2025-02-15,OUTLET_1,PROD_001,Home,State_A,DEPT_01,55.5,18
2025-02-15,OUTLET_1,PROD_002,Clothing,State_A,DEPT_01,61.0,19
2025-02-15,OUTLET_1,PROD_003,Electronics,State_A,DEPT_01,66.5,30
2025-02-15,OUTLET_1,PROD_004,Home,State_A,DEPT_01,72.0,34
2025-02-15,OUTLET_1,PROD_005,Clothing,State_A,DEPT_01,77.5,56
2025-02-15,OUTLET_1,PROD_006,Electronics,State_A,DEPT_01,83.0,13
2025-02-15,OUTLET_1,PROD_007,Home,State_A,DEPT_01,88.5,28
2025-02-15,OUTLET_1,PROD_008,Clothing,State_A,DEPT_01,94.0,32
2025-02-15,OUTLET_1,PROD_009,Electronics,State_A,DEPT_01,99.5,34
2025-02-15,OUTLET_1,PROD_010,Home,State_A,DEPT_01,105.0,15
2025-02-15,OUTLET_1,PROD_011,Clothing,State_A,DEPT_01,110.5,21
2025-02-15,OUTLET_1,PROD_012,Electronics,State_A,DEPT_01,116.0,27
2025-02-15,OUTLET_1,PROD_013,Home,State_A,DEPT_01,121.5,30
2025-02-15,OUTLET_1,PROD_014,Clothing,State_A,DEPT_01,127.0,30
2025-02-15,OUTLET_1,PROD_015,Electronics,State_A,DEPT_01,132.5,14
2025-02-15,OUTLET_1,PROD_016,Home,State_A,DEPT_01,138.0,22
2025-02-15,OUTLET_1,PROD_017,Clothing,State_A,DEPT_01,143.5,24
2025-02-15,OUTLET_1,PROD_018,Electronics,State_A,DEPT_01,149.0,74
2025-02-15,OUTLET_1,PROD_019,Home,State_A,DEPT_01,154.5,35
2025-02-15,OUTLET_2,PROD_000,Electronics,State_B,DEPT_01,50.0,17
2025-02-15,OUTLET_2,PROD_001,Home,State_B,DEPT_01,55.5,22
2025-02-15,OUTLET_2,PROD_002,Clothing,State_B,DEPT_01,61.0,25
2025-02-15,OUTLET_2,PROD_003,Electronics,State_B,DEPT_01,66.5,25
2025-02-15,OUTLET_2,PROD_004,Home,State_B,DEPT_01,72.0,37
2025-02-15,OUTLET_2,PROD_005,Clothing,State_B,DEPT_01,77.5,9
2025-02-15,OUTLET_2,PROD_006,Electronics,State_B,DEPT_01,83.0,16
2025-02-15,OUTLET_2,PROD_007,Home,State_B,DEPT_01,88.5,24
2025-02-15,OUTLET_2,PROD_008,Clothing,State_B,DEPT_01,94.0,27
2025-02-15,OUTLET_2,PROD_009,Electronics,State_B,DEPT_01,99.5,34
2025-02-15,OUTLET_2,PROD_010,Home,State_B,DEPT_01,105.0,9
2025-02-15,OUTLET_2,PROD_011,Clothing,State_B,DEPT_01,110.5,16
2025-02-15,OUTLET_2,PROD_012,Electronics,State_B,DEPT_01,116.0,25
2025-02-15,OUTLET_2,PROD_013,Home,State_B,DEPT_01,121.5,36
2025-02-15,OUTLET_2,PROD_014,Clothing,State_B,DEPT_01,127.0,37
2025-02-15,OUTLET_2,PROD_015,Electronics,State_B,DEPT_01,132.5,8
2025-02-15,OUTLET_2,PROD_016,Home,State_B,DEPT_01,138.0,17
2025-02-15,OUTLET_2,PROD_017,Clothing,State_B,DEPT_01,143.5,21
2025-02-15,OUTLET_2,PROD_018,Electronics,State_B,DEPT_01,149.0,28
2025-02-15,OUTLET_2,PROD_019,Home,State_B,DEPT_01,154.5,34
2025-02-16,OUTLET_1,PROD_000,Electronics,State_A,DEPT_01,50.0,11
2025-02-16,OUTLET_1,PROD_001,Home,State_A,DEPT_01,55.5,21
2025-02-16,OUTLET_1,PROD_002,Clothing,State_A,DEPT_01,61.0,27
2025-02-16,OUTLET_1,PROD_003,Electronics,State_A,DEPT_01,66.5,32
2025-02-16,OUTLET_1,PROD_004,Home,State_A,DEPT_01,72.0,30
2025-02-16,OUTLET_1,PROD_005,Clothing,State_A,DEPT_01,77.5,14
2025-02-16,OUTLET_1,PROD_006,Electronics,State_A,DEPT_01,83.0,21
2025-02-16,OUTLET_1,PROD_007,Home,State_A,DEPT_01,88.5,26
2025-02-16,OUTLET_1,PROD_008,Clothing,State_A,DEPT_01,94.0,30
2025-02-16,OUTLET_1,PROD_009,Electronics,State_A,DEPT_01,99.5,37
2025-02-16,OUTLET_1,PROD_010,Home,State_A,DEPT_01,105.0,12
2025-02-16,OUTLET_1,PROD_011,Clothing,State_A,DEPT_01,110.5,13
2025-02-16,OUTLET_1,PROD_012,Electronics,State_A,DEPT_01,116.0,22
2025-02-16,OUTLET_1,PROD_013,Home,State_A,DEPT_01,121.5,27
2025-02-16,OUTLET_1,PROD_014,Clothing,State_A,DEPT_01,127.0,41
2025-02-16,OUTLET_1,PROD_015,Electronics,State_A,DEPT_01,132.5,11
2025-02-16,OUTLET_1,PROD_016,Home,State_A,DEPT_01,138.0,22
2025-02-16,OUTLET_1,PROD_017,Clothing,State_A,DEPT_01,143.5,30
2025-02-16,OUTLET_1,PROD_018,Electronics,State_A,DEPT_01,149.0,34
2025-02-16,OUTLET_1,PROD_019,Home,State_A,DEPT_01,154.5,33
2025-02-16,OUTLET_2,PROD_000,Electronics,State_B,DEPT_01,50.0,16
2025-02-16,OUTLET_2,PROD_001,Home,State_B,DEPT_01,55.5,19
2025-02-16,OUTLET_2,PROD_002,Clothing,State_B,DEPT_01,61.0,21
2025-02-16,OUTLET_2,PROD_003,Electronics,State_B,DEPT_01,66.5,32
2025-02-16,OUTLET_2,PROD_004,Home,State_B,DEPT_01,72.0,35
2025-02-16,OUTLET_2,PROD_005,Clothing,State_B,DEPT_01,77.5,10
2025-02-16,OUTLET_2,PROD_006,Electronics,State_B,DEPT_01,83.0,17
2025-02-16,OUTLET_2,PROD_007,Home,State_B,DEPT_01,88.5,23
2025-02-16,OUTLET_2,PROD_008,Clothing,State_B,DEPT_01,94.0,32
2025-02-16,OUTLET_2,PROD_009,Electronics,State_B,DEPT_01,99.5,30
2025-02-16,OUTLET_2,PROD_010,Home,State_B,DEPT_01,105.0,6
2025-02-16,OUTLET_2,PROD_011,Clothing,State_B,DEPT_01,110.5,15
2025-02-16,OUTLET_2,PROD_012,Electronics,State_B,DEPT_01,116.0,24
2025-02-16,OUTLET_2,PROD_013,Home,State_B,DEPT_01,121.5,25
2025-02-16,OUTLET_2,PROD_014,Clothing,State_B,DEPT_01,127.0,33
2025-02-16,OUTLET_2,PROD_015,Electronics,State_B,DEPT_01,132.5,12
2025-02-16,OUTLET_2,PROD_016,Home,State_B,DEPT_01,138.0,12
2025-02-16,OUTLET_2,PROD_017,Clothing,State_B,DEPT_01,143.5,21
2025-02-16,OUTLET_2,PROD_018,Electronics,State_B,DEPT_01,149.0,27
2025-02-16,OUTLET_2,PROD_019,Home,State_B,DEPT_01,154.5,36
2025-02-17,OUTLET_1,PROD_000,Electronics,State_A,DEPT_01,50.0,19
2025-02-17,OUTLET_1,PROD_001,Home,State_A,DEPT_01,55.5,16
2025-02-17,OUTLET_1,PROD_002,Clothing,State_A,DEPT_01,61.0,24
2025-02-17,OUTLET_1,PROD_003,Electronics,State_A,DEPT_01,66.5,30
2025-02-17,OUTLET_1,PROD_004,Home,State_A,DEPT_01,72.0,41
2025-02-17,OUTLET_1,PROD_005,Clothing,State_A,DEPT_01,77.5,12
2025-02-17,OUTLET_1,PROD_006,Electronics,State_A,DEPT_01,83.0,16
2025-02-17,OUTLET_1,PROD_007,Home,State_A,DEPT_01,88.5,22
2025-02-17,OUTLET_1,PROD_008,Clothing,State_A,DEPT_01,94.0,26
2025-02-17,OUTLET_1,PROD_009,Electronics,State_A,DEPT_01,99.5,35
2025-02-17,OUTLET_1,PROD_010,Home,State_A,DEPT_01,105.0,16
2025-02-17,OUTLET_1,PROD_011,Clothing,State_A,DEPT_01,110.5,19
2025-02-17,OUTLET_1,PROD_012,Electronics,State_A,DEPT_01,116.0,24
2025-02-17,OUTLET_1,PROD_013,Home,State_A,DEPT_01,121.5,32
2025-02-17,OUTLET_1,PROD_014,Clothing,State_A,DEPT_01,127.0,33
2025-02-17,OUTLET_1,PROD_015,Electronics,State_A,DEPT_01,132.5,16
2025-02-17,OUTLET_1,PROD_016,Home,State_A,DEPT_01,138.0,18
2025-02-17,OUTLET_1,PROD_017,Clothing,State_A,DEPT_01,143.5,20
2025-02-17,OUTLET_1,PROD_018,Electronics,State_A,DEPT_01,149.0,32
2025-02-17,OUTLET_1,PROD_019,Home,State_A,DEPT_01,154.5,34
2025-02-17,OUTLET_2,PROD_000,Electronics,State_B,DEPT_01,50.0,16
2025-02-17,OUTLET_2,PROD_001,Home,State_B,DEPT_01,55.5,19
2025-02-17,OUTLET_2,PROD_002,Clothing,State_B,DEPT_01,61.0,25
2025-02-17,OUTLET_2,PROD_003,Electronics,State_B,DEPT_01,66.5,26
2025-02-17,OUTLET_2,PROD_004,Home,State_B,DEPT_01,72.0,41
2025-02-17,OUTLET_2,PROD_005,Clothing,State_B,DEPT_01,77.5,15
2025-02-17,OUTLET_2,PROD_006,Electronics,State_B,DEPT_01,83.0,22
2025-02-17,OUTLET_2,PROD_007,Home,State_B,DEPT_01,88.5,23
2025-02-17,OUTLET_2,PROD_008,Clothing,State_B,DEPT_01,94.0,26
2025-02-17,OUTLET_2,PROD_009,Electronics,State_B,DEPT_01,99.5,36
2025-02-17,OUTLET_2,PROD_010,Home,State_B,DEPT_01,105.0,9
2025-02-17,OUTLET_2,PROD_011,Clothing,State_B,DEPT_01,110.5,23
2025-02-17,OUTLET_2,PROD_012,Electronics,State_B,DEPT_01,116.0,22
2025-02-17,OUTLET_2,PROD_013,Home,State_B,DEPT_01,121.5,31
2025-02-17,OUTLET_2,PROD_014,Clothing,State_B,DEPT_01,127.0,34
2025-02-17,OUTLET_2,PROD_015,Electronics,State_B,DEPT_01,132.5,17
2025-02-17,OUTLET_2,PROD_016,Home,State_B,DEPT_01,138.0,22
2025-02-17,OUTLET_2,PROD_017,Clothing,State_B,DEPT_01,143.5,24
2025-02-17,OUTLET_2,PROD_018,Electronics,State_B,DEPT_01,149.0,24
2025-02-17,OUTLET_2,PROD_019,Home,State_B,DEPT_01,154.5,38
2025-02-18,OUTLET_1,PROD_000,Electronics,State_A,DEPT_01,50.0,9
2025-02-18,OUTLET_1,PROD_001,Home,State_A,DEPT_01,55.5,20
2025-02-18,OUTLET_1,PROD_002,Clothing,State_A,DEPT_01,61.0,27
2025-02-18,OUTLET_1,PROD_003,Electronics,State_A,DEPT_01,66.5,30
2025-02-18,OUTLET_1,PROD_004,Home,State_A,DEPT_01,72.0,31
2025-02-18,OUTLET_1,PROD_005,Clothing,State_A,DEPT_01,77.5,14
2025-02-18,OUTLET_1,PROD_006,Electronics,State_A,DEPT_01,83.0,17
2025-02-18,OUTLET_1,PROD_007,Home,State_A,DEPT_01,88.5,22
2025-02-18,OUTLET_1,PROD_008,Clothing,State_A,DEPT_01,94.0,29
2025-02-18,OUTLET_1,PROD_009,Electronics,State_A,DEPT_01,99.5,26
2025-02-18,OUTLET_1,PROD_010,Home,State_A,DEPT_01,105.0,13
2025-02-18,OUTLET_1,PROD_011,Clothing,State_A,DEPT_01,110.5,19
2025-02-18,OUTLET_1,PROD_012,Electronics,State_A,DEPT_01,116.0,24
2025-02-18,OUTLET_1,PROD_013,Home,State_A,DEPT_01,121.5,26
2025-02-18,OUTLET_1,PROD_014,Clothing,State_A,DEPT_01,127.0,35
2025-02-18,OUTLET_1,PROD_015,Electronics,State_A,DEPT_01,132.5,13
2025-02-18,OUTLET_1,PROD_016,Home,State_A,DEPT_01,138.0,25
2025-02-18,OUTLET_1,PROD_017,Clothing,State_A,DEPT_01,143.5,25
2025-02-18,OUTLET_1,PROD_018,Electronics,State_A,DEPT_01,149.0,27
2025-02-18,OUTLET_1,PROD_019,Home,State_A,DEPT_01,154.5,36
2025-02-18,OUTLET_2,PROD_000,Electronics,State_B,DEPT_01,50.0,8
2025-02-18,OUTLET_2,PROD_001,Home,State_B,DEPT_01,55.5,53
2025-02-18,OUTLET_2,PROD_002,Clothing,State_B,DEPT_01,61.0,26
2025-02-18,OUTLET_2,PROD_003,Electronics,State_B,DEPT_01,66.5,25
2025-02-18,OUTLET_2,PROD_004,Home,State_B,DEPT_01,72.0,37
2025-02-18,OUTLET_2,PROD_005,Clothing,State_B,DEPT_01,77.5,11
2025-02-18,OUTLET_2,PROD_006,Electronics,State_B,DEPT_01,83.0,52
2025-02-18,OUTLET_2,PROD_007,Home,State_B,DEPT_01,88.5,23
2025-02-18,OUTLET_2,PROD_008,Clothing,State_B,DEPT_01,94.0,33
2025-02-18,OUTLET_2,PROD_009,Electronics,State_B,DEPT_01,99.5,35
2025-02-18,OUTLET_2,PROD_010,Home,State_B,DEPT_01,105.0,12
2025-02-18,OUTLET_2,PROD_011,Clothing,State_B,DEPT_01,110.5,18
2025-02-18,OUTLET_2,PROD_012,Electronics,State_B,DEPT_01,116.0,25
2025-02-18,OUTLET_2,PROD_013,Home,State_B,DEPT_01,121.5,34
2025-02-18,OUTLET_2,PROD_014,Clothing,State_B,DEPT_01,127.0,33
2025-02-18,OUTLET_2,PROD_015,Electronics,State_B,DEPT_01,132.5,12
2025-02-18,OUTLET_2,PROD_016,Home,State_B,DEPT_01,138.0,18
2025-02-18,OUTLET_2,PROD_017,Clothing,State_B,DEPT_01,143.5,23
2025-02-18,OUTLET_2,PROD_018,Electronics,State_B,DEPT_01,149.0,29
2025-02-18,OUTLET_2,PROD_019,Home,State_B,DEPT_01,154.5,33
2025-02-19,OUTLET_1,PROD_000,Electronics,State_A,DEPT_01,50.0,17
2025-02-19,OUTLET_1,PROD_001,Home,State_A,DEPT_01,55.5,16
2025-02-19,OUTLET_1,PROD_002,Clothing,State_A,DEPT_01,61.0,25
2025-02-19,OUTLET_1,PROD_003,Electronics,State_A,DEPT_01,66.5,30
2025-02-19,OUTLET_1,PROD_004,Home,State_A,DEPT_01,72.0,31
2025-02-19,OUTLET_1,PROD_005,Clothing,State_A,DEPT_01,77.5,15
2025-02-19,OUTLET_1,PROD_006,Electronics,State_A,DEPT_01,83.0,55
2025-02-19,OUTLET_1,PROD_007,Home,State_A,DEPT_01,88.5,16
2025-02-19,OUTLET_1,PROD_008,Clothing,State_A,DEPT_01,94.0,23
2025-02-19,OUTLET_1,PROD_009,Electronics,State_A,DEPT_01,99.5,39
2025-02-19,OUTLET_1,PROD_010,Home,State_A,DEPT_01,105.0,9
2025-02-19,OUTLET_1,PROD_011,Clothing,State_A,DEPT_01,110.5,15
2025-02-19,OUTLET_1,PROD_012,Electronics,State_A,DEPT_01,116.0,25
2025-02-19,OUTLET_1,PROD_013,Home,State_A,DEPT_01,121.5,29
2025-02-19,OUTLET_1,PROD_014,Clothing,State_A,DEPT_01,127.0,30
2025-02-19,OUTLET_1,PROD_015,Electronics,State_A,DEPT_01,132.5,15
2025-02-19,OUTLET_1,PROD_016,Home,State_A,DEPT_01,138.0,18
2025-02-19,OUTLET_1,PROD_017,Clothing,State_A,DEPT_01,143.5,18
2025-02-19,OUTLET_1,PROD_018,Electronics,State_A,DEPT_01,149.0,32
2025-02-19,OUTLET_1,PROD_019,Home,State_A,DEPT_01,154.5,31
2025-02-19,OUTLET_2,PROD_000,Electronics,State_B,DEPT_01,50.0,10
2025-02-19,OUTLET_2,PROD_001,Home,State_B,DEPT_01,55.5,18
2025-02-19,OUTLET_2,PROD_002,Clothing,State_B,DEPT_01,61.0,21
2025-02-19,OUTLET_2,PROD_003,Electronics,State_B,DEPT_01,66.5,30
2025-02-19,OUTLET_2,PROD_004,Home,State_B,DEPT_01,72.0,33
2025-02-19,OUTLET_2,PROD_005,Clothing,State_B,DEPT_01,77.5,14
2025-02-19,OUTLET_2,PROD_006,Electronics,State_B,DEPT_01,83.0,16
2025-02-19,OUTLET_2,PROD_007,Home,State_B,DEPT_01,88.5,24
2025-02-19,OUTLET_2,PROD_008,Clothing,State_B,DEPT_01,94.0,26
2025-02-19,OUTLET_2,PROD_009,Electronics,State_B,DEPT_01,99.5,32
2025-02-19,OUTLET_2,PROD_010,Home,State_B,DEPT_01,105.0,13
2025-02-19,OUTLET_2,PROD_011,Clothing,State_B,DEPT_01,110.5,13
2025-02-19,OUTLET_2,PROD_012,Electronics,State_B,DEPT_01,116.0,26
2025-02-19,OUTLET_2,PROD_013,Home,State_B,DEPT_01,121.5,24
2025-02-19,OUTLET_2,PROD_014,Clothing,State_B,DEPT_01,127.0,30
2025-02-19,OUTLET_2,PROD_015,Electronics,State_B,DEPT_01,132.5,11
2025-02-19,OUTLET_2,PROD_016,Home,State_B,DEPT_01,138.0,20
2025-02-19,OUTLET_2,PROD_017,Clothing,State_B,DEPT_01,143.5,22
2025-02-19,OUTLET_2,PROD_018,Electronics,State_B,DEPT_01,149.0,33
2025-02-19,OUTLET_2,PROD_019,Home,State_B,DEPT_01,154.5,38
2025-02-20,OUTLET_1,PROD_000,Electronics,State_A,DEPT_01,50.0,15
2025-02-20,OUTLET_1,PROD_001,Home,State_A,DEPT_01,55.5,16
2025-02-20,OUTLET_1,PROD_002,Clothing,State_A,DEPT_01,61.0,23
2025-02-20,OUTLET_1,PROD_003,Electronics,State_A,DEPT_01,66.5,28
2025-02-20,OUTLET_1,PROD_004,Home,State_A,DEPT_01,72.0,36
2025-02-20,OUTLET_1,PROD_005,Clothing,State_A,DEPT_01,77.5,12
2025-02-20,OUTLET_1,PROD_006,Electronics,State_A,DEPT_01,83.0,16
2025-02-20,OUTLET_1,PROD_007,Home,State_A,DEPT_01,88.5,20
2025-02-20,OUTLET_1,PROD_008,Clothing,State_A,DEPT_01,94.0,32
2025-02-20,OUTLET_1,PROD_009,Electronics,State_A,DEPT_01,99.5,35
2025-02-20,OUTLET_1,PROD_010,Home,State_A,DEPT_01,105.0,12
2025-02-20,OUTLET_1,PROD_011,Clothing,State_A,DEPT_01,110.5,17
2025-02-20,OUTLET_1,PROD_012,Electronics,State_A,DEPT_01,116.0,18
2025-02-20,OUTLET_1,PROD_013,Home,State_A,DEPT_01,121.5,25
2025-02-20,OUTLET_1,PROD_014,Clothing,State_A,DEPT_01,127.0,39
2025-02-20,OUTLET_1,PROD_015,Electronics,State_A,DEPT_01,132.5,14
2025-02-20,OUTLET_1,PROD_016,Home,State_A,DEPT_01,138.0,14
2025-02-20,OUTLET_1,PROD_017,Clothing,State_A,DEPT_01,143.5,19
2025-02-20,OUTLET_1,PROD_018,Electronics,State_A,DEPT_01,149.0,27
2025-02-20,OUTLET_1,PROD_019,Home,State_A,DEPT_01,154.5,31
2025-02-20,OUTLET_2,PROD_000,Electronics,State_B,DEPT_01,50.0,13
2025-02-20,OUTLET_2,PROD_001,Home,State_B,DEPT_01,55.5,20
2025-02-20,OUTLET_2,PROD_002,Clothing,State_B,DEPT_01,61.0,20
2025-02-20,OUTLET_2,PROD_003,Electronics,State_B,DEPT_01,66.5,27
2025-02-20,OUTLET_2,PROD_004,Home,State_B,DEPT_01,72.0,30
2025-02-20,OUTLET_2,PROD_005,Clothing,State_B,DEPT_01,77.5,18
2025-02-20,OUTLET_2,PROD_006,Electronics,State_B,DEPT_01,83.0,20
2025-02-20,OUTLET_2,PROD_007,Home,State_B,DEPT_01,88.5,25
2025-02-20,OUTLET_2,PROD_008,Clothing,State_B,DEPT_01,94.0,30
2025-02-20,OUTLET_2,PROD_009,Electronics,State_B,DEPT_01,99.5,31
2025-02-20,OUTLET_2,PROD_010,Home,State_B,DEPT_01,105.0,14
2025-02-20,OUTLET_2,PROD_011,Clothing,State_B,DEPT_01,110.5,19
2025-02-20,OUTLET_2,PROD_012,Electronics,State_B,DEPT_01,116.0,24
2025-02-20,OUTLET_2,PROD_013,Home,State_B,DEPT_01,121.5,26
2025-02-20,OUTLET_2,PROD_014,Clothing,State_B,DEPT_01,127.0,31
2025-02-20,OUTLET_2,PROD_015,Electronics,State_B,DEPT_01,132.5,16
2025-02-20,OUTLET_2,PROD_016,Home,State_B,DEPT_01,138.0,17
2025-02-20,OUTLET_2,PROD_017,Clothing,State_B,DEPT_01,143.5,26
2025-02-20,OUTLET_2,PROD_018,Electronics,State_B,DEPT_01,149.0,26
2025-02-20,OUTLET_2,PROD_019,Home,State_B,DEPT_01,154.5,31
2025-02-21,OUTLET_1,PROD_000,Electronics,State_A,DEPT_01,50.0,11
2025-02-21,OUTLET_1,PROD_001,Home,State_A,DEPT_01,55.5,18
2025-02-21,OUTLET_1,PROD_002,Clothing,State_A,DEPT_01,61.0,26
2025-02-21,OUTLET_1,PROD_003,Electronics,State_A,DEPT_01,66.5,74
2025-02-21,OUTLET_1,PROD_004,Home,State_A,DEPT_01,72.0,36
2025-02-21,OUTLET_1,PROD_005,Clothing,State_A,DEPT_01,77.5,17
2025-02-21,OUTLET_1,PROD_006,Electronics,State_A,DEPT_01,83.0,18
2025-02-21,OUTLET_1,PROD_007,Home,State_A,DEPT_01,88.5,29
2025-02-21,OUTLET_1,PROD_008,Clothing,State_A,DEPT_01,94.0,29
2025-02-21,OUTLET_1,PROD_009,Electronics,State_A,DEPT_01,99.5,32
2025-02-21,OUTLET_1,PROD_010,Home,State_A,DEPT_01,105.0,14
2025-02-21,OUTLET_1,PROD_011,Clothing,State_A,DEPT_01,110.5,24
2025-02-21,OUTLET_1,PROD_012,Electronics,State_A,DEPT_01,116.0,25
2025-02-21,OUTLET_1,PROD_013,Home,State_A,DEPT_01,121.5,30
2025-02-21,OUTLET_1,PROD_014,Clothing,State_A,DEPT_01,127.0,35
2025-02-21,OUTLET_1,PROD_015,Electronics,State_A,DEPT_01,132.5,16
2025-02-21,OUTLET_1,PROD_016,Home,State_A,DEPT_01,138.0,19
2025-02-21,OUTLET_1,PROD_017,Clothing,State_A,DEPT_01,143.5,25
2025-02-21,OUTLET_1,PROD_018,Electronics,State_A,DEPT_01,149.0,29
2025-02-21,OUTLET_1,PROD_019,Home,State_A,DEPT_01,154.5,34
2025-02-21,OUTLET_2,PROD_000,Electronics,State_B,DEPT_01,50.0,16
2025-02-21,OUTLET_2,PROD_001,Home,State_B,DEPT_01,55.5,16
2025-02-21,OUTLET_2,PROD_002,Clothing,State_B,DEPT_01,61.0,23
2025-02-21,OUTLET_2,PROD_003,Electronics,State_B,DEPT_01,66.5,28
2025-02-21,OUTLET_2,PROD_004,Home,State_B,DEPT_01,72.0,29
2025-02-21,OUTLET_2,PROD_005,Clothing,State_B,DEPT_01,77.5,10
2025-02-21,OUTLET_2,PROD_006,Electronics,State_B,DEPT_01,83.0,18
2025-02-21,OUTLET_2,PROD_007,Home,State_B,DEPT_01,88.5,27
2025-02-21,OUTLET_2,PROD_008,Clothing,State_B,DEPT_01,94.0,29
2025-02-21,OUTLET_2,PROD_009,Electronics,State_B,DEPT_01,99.5,32
2025-02-21,OUTLET_2,PROD_010,Home,State_B,DEPT_01,105.0,18
2025-02-21,OUTLET_2,PROD_011,Clothing,State_B,DEPT_01,110.5,17
2025-02-21,OUTLET_2,PROD_012,Electronics,State_B,DEPT_01,116.0,20
2025-02-21,OUTLET_2,PROD_013,Home,State_B,DEPT_01,121.5,34
2025-02-21,OUTLET_2,PROD_014,Clothing,State_B,DEPT_01,127.0,34
2025-02-21,OUTLET_2,PROD_015,Electronics,State_B,DEPT_01,132.5,18
2025-02-21,OUTLET_2,PROD_016,Home,State_B,DEPT_01,138.0,18
2025-02-21,OUTLET_2,PROD_017,Clothing,State_B,DEPT_01,143.5,23
2025-02-21,OUTLET_2,PROD_018,Electronics,State_B,DEPT_01,149.0,24
2025-02-21,OUTLET_2,PROD_019,Home,State_B,DEPT_01,154.5,32
2025-02-22,OUTLET_1,PROD_000,Electronics,State_A,DEPT_01,50.0,15
2025-02-22,OUTLET_1,PROD_001,Home,State_A,DEPT_01,55.5,20
2025-02-22,OUTLET_1,PROD_002,Clothing,State_A,DEPT_01,61.0,24
2025-02-22,OUTLET_1,PROD_003,Electronics,State_A,DEPT_01,66.5,28
2025-02-22,OUTLET_1,PROD_004,Home,State_A,DEPT_01,72.0,34
2025-02-22,OUTLET_1,PROD_005,Clothing,State_A,DEPT_01,77.5,10
2025-02-22,OUTLET_1,PROD_006,Electronics,State_A,DEPT_01,83.0,23
2025-02-22,OUTLET_1,PROD_007,Home,State_A,DEPT_01,88.5,26
2025-02-22,OUTLET_1,PROD_008,Clothing,State_A,DEPT_01,94.0,28
2025-02-22,OUTLET_1,PROD_009,Electronics,State_A,DEPT_01,99.5,32
2025-02-22,OUTLET_1,PROD_010,Home,State_A,DEPT_01,105.0,19
2025-02-22,OUTLET_1,PROD_011,Clothing,State_A,DEPT_01,110.5,17
2025-02-22,OUTLET_1,PROD_012,Electronics,State_A,DEPT_01,116.0,66
2025-02-22,OUTLET_1,PROD_013,Home,State_A,DEPT_01,121.5,33
2025-02-22,OUTLET_1,PROD_014,Clothing,State_A,DEPT_01,127.0,28
2025-02-22,OUTLET_1,PROD_015,Electronics,State_A,DEPT_01,132.5,15
2025-02-22,OUTLET_1,PROD_016,Home,State_A,DEPT_01,138.0,22
2025-02-22,OUTLET_1,PROD_017,Clothing,State_A,DEPT_01,143.5,23
2025-02-22,OUTLET_1,PROD_018,Electronics,State_A,DEPT_01,149.0,27
2025-02-22,OUTLET_1,PROD_019,Home,State_A,DEPT_01,154.5,36
2025-02-22,OUTLET_2,PROD_000,Electronics,State_B,DEPT_01,50.0,9
2025-02-22,OUTLET_2,PROD_001,Home,State_B,DEPT_01,55.5,19
2025-02-22,OUTLET_2,PROD_002,Clothing,State_B,DEPT_01,61.0,22
2025-02-22,OUTLET_2,PROD_003,Electronics,State_B,DEPT_01,66.5,25
2025-02-22,OUTLET_2,PROD_004,Home,State_B,DEPT_01,72.0,35
2025-02-22,OUTLET_2,PROD_005,Clothing,State_B,DEPT_01,77.5,16
2025-02-22,OUTLET_2,PROD_006,Electronics,State_B,DEPT_01,83.0,47
2025-02-22,OUTLET_2,PROD_007,Home,State_B,DEPT_01,88.5,21
2025-02-22,OUTLET_2,PROD_008,Clothing,State_B,DEPT_01,94.0,30
2025-02-22,OUTLET_2,PROD_009,Electronics,State_B,DEPT_01,99.5,32
2025-02-22,OUTLET_2,PROD_010,Home,State_B,DEPT_01,105.0,14
2025-02-22,OUTLET_2,PROD_011,Clothing,State_B,DEPT_01,110.5,22
2025-02-22,OUTLET_2,PROD_012,Electronics,State_B,DEPT_01,116.0,25
2025-02-22,OUTLET_2,PROD_013,Home,State_B,DEPT_01,121.5,27
2025-02-22,OUTLET_2,PROD_014,Clothing,State_B,DEPT_01,127.0,33
2025-02-22,OUTLET_2,PROD_015,Electronics,State_B,DEPT_01,132.5,12
2025-02-22,OUTLET_2,PROD_016,Home,State_B,DEPT_01,138.0,18
2025-02-22,OUTLET_2,PROD_017,Clothing,State_B,DEPT_01,143.5,24
2025-02-22,OUTLET_2,PROD_018,Electronics,State_B,DEPT_01,149.0,24
2025-02-22,OUTLET_2,PROD_019,Home,State_B,DEPT_01,154.5,29
2025-02-23,OUTLET_1,PROD_000,Electronics,State_A,DEPT_01,50.0,11
2025-02-23,OUTLET_1,PROD_001,Home,State_A,DEPT_01,55.5,20
2025-02-23,OUTLET_1,PROD_002,Clothing,State_A,DEPT_01,61.0,25
2025-02-23,OUTLET_1,PROD_003,Electronics,State_A,DEPT_01,66.5,31
2025-02-23,OUTLET_1,PROD_004,Home,State_A,DEPT_01,72.0,31
2025-02-23,OUTLET_1,PROD_005,Clothing,State_A,DEPT_01,77.5,14
2025-02-23,OUTLET_1,PROD_006,Electronics,State_A,DEPT_01,83.0,17
2025-02-23,OUTLET_1,PROD_007,Home,State_A,DEPT_01,88.5,23
2025-02-23,OUTLET_1,PROD_008,Clothing,State_A,DEPT_01,94.0,69
2025-02-23,OUTLET_1,PROD_009,Electronics,State_A,DEPT_01,99.5,34
2025-02-23,OUTLET_1,PROD_010,Home,State_A,DEPT_01,105.0,18
2025-02-23,OUTLET_1,PROD_011,Clothing,State_A,DEPT_01,110.5,18
2025-02-23,OUTLET_1,PROD_012,Electronics,State_A,DEPT_01,116.0,28
2025-02-23,OUTLET_1,PROD_013,Home,State_A,DEPT_01,121.5,21
2025-02-23,OUTLET_1,PROD_014,Clothing,State_A,DEPT_01,127.0,35
2025-02-23,OUTLET_1,PROD_015,Electronics,State_A,DEPT_01,132.5,14
2025-02-23,OUTLET_1,PROD_016,Home,State_A,DEPT_01,138.0,20
2025-02-23,OUTLET_1,PROD_017,Clothing,State_A,DEPT_01,143.5,24
2025-02-23,OUTLET_1,PROD_018,Electronics,State_A,DEPT_01,149.0,30
2025-02-23,OUTLET_1,PROD_019,Home,State_A,DEPT_01,154.5,39
2025-02-23,OUTLET_2,PROD_000,Electronics,State_B,DEPT_01,50.0,14
2025-02-23,OUTLET_2,PROD_001,Home,State_B,DEPT_01,55.5,19
2025-02-23,OUTLET_2,PROD_002,Clothing,State_B,DEPT_01,61.0,26
2025-02-23,OUTLET_2,PROD_003,Electronics,State_B,DEPT_01,66.5,36
2025-02-23,OUTLET_2,PROD_004,Home,State_B,DEPT_01,72.0,33
2025-02-23,OUTLET_2,PROD_005,Clothing,State_B,DEPT_01,77.5,9
2025-02-23,OUTLET_2,PROD_006,Electronics,State_B,DEPT_01,83.0,11
2025-02-23,OUTLET_2,PROD_007,Home,State_B,DEPT_01,88.5,25
2025-02-23,OUTLET_2,PROD_008,Clothing,State_B,DEPT_01,94.0,29
2025-02-23,OUTLET_2,PROD_009,Electronics,State_B,DEPT_01,99.5,31
2025-02-23,OUTLET_2,PROD_010,Home,State_B,DEPT_01,105.0,11
2025-02-23,OUTLET_2,PROD_011,Clothing,State_B,DEPT_01,110.5,18
2025-02-23,OUTLET_2,PROD_012,Electronics,State_B,DEPT_01,116.0,24
2025-02-23,OUTLET_2,PROD_013,Home,State_B,DEPT_01,121.5,24
2025-02-23,OUTLET_2,PROD_014,Clothing,State_B,DEPT_01,127.0,29
2025-02-23,OUTLET_2,PROD_015,Electronics,State_B,DEPT_01,132.5,12
2025-02-23,OUTLET_2,PROD_016,Home,State_B,DEPT_01,138.0,19
2025-02-23,OUTLET_2,PROD_017,Clothing,State_B,DEPT_01,143.5,21
2025-02-23,OUTLET_2,PROD_018,Electronics,State_B,DEPT_01,149.0,27
2025-02-23,OUTLET_2,PROD_019,Home,State_B,DEPT_01,154.5,29
2025-02-24,OUTLET_1,PROD_000,Electronics,State_A,DEPT_01,50.0,15
2025-02-24,OUTLET_1,PROD_001,Home,State_A,DEPT_01,55.5,20
2025-02-24,OUTLET_1,PROD_002,Clothing,State_A,DEPT_01,61.0,24
2025-02-24,OUTLET_1,PROD_003,Electronics,State_A,DEPT_01,66.5,28
2025-02-24,OUTLET_1,PROD_004,Home,State_A,DEPT_01,72.0,42
2025-02-24,OUTLET_1,PROD_005,Clothing,State_A,DEPT_01,77.5,14
2025-02-24,OUTLET_1,PROD_006,Electronics,State_A,DEPT_01,83.0,19
2025-02-24,OUTLET_1,PROD_007,Home,State_A,DEPT_01,88.5,18
2025-02-24,OUTLET_1,PROD_008,Clothing,State_A,DEPT_01,94.0,28
2025-02-24,OUTLET_1,PROD_009,Electronics,State_A,DEPT_01,99.5,31
2025-02-24,OUTLET_1,PROD_010,Home,State_A,DEPT_01,105.0,17
2025-02-24,OUTLET_1,PROD_011,Clothing,State_A,DEPT_01,110.5,20
2025-02-24,OUTLET_1,PROD_012,Electronics,State_A,DEPT_01,116.0,18
2025-02-24,OUTLET_1,PROD_013,Home,State_A,DEPT_01,121.5,30
2025-02-24,OUTLET_1,PROD_014,Clothing,State_A,DEPT_01,127.0,36
2025-02-24,OUTLET_1,PROD_015,Electronics,State_A,DEPT_01,132.5,39
2025-02-24,OUTLET_1,PROD_016,Home,State_A,DEPT_01,138.0,19
2025-02-24,OUTLET_1,PROD_017,Clothing,State_A,DEPT_01,143.5,25
2025-02-24,OUTLET_1,PROD_018,Electronics,State_A,DEPT_01,149.0,28
2025-02-24,OUTLET_1,PROD_019,Home,State_A,DEPT_01,154.5,37
2025-02-24,OUTLET_2,PROD_000,Electronics,State_B,DEPT_01,50.0,12
2025-02-24,OUTLET_2,PROD_001,Home,State_B,DEPT_01,55.5,24
2025-02-24,OUTLET_2,PROD_002,Clothing,State_B,DEPT_01,61.0,20
2025-02-24,OUTLET_2,PROD_003,Electronics,State_B,DEPT_01,66.5,30
2025-02-24,OUTLET_2,PROD_004,Home,State_B,DEPT_01,72.0,32
2025-02-24,OUTLET_2,PROD_005,Clothing,State_B,DEPT_01,77.5,11
2025-02-24,OUTLET_2,PROD_006,Electronics,State_B,DEPT_01,83.0,16
2025-02-24,OUTLET_2,PROD_007,Home,State_B,DEPT_01,88.5,16
2025-02-24,OUTLET_2,PROD_008,Clothing,State_B,DEPT_01,94.0,26
2025-02-24,OUTLET_2,PROD_009,Electronics,State_B,DEPT_01,99.5,36
2025-02-24,OUTLET_2,PROD_010,Home,State_B,DEPT_01,105.0,16
2025-02-24,OUTLET_2,PROD_011,Clothing,State_B,DEPT_01,110.5,15
2025-02-24,OUTLET_2,PROD_012,Electronics,State_B,DEPT_01,116.0,25
2025-02-24,OUTLET_2,PROD_013,Home,State_B,DEPT_01,121.5,26
2025-02-24,OUTLET_2,PROD_014,Clothing,State_B,DEPT_01,127.0,28
2025-02-24,OUTLET_2,PROD_015,Electronics,State_B,DEPT_01,132.5,16
2025-02-24,OUTLET_2,PROD_016,Home,State_B,DEPT_01,138.0,22
2025-02-24,OUTLET_2,PROD_017,Clothing,State_B,DEPT_01,143.5,22
2025-02-24,OUTLET_2,PROD_018,Electronics,State_B,DEPT_01,149.0,32
2025-02-24,OUTLET_2,PROD_019,Home,State_B,DEPT_01,154.5,33
2025-02-25,OUTLET_1,PROD_000,Electronics,State_A,DEPT_01,50.0,14
2025-02-25,OUTLET_1,PROD_001,Home,State_A,DEPT_01,55.5,18
2025-02-25,OUTLET_1,PROD_002,Clothing,State_A,DEPT_01,61.0,20
2025-02-25,OUTLET_1,PROD_003,Electronics,State_A,DEPT_01,66.5,28
2025-02-25,OUTLET_1,PROD_004,Home,State_A,DEPT_01,72.0,30
2025-02-25,OUTLET_1,PROD_005,Clothing,State_A,DEPT_01,77.5,15
2025-02-25,OUTLET_1,PROD_006,Electronics,State_A,DEPT_01,83.0,20
2025-02-25,OUTLET_1,PROD_007,Home,State_A,DEPT_01,88.5,18
2025-02-25,OUTLET_1,PROD_008,Clothing,State_A,DEPT_01,94.0,30
2025-02-25,OUTLET_1,PROD_009,Electronics,State_A,DEPT_01,99.5,33
2025-02-25,OUTLET_1,PROD_010,Home,State_A,DEPT_01,105.0,9
2025-02-25,OUTLET_1,PROD_011,Clothing,State_A,DEPT_01,110.5,19
2025-02-25,OUTLET_1,PROD_012,Electronics,State_A,DEPT_01,116.0,23
2025-02-25,OUTLET_1,PROD_013,Home,State_A,DEPT_01,121.5,26
2025-02-25,OUTLET_1,PROD_014,Clothing,State_A,DEPT_01,127.0,30
2025-02-25,OUTLET_1,PROD_015,Electronics,State_A,DEPT_01,132.5,15
2025-02-25,OUTLET_1,PROD_016,Home,State_A,DEPT_01,138.0,19
2025-02-25,OUTLET_1,PROD_017,Clothing,State_A,DEPT_01,143.5,24
2025-02-25,OUTLET_1,PROD_018,Electronics,State_A,DEPT_01,149.0,32
2025-02-25,OUTLET_1,PROD_019,Home,State_A,DEPT_01,154.5,38
2025-02-25,OUTLET_2,PROD_000,Electronics,State_B,DEPT_01,50.0,7
2025-02-25,OUTLET_2,PROD_001,Home,State_B,DEPT_01,55.5,20
2025-02-25,OUTLET_2,PROD_002,Clothing,State_B,DEPT_01,61.0,22
2025-02-25,OUTLET_2,PROD_003,Electronics,State_B,DEPT_01,66.5,30
2025-02-25,OUTLET_2,PROD_004,Home,State_B,DEPT_01,72.0,31
2025-02-25,OUTLET_2,PROD_005,Clothing,State_B,DEPT_01,77.5,19
2025-02-25,OUTLET_2,PROD_006,Electronics,State_B,DEPT_01,83.0,20
2025-02-25,OUTLET_2,PROD_007,Home,State_B,DEPT_01,88.5,23
2025-02-25,OUTLET_2,PROD_008,Clothing,State_B,DEPT_01,94.0,32
2025-02-25,OUTLET_2,PROD_009,Electronics,State_B,DEPT_01,99.5,31
2025-02-25,OUTLET_2,PROD_010,Home,State_B,DEPT_01,105.0,15
2025-02-25,OUTLET_2,PROD_011,Clothing,State_B,DEPT_01,110.5,18
2025-02-25,OUTLET_2,PROD_012,Electronics,State_B,DEPT_01,116.0,23
2025-02-25,OUTLET_2,PROD_013,Home,State_B,DEPT_01,121.5,34
2025-02-25,OUTLET_2,PROD_014,Clothing,State_B,DEPT_01,127.0,41
2025-02-25,OUTLET_2,PROD_015,Electronics,State_B,DEPT_01,132.5,15
2025-02-25,OUTLET_2,PROD_016,Home,State_B,DEPT_01,138.0,16
2025-02-25,OUTLET_2,PROD_017,Clothing,State_B,DEPT_01,143.5,23
2025-02-25,OUTLET_2,PROD_018,Electronics,State_B,DEPT_01,149.0,26
2025-02-25,OUTLET_2,PROD_019,Home,State_B,DEPT_01,154.5,32
2025-02-26,OUTLET_1,PROD_000,Electronics,State_A,DEPT_01,50.0,14
2025-02-26,OUTLET_1,PROD_001,Home,State_A,DEPT_01,55.5,17
2025-02-26,OUTLET_1,PROD_002,Clothing,State_A,DEPT_01,61.0,27
2025-02-26,OUTLET_1,PROD_003,Electronics,State_A,DEPT_01,66.5,28
2025-02-26,OUTLET_1,PROD_004,Home,State_A,DEPT_01,72.0,33
2025-02-26,OUTLET_1,PROD_005,Clothing,State_A,DEPT_01,77.5,12
2025-02-26,OUTLET_1,PROD_006,Electronics,State_A,DEPT_01,83.0,15
2025-02-26,OUTLET_1,PROD_007,Home,State_A,DEPT_01,88.5,20
2025-02-26,OUTLET_1,PROD_008,Clothing,State_A,DEPT_01,94.0,29
2025-02-26,OUTLET_1,PROD_009,Electronics,State_A,DEPT_01,99.5,33
2025-02-26,OUTLET_1,PROD_010,Home,State_A,DEPT_01,105.0,14
2025-02-26,OUTLET_1,PROD_011,Clothing,State_A,DEPT_01,110.5,22
2025-02-26,OUTLET_1,PROD_012,Electronics,State_A,DEPT_01,116.0,21
2025-02-26,OUTLET_1,PROD_013,Home,State_A,DEPT_01,121.5,35
2025-02-26,OUTLET_1,PROD_014,Clothing,State_A,DEPT_01,127.0,31
2025-02-26,OUTLET_1,PROD_015,Electronics,State_A,DEPT_01,132.5,10
2025-02-26,OUTLET_1,PROD_016,Home,State_A,DEPT_01,138.0,21
2025-02-26,OUTLET_1,PROD_017,Clothing,State_A,DEPT_01,143.5,24
2025-02-26,OUTLET_1,PROD_018,Electronics,State_A,DEPT_01,149.0,26
2025-02-26,OUTLET_1,PROD_019,Home,State_A,DEPT_01,154.5,30
2025-02-26,OUTLET_2,PROD_000,Electronics,State_B,DEPT_01,50.0,11
2025-02-26,OUTLET_2,PROD_001,Home,State_B,DEPT_01,55.5,19
2025-02-26,OUTLET_2,PROD_002,Clothing,State_B,DEPT_01,61.0,28
2025-02-26,OUTLET_2,PROD_003,Electronics,State_B,DEPT_01,66.5,24
2025-02-26,OUTLET_2,PROD_004,Home,State_B,DEPT_01,72.0,34
2025-02-26,OUTLET_2,PROD_005,Clothing,State_B,DEPT_01,77.5,16
2025-02-26,OUTLET_2,PROD_006,Electronics,State_B,DEPT_01,83.0,17
2025-02-26,OUTLET_2,PROD_007,Home,State_B,DEPT_01,88.5,28
2025-02-26,OUTLET_2,PROD_008,Clothing,State_B,DEPT_01,94.0,29
2025-02-26,OUTLET_2,PROD_009,Electronics,State_B,DEPT_01,99.5,36
2025-02-26,OUTLET_2,PROD_010,Home,State_B,DEPT_01,105.0,16
2025-02-26,OUTLET_2,PROD_011,Clothing,State_B,DEPT_01,110.5,22
2025-02-26,OUTLET_2,PROD_012,Electronics,State_B,DEPT_01,116.0,23
2025-02-26,OUTLET_2,PROD_013,Home,State_B,DEPT_01,121.5,34
2025-02-26,OUTLET_2,PROD_014,Clothing,State_B,DEPT_01,127.0,33
2025-02-26,OUTLET_2,PROD_015,Electronics,State_B,DEPT_01,132.5,13
2025-02-26,OUTLET_2,PROD_016,Home,State_B,DEPT_01,138.0,18
2025-02-26,OUTLET_2,PROD_017,Clothing,State_B,DEPT_01,143.5,23
2025-02-26,OUTLET_2,PROD_018,Electronics,State_B,DEPT_01,149.0,28
2025-02-26,OUTLET_2,PROD_019,Home,State_B,DEPT_01,154.5,34
2025-02-27,OUTLET_1,PROD_000,Electronics,State_A,DEPT_01,50.0,14
2025-02-27,OUTLET_1,PROD_001,Home,State_A,DEPT_01,55.5,19
2025-02-27,OUTLET_1,PROD_002,Clothing,State_A,DEPT_01,61.0,23
2025-02-27,OUTLET_1,PROD_003,Electronics,State_A,DEPT_01,66.5,31
2025-02-27,OUTLET_1,PROD_004,Home,State_A,DEPT_01,72.0,34
2025-02-27,OUTLET_1,PROD_005,Clothing,State_A,DEPT_01,77.5,15
2025-02-27,OUTLET_1,PROD_006,Electronics,State_A,DEPT_01,83.0,16
2025-02-27,OUTLET_1,PROD_007,Home,State_A,DEPT_01,88.5,20
2025-02-27,OUTLET_1,PROD_008,Clothing,State_A,DEPT_01,94.0,31
2025-02-27,OUTLET_1,PROD_009,Electronics,State_A,DEPT_01,99.5,36
2025-02-27,OUTLET_1,PROD_010,Home,State_A,DEPT_01,105.0,48
2025-02-27,OUTLET_1,PROD_011,Clothing,State_A,DEPT_01,110.5,15
2025-02-27,OUTLET_1,PROD_012,Electronics,State_A,DEPT_01,116.0,21
2025-02-27,OUTLET_1,PROD_013,Home,State_A,DEPT_01,121.5,24
2025-02-27,OUTLET_1,PROD_014,Clothing,State_A,DEPT_01,127.0,37
2025-02-27,OUTLET_1,PROD_015,Electronics,State_A,DEPT_01,132.5,15
2025-02-27,OUTLET_1,PROD_016,Home,State_A,DEPT_01,138.0,15
2025-02-27,OUTLET_1,PROD_017,Clothing,State_A,DEPT_01,143.5,26
2025-02-27,OUTLET_1,PROD_018,Electronics,State_A,DEPT_01,149.0,28
2025-02-27,OUTLET_1,PROD_019,Home,State_A,DEPT_01,154.5,32
2025-02-27,OUTLET_2,PROD_000,Electronics,State_B,DEPT_01,50.0,11
2025-02-27,OUTLET_2,PROD_001,Home,State_B,DEPT_01,55.5,16
2025-02-27,OUTLET_2,PROD_002,Clothing,State_B,DEPT_01,61.0,24
2025-02-27,OUTLET_2,PROD_003,Electronics,State_B,DEPT_01,66.5,32
2025-02-27,OUTLET_2,PROD_004,Home,State_B,DEPT_01,72.0,37
2025-02-27,OUTLET_2,PROD_005,Clothing,State_B,DEPT_01,77.5,12
2025-02-27,OUTLET_2,PROD_006,Electronics,State_B,DEPT_01,83.0,14
2025-02-27,OUTLET_2,PROD_007,Home,State_B,DEPT_01,88.5,25
2025-02-27,OUTLET_2,PROD_008,Clothing,State_B,DEPT_01,94.0,29
2025-02-27,OUTLET_2,PROD_009,Electronics,State_B,DEPT_01,99.5,38
2025-02-27,OUTLET_2,PROD_010,Home,State_B,DEPT_01,105.0,17
2025-02-27,OUTLET_2,PROD_011,Clothing,State_B,DEPT_01,110.5,19
2025-02-27,OUTLET_2,PROD_012,Electronics,State_B,DEPT_01,116.0,29
2025-02-27,OUTLET_2,PROD_013,Home,State_B,DEPT_01,121.5,30
2025-02-27,OUTLET_2,PROD_014,Clothing,State_B,DEPT_01,127.0,33
2025-02-27,OUTLET_2,PROD_015,Electronics,State_B,DEPT_01,132.5,8
2025-02-27,OUTLET_2,PROD_016,Home,State_B,DEPT_01,138.0,16
2025-02-27,OUTLET_2,PROD_017,Clothing,State_B,DEPT_01,143.5,23
2025-02-27,OUTLET_2,PROD_018,Electronics,State_B,DEPT_01,149.0,28
2025-02-27,OUTLET_2,PROD_019,Home,State_B,DEPT_01,154.5,35
2025-02-28,OUTLET_1,PROD_000,Electronics,State_A,DEPT_01,50.0,12
2025-02-28,OUTLET_1,PROD_001,Home,State_A,DEPT_01,55.5,22
2025-02-28,OUTLET_1,PROD_002,Clothing,State_A,DEPT_01,61.0,25
2025-02-28,OUTLET_1,PROD_003,Electronics,State_A,DEPT_01,66.5,32
2025-02-28,OUTLET_1,PROD_004,Home,State_A,DEPT_01,72.0,39
2025-02-28,OUTLET_1,PROD_005,Clothing,State_A,DEPT_01,77.5,14
2025-02-28,OUTLET_1,PROD_006,Electronics,State_A,DEPT_01,83.0,22
2025-02-28,OUTLET_1,PROD_007,Home,State_A,DEPT_01,88.5,22
2025-02-28,OUTLET_1,PROD_008,Clothing,State_A,DEPT_01,94.0,28
2025-02-28,OUTLET_1,PROD_009,Electronics,State_A,DEPT_01,99.5,33
2025-02-28,OUTLET_1,PROD_010,Home,State_A,DEPT_01,105.0,18
2025-02-28,OUTLET_1,PROD_011,Clothing,State_A,DEPT_01,110.5,16
2025-02-28,OUTLET_1,PROD_012,Electronics,State_A,DEPT_01,116.0,24
2025-02-28,OUTLET_1,PROD_013,Home,State_A,DEPT_01,121.5,30
2025-02-28,OUTLET_1,PROD_014,Clothing,State_A,DEPT_01,127.0,33
2025-02-28,OUTLET_1,PROD_015,Electronics,State_A,DEPT_01,132.5,10
2025-02-28,OUTLET_1,PROD_016,Home,State_A,DEPT_01,138.0,20
2025-02-28,OUTLET_1,PROD_017,Clothing,State_A,DEPT_01,143.5,19
2025-02-28,OUTLET_1,PROD_018,Electronics,State_A,DEPT_01,149.0,64
2025-02-28,OUTLET_1,PROD_019,Home,State_A,DEPT_01,154.5,35
2025-02-28,OUTLET_2,PROD_000,Electronics,State_B,DEPT_01,50.0,17
2025-02-28,OUTLET_2,PROD_001,Home,State_B,DEPT_01,55.5,14
2025-02-28,OUTLET_2,PROD_002,Clothing,State_B,DEPT_01,61.0,15
2025-02-28,OUTLET_2,PROD_003,Electronics,State_B,DEPT_01,66.5,30
2025-02-28,OUTLET_2,PROD_004,Home,State_B,DEPT_01,72.0,34
2025-02-28,OUTLET_2,PROD_005,Clothing,State_B,DEPT_01,77.5,10
2025-02-28,OUTLET_2,PROD_006,Electronics,State_B,DEPT_01,83.0,19
2025-02-28,OUTLET_2,PROD_007,Home,State_B,DEPT_01,88.5,22
2025-02-28,OUTLET_2,PROD_008,Clothing,State_B,DEPT_01,94.0,30
2025-02-28,OUTLET_2,PROD_009,Electronics,State_B,DEPT_01,99.5,25
2025-02-28,OUTLET_2,PROD_010,Home,State_B,DEPT_01,105.0,13
2025-02-28,OUTLET_2,PROD_011,Clothing,State_B,DEPT_01,110.5,17
2025-02-28,OUTLET_2,PROD_012,Electronics,State_B,DEPT_01,116.0,26
2025-02-28,OUTLET_2,PROD_013,Home,State_B,DEPT_01,121.5,23
2025-02-28,OUTLET_2,PROD_014,Clothing,State_B,DEPT_01,127.0,34
2025-02-28,OUTLET_2,PROD_015,Electronics,State_B,DEPT_01,132.5,15
2025-02-28,OUTLET_2,PROD_016,Home,State_B,DEPT_01,138.0,24
2025-02-28,OUTLET_2,PROD_017,Clothing,State_B,DEPT_01,143.5,62
2025-02-28,OUTLET_2,PROD_018,Electronics,State_B,DEPT_01,149.0,29
2025-02-28,OUTLET_2,PROD_019,Home,State_B,DEPT_01,154.5,33
2025-03-01,OUTLET_1,PROD_000,Electronics,State_A,DEPT_01,50.0,15
2025-03-01,OUTLET_1,PROD_001,Home,State_A,DEPT_01,55.5,17
2025-03-01,OUTLET_1,PROD_002,Clothing,State_A,DEPT_01,61.0,24
2025-03-01,OUTLET_1,PROD_003,Electronics,State_A,DEPT_01,66.5,22
2025-03-01,OUTLET_1,PROD_004,Home,State_A,DEPT_01,72.0,31
2025-03-01,OUTLET_1,PROD_005,Clothing,State_A,DEPT_01,77.5,16
2025-03-01,OUTLET_1,PROD_006,Electronics,State_A,DEPT_01,83.0,18
2025-03-01,OUTLET_1,PROD_007,Home,State_A,DEPT_01,88.5,23
2025-03-01,OUTLET_1,PROD_008,Clothing,State_A,DEPT_01,94.0,32
2025-03-01,OUTLET_1,PROD_009,Electronics,State_A,DEPT_01,99.5,38
2025-03-01,OUTLET_1,PROD_010,Home,State_A,DEPT_01,105.0,16
2025-03-01,OUTLET_1,PROD_011,Clothing,State_A,DEPT_01,110.5,19
2025-03-01,OUTLET_1,PROD_012,Electronics,State_A,DEPT_01,116.0,23
2025-03-01,OUTLET_1,PROD_013,Home,State_A,DEPT_01,121.5,27
2025-03-01,OUTLET_1,PROD_014,Clothing,State_A,DEPT_01,127.0,35
2025-03-01,OUTLET_1,PROD_015,Electronics,State_A,DEPT_01,132.5,11
2025-03-01,OUTLET_1,PROD_016,Home,State_A,DEPT_01,138.0,21
2025-03-01,OUTLET_1,PROD_017,Clothing,State_A,DEPT_01,143.5,25
2025-03-01,OUTLET_1,PROD_018,Electronics,State_A,DEPT_01,149.0,28
2025-03-01,OUTLET_1,PROD_019,Home,State_A,DEPT_01,154.5,33
2025-03-01,OUTLET_2,PROD_000,Electronics,State_B,DEPT_01,50.0,13
2025-03-01,OUTLET_2,PROD_001,Home,State_B,DEPT_01,55.5,18
2025-03-01,OUTLET_2,PROD_002,Clothing,State_B,DEPT_01,61.0,24
2025-03-01,OUTLET_2,PROD_003,Electronics,State_B,DEPT_01,66.5,29
2025-03-01,OUTLET_2,PROD_004,Home,State_B,DEPT_01,72.0,38
2025-03-01,OUTLET_2,PROD_005,Clothing,State_B,DEPT_01,77.5,14
2025-03-01,OUTLET_2,PROD_006,Electronics,State_B,DEPT_01,83.0,17
2025-03-01,OUTLET_2,PROD_007,Home,State_B,DEPT_01,88.5,28
2025-03-01,OUTLET_2,PROD_008,Clothing,State_B,DEPT_01,94.0,29
2025-03-01,OUTLET_2,PROD_009,Electronics,State_B,DEPT_01,99.5,27
2025-03-01,OUTLET_2,PROD_010,Home,State_B,DEPT_01,105.0,19
2025-03-01,OUTLET_2,PROD_011,Clothing,State_B,DEPT_01,110.5,16
2025-03-01,OUTLET_2,PROD_012,Electronics,State_B,DEPT_01,116.0,25
2025-03-01,OUTLET_2,PROD_013,Home,State_B,DEPT_01,121.5,28
2025-03-01,OUTLET_2,PROD_014,Clothing,State_B,DEPT_01,127.0,34
2025-03-01,OUTLET_2,PROD_015,Electronics,State_B,DEPT_01,132.5,11
2025-03-01,OUTLET_2,PROD_016,Home,State_B,DEPT_01,138.0,16
2025-03-01,OUTLET_2,PROD_017,Clothing,State_B,DEPT_01,143.5,27
2025-03-01,OUTLET_2,PROD_018,Electronics,State_B,DEPT_01,149.0,29
2025-03-01,OUTLET_2,PROD_019,Home,State_B,DEPT_01,154.5,33
2025-03-02,OUTLET_1,PROD_000,Electronics,State_A,DEPT_01,50.0,13
2025-03-02,OUTLET_1,PROD_001,Home,State_A,DEPT_01,55.5,22
2025-03-02,OUTLET_1,PROD_002,Clothing,State_A,DEPT_01,61.0,21
2025-03-02,OUTLET_1,PROD_003,Electronics,State_A,DEPT_01,66.5,33
2025-03-02,OUTLET_1,PROD_004,Home,State_A,DEPT_01,72.0,35
2025-03-02,OUTLET_1,PROD_005,Clothing,State_A,DEPT_01,77.5,13
2025-03-02,OUTLET_1,PROD_006,Electronics,State_A,DEPT_01,83.0,17
2025-03-02,OUTLET_1,PROD_007,Home,State_A,DEPT_01,88.5,54
2025-03-02,OUTLET_1,PROD_008,Clothing,State_A,DEPT_01,94.0,24
2025-03-02,OUTLET_1,PROD_009,Electronics,State_A,DEPT_01,99.5,31
2025-03-02,OUTLET_1,PROD_010,Home,State_A,DEPT_01,105.0,17
2025-03-02,OUTLET_1,PROD_011,Clothing,State_A,DEPT_01,110.5,17
2025-03-02,OUTLET_1,PROD_012,Electronics,State_A,DEPT_01,116.0,55
2025-03-02,OUTLET_1,PROD_013,Home,State_A,DEPT_01,121.5,32
2025-03-02,OUTLET_1,PROD_014,Clothing,State_A,DEPT_01,127.0,37
2025-03-02,OUTLET_1,PROD_015,Electronics,State_A,DEPT_01,132.5,21
2025-03-02,OUTLET_1,PROD_016,Home,State_A,DEPT_01,138.0,24
2025-03-02,OUTLET_1,PROD_017,Clothing,State_A,DEPT_01,143.5,18
2025-03-02,OUTLET_1,PROD_018,Electronics,State_A,DEPT_01,149.0,34
2025-03-02,OUTLET_1,PROD_019,Home,State_A,DEPT_01,154.5,34
2025-03-02,OUTLET_2,PROD_000,Electronics,State_B,DEPT_01,50.0,12
2025-03-02,OUTLET_2,PROD_001,Home,State_B,DEPT_01,55.5,24
2025-03-02,OUTLET_2,PROD_002,Clothing,State_B,DEPT_01,61.0,25
2025-03-02,OUTLET_2,PROD_003,Electronics,State_B,DEPT_01,66.5,28
2025-03-02,OUTLET_2,PROD_004,Home,State_B,DEPT_01,72.0,34
2025-03-02,OUTLET_2,PROD_005,Clothing,State_B,DEPT_01,77.5,12
2025-03-02,OUTLET_2,PROD_006,Electronics,State_B,DEPT_01,83.0,15
2025-03-02,OUTLET_2,PROD_007,Home,State_B,DEPT_01,88.5,23
2025-03-02,OUTLET_2,PROD_008,Clothing,State_B,DEPT_01,94.0,31
2025-03-02,OUTLET_2,PROD_009,Electronics,State_B,DEPT_01,99.5,33
2025-03-02,OUTLET_2,PROD_010,Home,State_B,DEPT_01,105.0,14
2025-03-02,OUTLET_2,PROD_011,Clothing,State_B,DEPT_01,110.5,17
2025-03-02,OUTLET_2,PROD_012,Electronics,State_B,DEPT_01,116.0,22
2025-03-02,OUTLET_2,PROD_013,Home,State_B,DEPT_01,121.5,31
2025-03-02,OUTLET_2,PROD_014,Clothing,State_B,DEPT_01,127.0,34
2025-03-02,OUTLET_2,PROD_015,Electronics,State_B,DEPT_01,132.5,17
2025-03-02,OUTLET_2,PROD_016,Home,State_B,DEPT_01,138.0,18
2025-03-02,OUTLET_2,PROD_017,Clothing,State_B,DEPT_01,143.5,23
2025-03-02,OUTLET_2,PROD_018,Electronics,State_B,DEPT_01,149.0,35
2025-03-02,OUTLET_2,PROD_019,Home,State_B,DEPT_01,154.5,35
2025-03-03,OUTLET_1,PROD_000,Electronics,State_A,DEPT_01,50.0,11
2025-03-03,OUTLET_1,PROD_001,Home,State_A,DEPT_01,55.5,18
2025-03-03,OUTLET_1,PROD_002,Clothing,State_A,DEPT_01,61.0,27
2025-03-03,OUTLET_1,PROD_003,Electronics,State_A,DEPT_01,66.5,24
2025-03-03,OUTLET_1,PROD_004,Home,State_A,DEPT_01,72.0,37
2025-03-03,OUTLET_1,PROD_005,Clothing,State_A,DEPT_01,77.5,13
2025-03-03,OUTLET_1,PROD_006,Electronics,State_A,DEPT_01,83.0,27
2025-03-03,OUTLET_1,PROD_007,Home,State_A,DEPT_01,88.5,25
2025-03-03,OUTLET_1,PROD_008,Clothing,State_A,DEPT_01,94.0,28
2025-03-03,OUTLET_1,PROD_009,Electronics,State_A,DEPT_01,99.5,30
2025-03-03,OUTLET_1,PROD_010,Home,State_A,DEPT_01,105.0,49
2025-03-03,OUTLET_1,PROD_011,Clothing,State_A,DEPT_01,110.5,22
2025-03-03,OUTLET_1,PROD_012,Electronics,State_A,DEPT_01,116.0,25
2025-03-03,OUTLET_1,PROD_013,Home,State_A,DEPT_01,121.5,32
2025-03-03,OUTLET_1,PROD_014,Clothing,State_A,DEPT_01,127.0,34
2025-03-03,OUTLET_1,PROD_015,Electronics,State_A,DEPT_01,132.5,16
2025-03-03,OUTLET_1,PROD_016,Home,State_A,DEPT_01,138.0,21
2025-03-03,OUTLET_1,PROD_017,Clothing,State_A,DEPT_01,143.5,27
2025-03-03,OUTLET_1,PROD_018,Electronics,State_A,DEPT_01,149.0,26
2025-03-03,OUTLET_1,PROD_019,Home,State_A,DEPT_01,154.5,26
2025-03-03,OUTLET_2,PROD_000,Electronics,State_B,DEPT_01,50.0,15
2025-03-03,OUTLET_2,PROD_001,Home,State_B,DEPT_01,55.5,13
2025-03-03,OUTLET_2,PROD_002,Clothing,State_B,DEPT_01,61.0,23
2025-03-03,OUTLET_2,PROD_003,Electronics,State_B,DEPT_01,66.5,22
2025-03-03,OUTLET_2,PROD_004,Home,State_B,DEPT_01,72.0,38
2025-03-03,OUTLET_2,PROD_005,Clothing,State_B,DEPT_01,77.5,17
2025-03-03,OUTLET_2,PROD_006,Electronics,State_B,DEPT_01,83.0,20
2025-03-03,OUTLET_2,PROD_007,Home,State_B,DEPT_01,88.5,21
2025-03-03,OUTLET_2,PROD_008,Clothing,State_B,DEPT_01,94.0,24
2025-03-03,OUTLET_2,PROD_009,Electronics,State_B,DEPT_01,99.5,27
2025-03-03,OUTLET_2,PROD_010,Home,State_B,DEPT_01,105.0,12
2025-03-03,OUTLET_2,PROD_011,Clothing,State_B,DEPT_01,110.5,21
2025-03-03,OUTLET_2,PROD_012,Electronics,State_B,DEPT_01,116.0,23
2025-03-03,OUTLET_2,PROD_013,Home,State_B,DEPT_01,121.5,30
2025-03-03,OUTLET_2,PROD_014,Clothing,State_B,DEPT_01,127.0,36
2025-03-03,OUTLET_2,PROD_015,Electronics,State_B,DEPT_01,132.5,16
2025-03-03,OUTLET_2,PROD_016,Home,State_B,DEPT_01,138.0,13
2025-03-03,OUTLET_2,PROD_017,Clothing,State_B,DEPT_01,143.5,22
2025-03-03,OUTLET_2,PROD_018,Electronics,State_B,DEPT_01,149.0,30
2025-03-03,OUTLET_2,PROD_019,Home,State_B,DEPT_01,154.5,38
2025-03-04,OUTLET_1,PROD_000,Electronics,State_A,DEPT_01,50.0,17
2025-03-04,OUTLET_1,PROD_001,Home,State_A,DEPT_01,55.5,20
2025-03-04,OUTLET_1,PROD_002,Clothing,State_A,DEPT_01,61.0,28
2025-03-04,OUTLET_1,PROD_003,Electronics,State_A,DEPT_01,66.5,30
2025-03-04,OUTLET_1,PROD_004,Home,State_A,DEPT_01,72.0,29
2025-03-04,OUTLET_1,PROD_005,Clothing,State_A,DEPT_01,77.5,16
2025-03-04,OUTLET_1,PROD_006,Electronics,State_A,DEPT_01,83.0,22
2025-03-04,OUTLET_1,PROD_007,Home,State_A,DEPT_01,88.5,29
2025-03-04,OUTLET_1,PROD_008,Clothing,State_A,DEPT_01,94.0,27
2025-03-04,OUTLET_1,PROD_009,Electronics,State_A,DEPT_01,99.5,30
2025-03-04,OUTLET_1,PROD_010,Home,State_A,DEPT_01,105.0,16
2025-03-04,OUTLET_1,PROD_011,Clothing,State_A,DEPT_01,110.5,20
2025-03-04,OUTLET_1,PROD_012,Electronics,State_A,DEPT_01,116.0,25
2025-03-04,OUTLET_1,PROD_013,Home,State_A,DEPT_01,121.5,33
2025-03-04,OUTLET_1,PROD_014,Clothing,State_A,DEPT_01,127.0,36
2025-03-04,OUTLET_1,PROD_015,Electronics,State_A,DEPT_01,132.5,15
2025-03-04,OUTLET_1,PROD_016,Home,State_A,DEPT_01,138.0,18
2025-03-04,OUTLET_1,PROD_017,Clothing,State_A,DEPT_01,143.5,26
2025-03-04,OUTLET_1,PROD_018,Electronics,State_A,DEPT_01,149.0,25
2025-03-04,OUTLET_1,PROD_019,Home,State_A,DEPT_01,154.5,35
2025-03-04,OUTLET_2,PROD_000,Electronics,State_B,DEPT_01,50.0,14
2025-03-04,OUTLET_2,PROD_001,Home,State_B,DEPT_01,55.5,14
2025-03-04,OUTLET_2,PROD_002,Clothing,State_B,DEPT_01,61.0,25
2025-03-04,OUTLET_2,PROD_003,Electronics,State_B,DEPT_01,66.5,27
2025-03-04,OUTLET_2,PROD_004,Home,State_B,DEPT_01,72.0,35
2025-03-04,OUTLET_2,PROD_005,Clothing,State_B,DEPT_01,77.5,11
2025-03-04,OUTLET_2,PROD_006,Electronics,State_B,DEPT_01,83.0,21
2025-03-04,OUTLET_2,PROD_007,Home,State_B,DEPT_01,88.5,29
2025-03-04,OUTLET_2,PROD_008,Clothing,State_B,DEPT_01,94.0,59
2025-03-04,OUTLET_2,PROD_009,Electronics,State_B,DEPT_01,99.5,58
2025-03-04,OUTLET_2,PROD_010,Home,State_B,DEPT_01,105.0,17
2025-03-04,OUTLET_2,PROD_011,Clothing,State_B,DEPT_01,110.5,13
2025-03-04,OUTLET_2,PROD_012,Electronics,State_B,DEPT_01,116.0,25
2025-03-04,OUTLET_2,PROD_013,Home,State_B,DEPT_01,121.5,28
2025-03-04,OUTLET_2,PROD_014,Clothing,State_B,DEPT_01,127.0,34
2025-03-04,OUTLET_2,PROD_015,Electronics,State_B,DEPT_01,132.5,15
2025-03-04,OUTLET_2,PROD_016,Home,State_B,DEPT_01,138.0,16
2025-03-04,OUTLET_2,PROD_017,Clothing,State_B,DEPT_01,143.5,22
2025-03-04,OUTLET_2,PROD_018,Electronics,State_B,DEPT_01,149.0,33
2025-03-04,OUTLET_2,PROD_019,Home,State_B,DEPT_01,154.5,33
2025-03-05,OUTLET_1,PROD_000,Electronics,State_A,DEPT_01,50.0,11
2025-03-05,OUTLET_1,PROD_001,Home,State_A,DEPT_01,55.5,21
2025-03-05,OUTLET_1,PROD_002,Clothing,State_A,DEPT_01,61.0,28
2025-03-05,OUTLET_1,PROD_003,Electronics,State_A,DEPT_01,66.5,25
2025-03-05,OUTLET_1,PROD_004,Home,State_A,DEPT_01,72.0,37
2025-03-05,OUTLET_1,PROD_005,Clothing,State_A,DEPT_01,77.5,18
2025-03-05,OUTLET_1,PROD_006,Electronics,State_A,DEPT_01,83.0,22
2025-03-05,OUTLET_1,PROD_007,Home,State_A,DEPT_01,88.5,24
2025-03-05,OUTLET_1,PROD_008,Clothing,State_A,DEPT_01,94.0,32
2025-03-05,OUTLET_1,PROD_009,Electronics,State_A,DEPT_01,99.5,64
2025-03-05,OUTLET_1,PROD_010,Home,State_A,DEPT_01,105.0,11
2025-03-05,OUTLET_1,PROD_011,Clothing,State_A,DEPT_01,110.5,17
2025-03-05,OUTLET_1,PROD_012,Electronics,State_A,DEPT_01,116.0,22
2025-03-05,OUTLET_1,PROD_013,Home,State_A,DEPT_01,121.5,20
2025-03-05,OUTLET_1,PROD_014,Clothing,State_A,DEPT_01,127.0,31
2025-03-05,OUTLET_1,PROD_015,Electronics,State_A,DEPT_01,132.5,14
2025-03-05,OUTLET_1,PROD_016,Home,State_A,DEPT_01,138.0,18
2025-03-05,OUTLET_1,PROD_017,Clothing,State_A,DEPT_01,143.5,31
2025-03-05,OUTLET_1,PROD_018,Electronics,State_A,DEPT_01,149.0,25
2025-03-05,OUTLET_1,PROD_019,Home,State_A,DEPT_01,154.5,31
2025-03-05,OUTLET_2,PROD_000,Electronics,State_B,DEPT_01,50.0,13
2025-03-05,OUTLET_2,PROD_001,Home,State_B,DEPT_01,55.5,13
2025-03-05,OUTLET_2,PROD_002,Clothing,State_B,DEPT_01,61.0,23
2025-03-05,OUTLET_2,PROD_003,Electronics,State_B,DEPT_01,66.5,30
2025-03-05,OUTLET_2,PROD_004,Home,State_B,DEPT_01,72.0,34
2025-03-05,OUTLET_2,PROD_005,Clothing,State_B,DEPT_01,77.5,12
2025-03-05,OUTLET_2,PROD_006,Electronics,State_B,DEPT_01,83.0,19
2025-03-05,OUTLET_2,PROD_007,Home,State_B,DEPT_01,88.5,56
2025-03-05,OUTLET_2,PROD_008,Clothing,State_B,DEPT_01,94.0,27
2025-03-05,OUTLET_2,PROD_009,Electronics,State_B,DEPT_01,99.5,33
2025-03-05,OUTLET_2,PROD_010,Home,State_B,DEPT_01,105.0,12
2025-03-05,OUTLET_2,PROD_011,Clothing,State_B,DEPT_01,110.5,51
2025-03-05,OUTLET_2,PROD_012,Electronics,State_B,DEPT_01,116.0,30
2025-03-05,OUTLET_2,PROD_013,Home,State_B,DEPT_01,121.5,29
2025-03-05,OUTLET_2,PROD_014,Clothing,State_B,DEPT_01,127.0,35
2025-03-05,OUTLET_2,PROD_015,Electronics,State_B,DEPT_01,132.5,11
2025-03-05,OUTLET_2,PROD_016,Home,State_B,DEPT_01,138.0,17
2025-03-05,OUTLET_2,PROD_017,Clothing,State_B,DEPT_01,143.5,21
2025-03-05,OUTLET_2,PROD_018,Electronics,State_B,DEPT_01,149.0,29
2025-03-05,OUTLET_2,PROD_019,Home,State_B,DEPT_01,154.5,34
2025-03-06,OUTLET_1,PROD_000,Electronics,State_A,DEPT_01,50.0,11
2025-03-06,OUTLET_1,PROD_001,Home,State_A,DEPT_01,55.5,19
2025-03-06,OUTLET_1,PROD_002,Clothing,State_A,DEPT_01,61.0,24
2025-03-06,OUTLET_1,PROD_003,Electronics,State_A,DEPT_01,66.5,28
2025-03-06,OUTLET_1,PROD_004,Home,State_A,DEPT_01,72.0,37
2025-03-06,OUTLET_1,PROD_005,Clothing,State_A,DEPT_01,77.5,13
2025-03-06,OUTLET_1,PROD_006,Electronics,State_A,DEPT_01,83.0,20
2025-03-06,OUTLET_1,PROD_007,Home,State_A,DEPT_01,88.5,23
2025-03-06,OUTLET_1,PROD_008,Clothing,State_A,DEPT_01,94.0,29
2025-03-06,OUTLET_1,PROD_009,Electronics,State_A,DEPT_01,99.5,33
2025-03-06,OUTLET_1,PROD_010,Home,State_A,DEPT_01,105.0,11
2025-03-06,OUTLET_1,PROD_011,Clothing,State_A,DEPT_01,110.5,18
2025-03-06,OUTLET_1,PROD_012,Electronics,State_A,DEPT_01,116.0,27
2025-03-06,OUTLET_1,PROD_013,Home,State_A,DEPT_01,121.5,33
2025-03-06,OUTLET_1,PROD_014,Clothing,State_A,DEPT_01,127.0,35
2025-03-06,OUTLET_1,PROD_015,Electronics,State_A,DEPT_01,132.5,14
2025-03-06,OUTLET_1,PROD_016,Home,State_A,DEPT_01,138.0,15
2025-03-06,OUTLET_1,PROD_017,Clothing,State_A,DEPT_01,143.5,24
2025-03-06,OUTLET_1,PROD_018,Electronics,State_A,DEPT_01,149.0,26
2025-03-06,OUTLET_1,PROD_019,Home,State_A,DEPT_01,154.5,33
2025-03-06,OUTLET_2,PROD_000,Electronics,State_B,DEPT_01,50.0,14
2025-03-06,OUTLET_2,PROD_001,Home,State_B,DEPT_01,55.5,17
2025-03-06,OUTLET_2,PROD_002,Clothing,State_B,DEPT_01,61.0,24
2025-03-06,OUTLET_2,PROD_003,Electronics,State_B,DEPT_01,66.5,28
2025-03-06,OUTLET_2,PROD_004,Home,State_B,DEPT_01,72.0,34
2025-03-06,OUTLET_2,PROD_005,Clothing,State_B,DEPT_01,77.5,20
2025-03-06,OUTLET_2,PROD_006,Electronics,State_B,DEPT_01,83.0,21
2025-03-06,OUTLET_2,PROD_007,Home,State_B,DEPT_01,88.5,23
2025-03-06,OUTLET_2,PROD_008,Clothing,State_B,DEPT_01,94.0,34
2025-03-06,OUTLET_2,PROD_009,Electronics,State_B,DEPT_01,99.5,36
2025-03-06,OUTLET_2,PROD_010,Home,State_B,DEPT_01,105.0,12
2025-03-06,OUTLET_2,PROD_011,Clothing,State_B,DEPT_01,110.5,17
2025-03-06,OUTLET_2,PROD_012,Electronics,State_B,DEPT_01,116.0,26
2025-03-06,OUTLET_2,PROD_013,Home,State_B,DEPT_01,121.5,29
2025-03-06,OUTLET_2,PROD_014,Clothing,State_B,DEPT_01,127.0,30
2025-03-06,OUTLET_2,PROD_015,Electronics,State_B,DEPT_01,132.5,14
2025-03-06,OUTLET_2,PROD_016,Home,State_B,DEPT_01,138.0,17
2025-03-06,OUTLET_2,PROD_017,Clothing,State_B,DEPT_01,143.5,21
2025-03-06,OUTLET_2,PROD_018,Electronics,State_B,DEPT_01,149.0,28
2025-03-06,OUTLET_2,PROD_019,Home,State_B,DEPT_01,154.5,34
2025-03-07,OUTLET_1,PROD_000,Electronics,State_A,DEPT_01,50.0,18
2025-03-07,OUTLET_1,PROD_001,Home,State_A,DEPT_01,55.5,22
2025-03-07,OUTLET_1,PROD_002,Clothing,State_A,DEPT_01,61.0,23
2025-03-07,OUTLET_1,PROD_003,Electronics,State_A,DEPT_01,66.5,23
2025-03-07,OUTLET_1,PROD_004,Home,State_A,DEPT_01,72.0,31
2025-03-07,OUTLET_1,PROD_005,Clothing,State_A,DEPT_01,77.5,13
2025-03-07,OUTLET_1,PROD_006,Electronics,State_A,DEPT_01,83.0,15
2025-03-07,OUTLET_1,PROD_007,Home,State_A,DEPT_01,88.5,68
2025-03-07,OUTLET_1,PROD_008,Clothing,State_A,DEPT_01,94.0,27
2025-03-07,OUTLET_1,PROD_009,Electronics,State_A,DEPT_01,99.5,32
2025-03-07,OUTLET_1,PROD_010,Home,State_A,DEPT_01,105.0,10
2025-03-07,OUTLET_1,PROD_011,Clothing,State_A,DEPT_01,110.5,15
2025-03-07,OUTLET_1,PROD_012,Electronics,State_A,DEPT_01,116.0,23
2025-03-07,OUTLET_1,PROD_013,Home,State_A,DEPT_01,121.5,30
2025-03-07,OUTLET_1,PROD_014,Clothing,State_A,DEPT_01,127.0,33
2025-03-07,OUTLET_1,PROD_015,Electronics,State_A,DEPT_01,132.5,14
2025-03-07,OUTLET_1,PROD_016,Home,State_A,DEPT_01,138.0,23
2025-03-07,OUTLET_1,PROD_017,Clothing,State_A,DEPT_01,143.5,22
2025-03-07,OUTLET_1,PROD_018,Electronics,State_A,DEPT_01,149.0,29
2025-03-07,OUTLET_1,PROD_019,Home,State_A,DEPT_01,154.5,36
2025-03-07,OUTLET_2,PROD_000,Electronics,State_B,DEPT_01,50.0,16
2025-03-07,OUTLET_2,PROD_001,Home,State_B,DEPT_01,55.5,21
2025-03-07,OUTLET_2,PROD_002,Clothing,State_B,DEPT_01,61.0,23
2025-03-07,OUTLET_2,PROD_003,Electronics,State_B,DEPT_01,66.5,31
2025-03-07,OUTLET_2,PROD_004,Home,State_B,DEPT_01,72.0,34
2025-03-07,OUTLET_2,PROD_005,Clothing,State_B,DEPT_01,77.5,11
2025-03-07,OUTLET_2,PROD_006,Electronics,State_B,DEPT_01,83.0,19
2025-03-07,OUTLET_2,PROD_007,Home,State_B,DEPT_01,88.5,23
2025-03-07,OUTLET_2,PROD_008,Clothing,State_B,DEPT_01,94.0,23
2025-03-07,OUTLET_2,PROD_009,Electronics,State_B,DEPT_01,99.5,40
2025-03-07,OUTLET_2,PROD_010,Home,State_B,DEPT_01,105.0,14
2025-03-07,OUTLET_2,PROD_011,Clothing,State_B,DEPT_01,110.5,25
2025-03-07,OUTLET_2,PROD_012,Electronics,State_B,DEPT_01,116.0,25
2025-03-07,OUTLET_2,PROD_013,Home,State_B,DEPT_01,121.5,26
2025-03-07,OUTLET_2,PROD_014,Clothing,State_B,DEPT_01,127.0,31
2025-03-07,OUTLET_2,PROD_015,Electronics,State_B,DEPT_01,132.5,15
2025-03-07,OUTLET_2,PROD_016,Home,State_B,DEPT_01,138.0,20
2025-03-07,OUTLET_2,PROD_017,Clothing,State_B,DEPT_01,143.5,22
2025-03-07,OUTLET_2,PROD_018,Electronics,State_B,DEPT_01,149.0,20
2025-03-07,OUTLET_2,PROD_019,Home,State_B,DEPT_01,154.5,34
2025-03-08,OUTLET_1,PROD_000,Electronics,State_A,DEPT_01,50.0,20
2025-03-08,OUTLET_1,PROD_001,Home,State_A,DEPT_01,55.5,25
2025-03-08,OUTLET_1,PROD_002,Clothing,State_A,DEPT_01,61.0,26
2025-03-08,OUTLET_1,PROD_003,Electronics,State_A,DEPT_01,66.5,28
2025-03-08,OUTLET_1,PROD_004,Home,State_A,DEPT_01,72.0,35
2025-03-08,OUTLET_1,PROD_005,Clothing,State_A,DEPT_01,77.5,12
2025-03-08,OUTLET_1,PROD_006,Electronics,State_A,DEPT_01,83.0,21
2025-03-08,OUTLET_1,PROD_007,Home,State_A,DEPT_01,88.5,20
2025-03-08,OUTLET_1,PROD_008,Clothing,State_A,DEPT_01,94.0,30
2025-03-08,OUTLET_1,PROD_009,Electronics,State_A,DEPT_01,99.5,37
2025-03-08,OUTLET_1,PROD_010,Home,State_A,DEPT_01,105.0,16
2025-03-08,OUTLET_1,PROD_011,Clothing,State_A,DEPT_01,110.5,17
2025-03-08,OUTLET_1,PROD_012,Electronics,State_A,DEPT_01,116.0,28
2025-03-08,OUTLET_1,PROD_013,Home,State_A,DEPT_01,121.5,29
2025-03-08,OUTLET_1,PROD_014,Clothing,State_A,DEPT_01,127.0,34
2025-03-08,OUTLET_1,PROD_015,Electronics,State_A,DEPT_01,132.5,16
2025-03-08,OUTLET_1,PROD_016,Home,State_A,DEPT_01,138.0,9
2025-03-08,OUTLET_1,PROD_017,Clothing,State_A,DEPT_01,143.5,22
2025-03-08,OUTLET_1,PROD_018,Electronics,State_A,DEPT_01,149.0,28
2025-03-08,OUTLET_1,PROD_019,Home,State_A,DEPT_01,154.5,38
2025-03-08,OUTLET_2,PROD_000,Electronics,State_B,DEPT_01,50.0,10
2025-03-08,OUTLET_2,PROD_001,Home,State_B,DEPT_01,55.5,20
2025-03-08,OUTLET_2,PROD_002,Clothing,State_B,DEPT_01,61.0,22
2025-03-08,OUTLET_2,PROD_003,Electronics,State_B,DEPT_01,66.5,28
2025-03-08,OUTLET_2,PROD_004,Home,State_B,DEPT_01,72.0,31
2025-03-08,OUTLET_2,PROD_005,Clothing,State_B,DEPT_01,77.5,13
2025-03-08,OUTLET_2,PROD_006,Electronics,State_B,DEPT_01,83.0,19
2025-03-08,OUTLET_2,PROD_007,Home,State_B,DEPT_01,88.5,24
2025-03-08,OUTLET_2,PROD_008,Clothing,State_B,DEPT_01,94.0,27
2025-03-08,OUTLET_2,PROD_009,Electronics,State_B,DEPT_01,99.5,28
2025-03-08,OUTLET_2,PROD_010,Home,State_B,DEPT_01,105.0,11
2025-03-08,OUTLET_2,PROD_011,Clothing,State_B,DEPT_01,110.5,17
2025-03-08,OUTLET_2,PROD_012,Electronics,State_B,DEPT_01,116.0,26
2025-03-08,OUTLET_2,PROD_013,Home,State_B,DEPT_01,121.5,26
2025-03-08,OUTLET_2,PROD_014,Clothing,State_B,DEPT_01,127.0,32
2025-03-08,OUTLET_2,PROD_015,Electronics,State_B,DEPT_01,132.5,18
2025-03-08,OUTLET_2,PROD_016,Home,State_B,DEPT_01,138.0,18
2025-03-08,OUTLET_2,PROD_017,Clothing,State_B,DEPT_01,143.5,25
2025-03-08,OUTLET_2,PROD_018,Electronics,State_B,DEPT_01,149.0,26
2025-03-08,OUTLET_2,PROD_019,Home,State_B,DEPT_01,154.5,38
2025-03-09,OUTLET_1,PROD_000,Electronics,State_A,DEPT_01,50.0,14
2025-03-09,OUTLET_1,PROD_001,Home,State_A,DEPT_01,55.5,15
2025-03-09,OUTLET_1,PROD_002,Clothing,State_A,DEPT_01,61.0,26
2025-03-09,OUTLET_1,PROD_003,Electronics,State_A,DEPT_01,66.5,29
2025-03-09,OUTLET_1,PROD_004,Home,State_A,DEPT_01,72.0,76
2025-03-09,OUTLET_1,PROD_005,Clothing,State_A,DEPT_01,77.5,18
2025-03-09,OUTLET_1,PROD_006,Electronics,State_A,DEPT_01,83.0,15
2025-03-09,OUTLET_1,PROD_007,Home,State_A,DEPT_01,88.5,25
2025-03-09,OUTLET_1,PROD_008,Clothing,State_A,DEPT_01,94.0,29
2025-03-09,OUTLET_1,PROD_009,Electronics,State_A,DEPT_01,99.5,34
2025-03-09,OUTLET_1,PROD_010,Home,State_A,DEPT_01,105.0,15
2025-03-09,OUTLET_1,PROD_011,Clothing,State_A,DEPT_01,110.5,16
2025-03-09,OUTLET_1,PROD_012,Electronics,State_A,DEPT_01,116.0,24
2025-03-09,OUTLET_1,PROD_013,Home,State_A,DEPT_01,121.5,30
2025-03-09,OUTLET_1,PROD_014,Clothing,State_A,DEPT_01,127.0,38
2025-03-09,OUTLET_1,PROD_015,Electronics,State_A,DEPT_01,132.5,17
2025-03-09,OUTLET_1,PROD_016,Home,State_A,DEPT_01,138.0,40
2025-03-09,OUTLET_1,PROD_017,Clothing,State_A,DEPT_01,143.5,31
2025-03-09,OUTLET_1,PROD_018,Electronics,State_A,DEPT_01,149.0,27
2025-03-09,OUTLET_1,PROD_019,Home,State_A,DEPT_01,154.5,36
2025-03-09,OUTLET_2,PROD_000,Electronics,State_B,DEPT_01,50.0,16
2025-03-09,OUTLET_2,PROD_001,Home,State_B,DEPT_01,55.5,20
2025-03-09,OUTLET_2,PROD_002,Clothing,State_B,DEPT_01,61.0,27
2025-03-09,OUTLET_2,PROD_003,Electronics,State_B,DEPT_01,66.5,32
2025-03-09,OUTLET_2,PROD_004,Home,State_B,DEPT_01,72.0,33
2025-03-09,OUTLET_2,PROD_005,Clothing,State_B,DEPT_01,77.5,12
2025-03-09,OUTLET_2,PROD_006,Electronics,State_B,DEPT_01,83.0,19
2025-03-09,OUTLET_2,PROD_007,Home,State_B,DEPT_01,88.5,43
2025-03-09,OUTLET_2,PROD_008,Clothing,State_B,DEPT_01,94.0,25
2025-03-09,OUTLET_2,PROD_009,Electronics,State_B,DEPT_01,99.5,37
2025-03-09,OUTLET_2,PROD_010,Home,State_B,DEPT_01,105.0,11
2025-03-09,OUTLET_2,PROD_011,Clothing,State_B,DEPT_01,110.5,18
2025-03-09,OUTLET_2,PROD_012,Electronics,State_B,DEPT_01,116.0,25
2025-03-09,OUTLET_2,PROD_013,Home,State_B,DEPT_01,121.5,32
2025-03-09,OUTLET_2,PROD_014,Clothing,State_B,DEPT_01,127.0,33
2025-03-09,OUTLET_2,PROD_015,Electronics,State_B,DEPT_01,132.5,26
2025-03-09,OUTLET_2,PROD_016,Home,State_B,DEPT_01,138.0,17
2025-03-09,OUTLET_2,PROD_017,Clothing,State_B,DEPT_01,143.5,23
2025-03-09,OUTLET_2,PROD_018,Electronics,State_B,DEPT_01,149.0,63
2025-03-09,OUTLET_2,PROD_019,Home,State_B,DEPT_01,154.5,34
2025-03-10,OUTLET_1,PROD_000,Electronics,State_A,DEPT_01,50.0,13
2025-03-10,OUTLET_1,PROD_001,Home,State_A,DEPT_01,55.5,17
2025-03-10,OUTLET_1,PROD_002,Clothing,State_A,DEPT_01,61.0,25
2025-03-10,OUTLET_1,PROD_003,Electronics,State_A,DEPT_01,66.5,28
2025-03-10,OUTLET_1,PROD_004,Home,State_A,DEPT_01,72.0,32
2025-03-10,OUTLET_1,PROD_005,Clothing,State_A,DEPT_01,77.5,15
2025-03-10,OUTLET_1,PROD_006,Electronics,State_A,DEPT_01,83.0,16
2025-03-10,OUTLET_1,PROD_007,Home,State_A,DEPT_01,88.5,19
2025-03-10,OUTLET_1,PROD_008,Clothing,State_A,DEPT_01,94.0,28
2025-03-10,OUTLET_1,PROD_009,Electronics,State_A,DEPT_01,99.5,31
2025-03-10,OUTLET_1,PROD_010,Home,State_A,DEPT_01,105.0,13
2025-03-10,OUTLET_1,PROD_011,Clothing,State_A,DEPT_01,110.5,20
2025-03-10,OUTLET_1,PROD_012,Electronics,State_A,DEPT_01,116.0,25
2025-03-10,OUTLET_1,PROD_013,Home,State_A,DEPT_01,121.5,28
2025-03-10,OUTLET_1,PROD_014,Clothing,State_A,DEPT_01,127.0,32
2025-03-10,OUTLET_1,PROD_015,Electronics,State_A,DEPT_01,132.5,13
2025-03-10,OUTLET_1,PROD_016,Home,State_A,DEPT_01,138.0,23
2025-03-10,OUTLET_1,PROD_017,Clothing,State_A,DEPT_01,143.5,19
2025-03-10,OUTLET_1,PROD_018,Electronics,State_A,DEPT_01,149.0,28
2025-03-10,OUTLET_1,PROD_019,Home,State_A,DEPT_01,154.5,31
2025-03-10,OUTLET_2,PROD_000,Electronics,State_B,DEPT_01,50.0,17
2025-03-10,OUTLET_2,PROD_001,Home,State_B,DEPT_01,55.5,20
2025-03-10,OUTLET_2,PROD_002,Clothing,State_B,DEPT_01,61.0,24
2025-03-10,OUTLET_2,PROD_003,Electronics,State_B,DEPT_01,66.5,26
2025-03-10,OUTLET_2,PROD_004,Home,State_B,DEPT_01,72.0,31
2025-03-10,OUTLET_2,PROD_005,Clothing,State_B,DEPT_01,77.5,15
2025-03-10,OUTLET_2,PROD_006,Electronics,State_B,DEPT_01,83.0,19
2025-03-10,OUTLET_2,PROD_007,Home,State_B,DEPT_01,88.5,22
2025-03-10,OUTLET_2,PROD_008,Clothing,State_B,DEPT_01,94.0,29
2025-03-10,OUTLET_2,PROD_009,Electronics,State_B,DEPT_01,99.5,33
2025-03-10,OUTLET_2,PROD_010,Home,State_B,DEPT_01,105.0,17
2025-03-10,OUTLET_2,PROD_011,Clothing,State_B,DEPT_01,110.5,21
2025-03-10,OUTLET_2,PROD_012,Electronics,State_B,DEPT_01,116.0,24
2025-03-10,OUTLET_2,PROD_013,Home,State_B,DEPT_01,121.5,30
2025-03-10,OUTLET_2,PROD_014,Clothing,State_B,DEPT_01,127.0,35
2025-03-10,OUTLET_2,PROD_015,Electronics,State_B,DEPT_01,132.5,14
2025-03-10,OUTLET_2,PROD_016,Home,State_B,DEPT_01,138.0,15
2025-03-10,OUTLET_2,PROD_017,Clothing,State_B,DEPT_01,143.5,28
2025-03-10,OUTLET_2,PROD_018,Electronics,State_B,DEPT_01,149.0,36
2025-03-10,OUTLET_2,PROD_019,Home,State_B,DEPT_01,154.5,38
2025-03-11,OUTLET_1,PROD_000,Electronics,State_A,DEPT_01,50.0,17
2025-03-11,OUTLET_1,PROD_001,Home,State_A,DEPT_01,55.5,18
2025-03-11,OUTLET_1,PROD_002,Clothing,State_A,DEPT_01,61.0,29
2025-03-11,OUTLET_1,PROD_003,Electronics,State_A,DEPT_01,66.5,30
2025-03-11,OUTLET_1,PROD_004,Home,State_A,DEPT_01,72.0,37
2025-03-11,OUTLET_1,PROD_005,Clothing,State_A,DEPT_01,77.5,15
2025-03-11,OUTLET_1,PROD_006,Electronics,State_A,DEPT_01,83.0,16
2025-03-11,OUTLET_1,PROD_007,Home,State_A,DEPT_01,88.5,24
2025-03-11,OUTLET_1,PROD_008,Clothing,State_A,DEPT_01,94.0,32
2025-03-11,OUTLET_1,PROD_009,Electronics,State_A,DEPT_01,99.5,33
2025-03-11,OUTLET_1,PROD_010,Home,State_A,DEPT_01,105.0,15
2025-03-11,OUTLET_1,PROD_011,Clothing,State_A,DEPT_01,110.5,18
2025-03-11,OUTLET_1,PROD_012,Electronics,State_A,DEPT_01,116.0,22
2025-03-11,OUTLET_1,PROD_013,Home,State_A,DEPT_01,121.5,21
2025-03-11,OUTLET_1,PROD_014,Clothing,State_A,DEPT_01,127.0,28
2025-03-11,OUTLET_1,PROD_015,Electronics,State_A,DEPT_01,132.5,11
2025-03-11,OUTLET_1,PROD_016,Home,State_A,DEPT_01,138.0,18
2025-03-11,OUTLET_1,PROD_017,Clothing,State_A,DEPT_01,143.5,28
2025-03-11,OUTLET_1,PROD_018,Electronics,State_A,DEPT_01,149.0,26
2025-03-11,OUTLET_1,PROD_019,Home,State_A,DEPT_01,154.5,31
2025-03-11,OUTLET_2,PROD_000,Electronics,State_B,DEPT_01,50.0,20
2025-03-11,OUTLET_2,PROD_001,Home,State_B,DEPT_01,55.5,22
2025-03-11,OUTLET_2,PROD_002,Clothing,State_B,DEPT_01,61.0,33
2025-03-11,OUTLET_2,PROD_003,Electronics,State_B,DEPT_01,66.5,31
2025-03-11,OUTLET_2,PROD_004,Home,State_B,DEPT_01,72.0,32
2025-03-11,OUTLET_2,PROD_005,Clothing,State_B,DEPT_01,77.5,7
2025-03-11,OUTLET_2,PROD_006,Electronics,State_B,DEPT_01,83.0,20
2025-03-11,OUTLET_2,PROD_007,Home,State_B,DEPT_01,88.5,30
2025-03-11,OUTLET_2,PROD_008,Clothing,State_B,DEPT_01,94.0,27
2025-03-11,OUTLET_2,PROD_009,Electronics,State_B,DEPT_01,99.5,36
2025-03-11,OUTLET_2,PROD_010,Home,State_B,DEPT_01,105.0,11
2025-03-11,OUTLET_2,PROD_011,Clothing,State_B,DEPT_01,110.5,17
2025-03-11,OUTLET_2,PROD_012,Electronics,State_B,DEPT_01,116.0,23
2025-03-11,OUTLET_2,PROD_013,Home,State_B,DEPT_01,121.5,33
2025-03-11,OUTLET_2,PROD_014,Clothing,State_B,DEPT_01,127.0,34
2025-03-11,OUTLET_2,PROD_015,Electronics,State_B,DEPT_01,132.5,15
2025-03-11,OUTLET_2,PROD_016,Home,State_B,DEPT_01,138.0,18
2025-03-11,OUTLET_2,PROD_017,Clothing,State_B,DEPT_01,143.5,24
2025-03-11,OUTLET_2,PROD_018,Electronics,State_B,DEPT_01,149.0,29
2025-03-11,OUTLET_2,PROD_019,Home,State_B,DEPT_01,154.5,36
2025-03-12,OUTLET_1,PROD_000,Electronics,State_A,DEPT_01,50.0,13
2025-03-12,OUTLET_1,PROD_001,Home,State_A,DEPT_01,55.5,20
2025-03-12,OUTLET_1,PROD_002,Clothing,State_A,DEPT_01,61.0,17
2025-03-12,OUTLET_1,PROD_003,Electronics,State_A,DEPT_01,66.5,24
2025-03-12,OUTLET_1,PROD_004,Home,State_A,DEPT_01,72.0,34
2025-03-12,OUTLET_1,PROD_005,Clothing,State_A,DEPT_01,77.5,10
2025-03-12,OUTLET_1,PROD_006,Electronics,State_A,DEPT_01,83.0,21
2025-03-12,OUTLET_1,PROD_007,Home,State_A,DEPT_01,88.5,24
2025-03-12,OUTLET_1,PROD_008,Clothing,State_A,DEPT_01,94.0,30
2025-03-12,OUTLET_1,PROD_009,Electronics,State_A,DEPT_01,99.5,37
2025-03-12,OUTLET_1,PROD_010,Home,State_A,DEPT_01,105.0,13
2025-03-12,OUTLET_1,PROD_011,Clothing,State_A,DEPT_01,110.5,14
2025-03-12,OUTLET_1,PROD_012,Electronics,State_A,DEPT_01,116.0,22
2025-03-12,OUTLET_1,PROD_013,Home,State_A,DEPT_01,121.5,32
2025-03-12,OUTLET_1,PROD_014,Clothing,State_A,DEPT_01,127.0,39
2025-03-12,OUTLET_1,PROD_015,Electronics,State_A,DEPT_01,132.5,48
2025-03-12,OUTLET_1,PROD_016,Home,State_A,DEPT_01,138.0,23
2025-03-12,OUTLET_1,PROD_017,Clothing,State_A,DEPT_01,143.5,25
2025-03-12,OUTLET_1,PROD_018,Electronics,State_A,DEPT_01,149.0,34
2025-03-12,OUTLET_1,PROD_019,Home,State_A,DEPT_01,154.5,28
2025-03-12,OUTLET_2,PROD_000,Electronics,State_B,DEPT_01,50.0,15
2025-03-12,OUTLET_2,PROD_001,Home,State_B,DEPT_01,55.5,20
2025-03-12,OUTLET_2,PROD_002,Clothing,State_B,DEPT_01,61.0,19
2025-03-12,OUTLET_2,PROD_003,Electronics,State_B,DEPT_01,66.5,27
2025-03-12,OUTLET_2,PROD_004,Home,State_B,DEPT_01,72.0,32
2025-03-12,OUTLET_2,PROD_005,Clothing,State_B,DEPT_01,77.5,13
2025-03-12,OUTLET_2,PROD_006,Electronics,State_B,DEPT_01,83.0,20
2025-03-12,OUTLET_2,PROD_007,Home,State_B,DEPT_01,88.5,25
2025-03-12,OUTLET_2,PROD_008,Clothing,State_B,DEPT_01,94.0,31
2025-03-12,OUTLET_2,PROD_009,Electronics,State_B,DEPT_01,99.5,33
2025-03-12,OUTLET_2,PROD_010,Home,State_B,DEPT_01,105.0,12
2025-03-12,OUTLET_2,PROD_011,Clothing,State_B,DEPT_01,110.5,20
2025-03-12,OUTLET_2,PROD_012,Electronics,State_B,DEPT_01,116.0,24
2025-03-12,OUTLET_2,PROD_013,Home,State_B,DEPT_01,121.5,34
2025-03-12,OUTLET_2,PROD_014,Clothing,State_B,DEPT_01,127.0,34
2025-03-12,OUTLET_2,PROD_015,Electronics,State_B,DEPT_01,132.5,9
2025-03-12,OUTLET_2,PROD_016,Home,State_B,DEPT_01,138.0,16
2025-03-12,OUTLET_2,PROD_017,Clothing,State_B,DEPT_01,143.5,29
2025-03-12,OUTLET_2,PROD_018,Electronics,State_B,DEPT_01,149.0,32
2025-03-12,OUTLET_2,PROD_019,Home,State_B,DEPT_01,154.5,37
2025-03-13,OUTLET_1,PROD_000,Electronics,State_A,DEPT_01,50.0,54
2025-03-13,OUTLET_1,PROD_001,Home,State_A,DEPT_01,55.5,18
2025-03-13,OUTLET_1,PROD_002,Clothing,State_A,DEPT_01,61.0,24
2025-03-13,OUTLET_1,PROD_003,Electronics,State_A,DEPT_01,66.5,63
2025-03-13,OUTLET_1,PROD_004,Home,State_A,DEPT_01,72.0,34
2025-03-13,OUTLET_1,PROD_005,Clothing,State_A,DEPT_01,77.5,13
2025-03-13,OUTLET_1,PROD_006,Electronics,State_A,DEPT_01,83.0,16
2025-03-13,OUTLET_1,PROD_007,Home,State_A,DEPT_01,88.5,58
2025-03-13,OUTLET_1,PROD_008,Clothing,State_A,DEPT_01,94.0,35
2025-03-13,OUTLET_1,PROD_009,Electronics,State_A,DEPT_01,99.5,34
2025-03-13,OUTLET_1,PROD_010,Home,State_A,DEPT_01,105.0,12
2025-03-13,OUTLET_1,PROD_011,Clothing,State_A,DEPT_01,110.5,21
2025-03-13,OUTLET_1,PROD_012,Electronics,State_A,DEPT_01,116.0,30
2025-03-13,OUTLET_1,PROD_013,Home,State_A,DEPT_01,121.5,31
2025-03-13,OUTLET_1,PROD_014,Clothing,State_A,DEPT_01,127.0,39
2025-03-13,OUTLET_1,PROD_015,Electronics,State_A,DEPT_01,132.5,15
2025-03-13,OUTLET_1,PROD_016,Home,State_A,DEPT_01,138.0,16
2025-03-13,OUTLET_1,PROD_017,Clothing,State_A,DEPT_01,143.5,19
2025-03-13,OUTLET_1,PROD_018,Electronics,State_A,DEPT_01,149.0,29
2025-03-13,OUTLET_1,PROD_019,Home,State_A,DEPT_01,154.5,29
2025-03-13,OUTLET_2,PROD_000,Electronics,State_B,DEPT_01,50.0,13
2025-03-13,OUTLET_2,PROD_001,Home,State_B,DEPT_01,55.5,19
2025-03-13,OUTLET_2,PROD_002,Clothing,State_B,DEPT_01,61.0,21
2025-03-13,OUTLET_2,PROD_003,Electronics,State_B,DEPT_01,66.5,23
2025-03-13,OUTLET_2,PROD_004,Home,State_B,DEPT_01,72.0,34
2025-03-13,OUTLET_2,PROD_005,Clothing,State_B,DEPT_01,77.5,11
2025-03-13,OUTLET_2,PROD_006,Electronics,State_B,DEPT_01,83.0,19
2025-03-13,OUTLET_2,PROD_007,Home,State_B,DEPT_01,88.5,23
2025-03-13,OUTLET_2,PROD_008,Clothing,State_B,DEPT_01,94.0,27
2025-03-13,OUTLET_2,PROD_009,Electronics,State_B,DEPT_01,99.5,30
2025-03-13,OUTLET_2,PROD_010,Home,State_B,DEPT_01,105.0,18
2025-03-13,OUTLET_2,PROD_011,Clothing,State_B,DEPT_01,110.5,21
2025-03-13,OUTLET_2,PROD_012,Electronics,State_B,DEPT_01,116.0,26
2025-03-13,OUTLET_2,PROD_013,Home,State_B,DEPT_01,121.5,33
2025-03-13,OUTLET_2,PROD_014,Clothing,State_B,DEPT_01,127.0,36
2025-03-13,OUTLET_2,PROD_015,Electronics,State_B,DEPT_01,132.5,15
2025-03-13,OUTLET_2,PROD_016,Home,State_B,DEPT_01,138.0,19
2025-03-13,OUTLET_2,PROD_017,Clothing,State_B,DEPT_01,143.5,22
2025-03-13,OUTLET_2,PROD_018,Electronics,State_B,DEPT_01,149.0,28
2025-03-13,OUTLET_2,PROD_019,Home,State_B,DEPT_01,154.5,32
2025-03-14,OUTLET_1,PROD_000,Electronics,State_A,DEPT_01,50.0,14
2025-03-14,OUTLET_1,PROD_001,Home,State_A,DEPT_01,55.5,23
2025-03-14,OUTLET_1,PROD_002,Clothing,State_A,DEPT_01,61.0,25
2025-03-14,OUTLET_1,PROD_003,Electronics,State_A,DEPT_01,66.5,30
2025-03-14,OUTLET_1,PROD_004,Home,State_A,DEPT_01,72.0,35
2025-03-14,OUTLET_1,PROD_005,Clothing,State_A,DEPT_01,77.5,14
2025-03-14,OUTLET_1,PROD_006,Electronics,State_A,DEPT_01,83.0,22
2025-03-14,OUTLET_1,PROD_007,Home,State_A,DEPT_01,88.5,22
2025-03-14,OUTLET_1,PROD_008,Clothing,State_A,DEPT_01,94.0,24
2025-03-14,OUTLET_1,PROD_009,Electronics,State_A,DEPT_01,99.5,34
2025-03-14,OUTLET_1,PROD_010,Home,State_A,DEPT_01,105.0,16
2025-03-14,OUTLET_1,PROD_011,Clothing,State_A,DEPT_01,110.5,14
2025-03-14,OUTLET_1,PROD_012,Electronics,State_A,DEPT_01,116.0,25
2025-03-14,OUTLET_1,PROD_013,Home,State_A,DEPT_01,121.5,32
2025-03-14,OUTLET_1,PROD_014,Clothing,State_A,DEPT_01,127.0,31
2025-03-14,OUTLET_1,PROD_015,Electronics,State_A,DEPT_01,132.5,16
2025-03-14,OUTLET_1,PROD_016,Home,State_A,DEPT_01,138.0,15
2025-03-14,OUTLET_1,PROD_017,Clothing,State_A,DEPT_01,143.5,28
2025-03-14,OUTLET_1,PROD_018,Electronics,State_A,DEPT_01,149.0,25
2025-03-14,OUTLET_1,PROD_019,Home,State_A,DEPT_01,154.5,34
2025-03-14,OUTLET_2,PROD_000,Electronics,State_B,DEPT_01,50.0,16
2025-03-14,OUTLET_2,PROD_001,Home,State_B,DEPT_01,55.5,19
2025-03-14,OUTLET_2,PROD_002,Clothing,State_B,DEPT_01,61.0,16
2025-03-14,OUTLET_2,PROD_003,Electronics,State_B,DEPT_01,66.5,30
2025-03-14,OUTLET_2,PROD_004,Home,State_B,DEPT_01,72.0,31
2025-03-14,OUTLET_2,PROD_005,Clothing,State_B,DEPT_01,77.5,12
2025-03-14,OUTLET_2,PROD_006,Electronics,State_B,DEPT_01,83.0,22
2025-03-14,OUTLET_2,PROD_007,Home,State_B,DEPT_01,88.5,29
2025-03-14,OUTLET_2,PROD_008,Clothing,State_B,DEPT_01,94.0,30
2025-03-14,OUTLET_2,PROD_009,Electronics,State_B,DEPT_01,99.5,35
2025-03-14,OUTLET_2,PROD_010,Home,State_B,DEPT_01,105.0,6
2025-03-14,OUTLET_2,PROD_011,Clothing,State_B,DEPT_01,110.5,25
2025-03-14,OUTLET_2,PROD_012,Electronics,State_B,DEPT_01,116.0,25
2025-03-14,OUTLET_2,PROD_013,Home,State_B,DEPT_01,121.5,30
2025-03-14,OUTLET_2,PROD_014,Clothing,State_B,DEPT_01,127.0,32
2025-03-14,OUTLET_2,PROD_015,Electronics,State_B,DEPT_01,132.5,15
2025-03-14,OUTLET_2,PROD_016,Home,State_B,DEPT_01,138.0,22
2025-03-14,OUTLET_2,PROD_017,Clothing,State_B,DEPT_01,143.5,29
2025-03-14,OUTLET_2,PROD_018,Electronics,State_B,DEPT_01,149.0,30
2025-03-14,OUTLET_2,PROD_019,Home,State_B,DEPT_01,154.5,28
2025-03-15,OUTLET_1,PROD_000,Electronics,State_A,DEPT_01,50.0,13
2025-03-15,OUTLET_1,PROD_001,Home,State_A,DEPT_01,55.5,19
2025-03-15,OUTLET_1,PROD_002,Clothing,State_A,DEPT_01,61.0,28
2025-03-15,OUTLET_1,PROD_003,Electronics,State_A,DEPT_01,66.5,29
2025-03-15,OUTLET_1,PROD_004,Home,State_A,DEPT_01,72.0,41
2025-03-15,OUTLET_1,PROD_005,Clothing,State_A,DEPT_01,77.5,12
2025-03-15,OUTLET_1,PROD_006,Electronics,State_A,DEPT_01,83.0,16
2025-03-15,OUTLET_1,PROD_007,Home,State_A,DEPT_01,88.5,26
2025-03-15,OUTLET_1,PROD_008,Clothing,State_A,DEPT_01,94.0,29
2025-03-15,OUTLET_1,PROD_009,Electronics,State_A,DEPT_01,99.5,32
2025-03-15,OUTLET_1,PROD_010,Home,State_A,DEPT_01,105.0,10
2025-03-15,OUTLET_1,PROD_011,Clothing,State_A,DEPT_01,110.5,18
2025-03-15,OUTLET_1,PROD_012,Electronics,State_A,DEPT_01,116.0,30
2025-03-15,OUTLET_1,PROD_013,Home,State_A,DEPT_01,121.5,25
2025-03-15,OUTLET_1,PROD_014,Clothing,State_A,DEPT_01,127.0,35
2025-03-15,OUTLET_1,PROD_015,Electronics,State_A,DEPT_01,132.5,14
2025-03-15,OUTLET_1,PROD_016,Home,State_A,DEPT_01,138.0,18
2025-03-15,OUTLET_1,PROD_017,Clothing,State_A,DEPT_01,143.5,28
2025-03-15,OUTLET_1,PROD_018,Electronics,State_A,DEPT_01,149.0,33
2025-03-15,OUTLET_1,PROD_019,Home,State_A,DEPT_01,154.5,33
2025-03-15,OUTLET_2,PROD_000,Electronics,State_B,DEPT_01,50.0,15
2025-03-15,OUTLET_2,PROD_001,Home,State_B,DEPT_01,55.5,23
2025-03-15,OUTLET_2,PROD_002,Clothing,State_B,DEPT_01,61.0,26
2025-03-15,OUTLET_2,PROD_003,Electronics,State_B,DEPT_01,66.5,28
2025-03-15,OUTLET_2,PROD_004,Home,State_B,DEPT_01,72.0,43
2025-03-15,OUTLET_2,PROD_005,Clothing,State_B,DEPT_01,77.5,19
2025-03-15,OUTLET_2,PROD_006,Electronics,State_B,DEPT_01,83.0,16
2025-03-15,OUTLET_2,PROD_007,Home,State_B,DEPT_01,88.5,26
2025-03-15,OUTLET_2,PROD_008,Clothing,State_B,DEPT_01,94.0,24
2025-03-15,OUTLET_2,PROD_009,Electronics,State_B,DEPT_01,99.5,32
2025-03-15,OUTLET_2,PROD_010,Home,State_B,DEPT_01,105.0,12
2025-03-15,OUTLET_2,PROD_011,Clothing,State_B,DEPT_01,110.5,23
2025-03-15,OUTLET_2,PROD_012,Electronics,State_B,DEPT_01,116.0,28
2025-03-15,OUTLET_2,PROD_013,Home,State_B,DEPT_01,121.5,28
2025-03-15,OUTLET_2,PROD_014,Clothing,State_B,DEPT_01,127.0,32
2025-03-15,OUTLET_2,PROD_015,Electronics,State_B,DEPT_01,132.5,12
2025-03-15,OUTLET_2,PROD_016,Home,State_B,DEPT_01,138.0,15
2025-03-15,OUTLET_2,PROD_017,Clothing,State_B,DEPT_01,143.5,23
2025-03-15,OUTLET_2,PROD_018,Electronics,State_B,DEPT_01,149.0,31
2025-03-15,OUTLET_2,PROD_019,Home,State_B,DEPT_01,154.5,32
2025-03-16,OUTLET_1,PROD_000,Electronics,State_A,DEPT_01,50.0,17
2025-03-16,OUTLET_1,PROD_001,Home,State_A,DEPT_01,55.5,20
2025-03-16,OUTLET_1,PROD_002,Clothing,State_A,DEPT_01,61.0,25
2025-03-16,OUTLET_1,PROD_003,Electronics,State_A,DEPT_01,66.5,28
2025-03-16,OUTLET_1,PROD_004,Home,State_A,DEPT_01,72.0,38
2025-03-16,OUTLET_1,PROD_005,Clothing,State_A,DEPT_01,77.5,15
2025-03-16,OUTLET_1,PROD_006,Electronics,State_A,DEPT_01,83.0,19
2025-03-16,OUTLET_1,PROD_007,Home,State_A,DEPT_01,88.5,24
2025-03-16,OUTLET_1,PROD_008,Clothing,State_A,DEPT_01,94.0,27
2025-03-16,OUTLET_1,PROD_009,Electronics,State_A,DEPT_01,99.5,36
2025-03-16,OUTLET_1,PROD_010,Home,State_A,DEPT_01,105.0,16
2025-03-16,OUTLET_1,PROD_011,Clothing,State_A,DEPT_01,110.5,18
2025-03-16,OUTLET_1,PROD_012,Electronics,State_A,DEPT_01,116.0,26
2025-03-16,OUTLET_1,PROD_013,Home,State_A,DEPT_01,121.5,31
2025-03-16,OUTLET_1,PROD_014,Clothing,State_A,DEPT_01,127.0,33
2025-03-16,OUTLET_1,PROD_015,Electronics,State_A,DEPT_01,132.5,15
2025-03-16,OUTLET_1,PROD_016,Home,State_A,DEPT_01,138.0,18
2025-03-16,OUTLET_1,PROD_017,Clothing,State_A,DEPT_01,143.5,23
2025-03-16,OUTLET_1,PROD_018,Electronics,State_A,DEPT_01,149.0,30
2025-03-16,OUTLET_1,PROD_019,Home,State_A,DEPT_01,154.5,32
2025-03-16,OUTLET_2,PROD_000,Electronics,State_B,DEPT_01,50.0,14
2025-03-16,OUTLET_2,PROD_001,Home,State_B,DEPT_01,55.5,21
2025-03-16,OUTLET_2,PROD_002,Clothing,State_B,DEPT_01,61.0,20
2025-03-16,OUTLET_2,PROD_003,Electronics,State_B,DEPT_01,66.5,31
2025-03-16,OUTLET_2,PROD_004,Home,State_B,DEPT_01,72.0,38
2025-03-16,OUTLET_2,PROD_005,Clothing,State_B,DEPT_01,77.5,16
2025-03-16,OUTLET_2,PROD_006,Electronics,State_B,DEPT_01,83.0,22
2025-03-16,OUTLET_2,PROD_007,Home,State_B,DEPT_01,88.5,19
2025-03-16,OUTLET_2,PROD_008,Clothing,State_B,DEPT_01,94.0,36
2025-03-16,OUTLET_2,PROD_009,Electronics,State_B,DEPT_01,99.5,38
2025-03-16,OUTLET_2,PROD_010,Home,State_B,DEPT_01,105.0,15
2025-03-16,OUTLET_2,PROD_011,Clothing,State_B,DEPT_01,110.5,23
2025-03-16,OUTLET_2,PROD_012,Electronics,State_B,DEPT_01,116.0,21
2025-03-16,OUTLET_2,PROD_013,Home,State_B,DEPT_01,121.5,64
2025-03-16,OUTLET_2,PROD_014,Clothing,State_B,DEPT_01,127.0,34
2025-03-16,OUTLET_2,PROD_015,Electronics,State_B,DEPT_01,132.5,12
2025-03-16,OUTLET_2,PROD_016,Home,State_B,DEPT_01,138.0,19
2025-03-16,OUTLET_2,PROD_017,Clothing,State_B,DEPT_01,143.5,20
2025-03-16,OUTLET_2,PROD_018,Electronics,State_B,DEPT_01,149.0,28
2025-03-16,OUTLET_2,PROD_019,Home,State_B,DEPT_01,154.5,39
2025-03-17,OUTLET_1,PROD_000,Electronics,State_A,DEPT_01,50.0,11
2025-03-17,OUTLET_1,PROD_001,Home,State_A,DEPT_01,55.5,19
2025-03-17,OUTLET_1,PROD_002,Clothing,State_A,DEPT_01,61.0,26
2025-03-17,OUTLET_1,PROD_003,Electronics,State_A,DEPT_01,66.5,32
2025-03-17,OUTLET_1,PROD_004,Home,State_A,DEPT_01,72.0,36
2025-03-17,OUTLET_1,PROD_005,Clothing,State_A,DEPT_01,77.5,13
2025-03-17,OUTLET_1,PROD_006,Electronics,State_A,DEPT_01,83.0,17
2025-03-17,OUTLET_1,PROD_007,Home,State_A,DEPT_01,88.5,29
2025-03-17,OUTLET_1,PROD_008,Clothing,State_A,DEPT_01,94.0,32
2025-03-17,OUTLET_1,PROD_009,Electronics,State_A,DEPT_01,99.5,34
2025-03-17,OUTLET_1,PROD_010,Home,State_A,DEPT_01,105.0,18
2025-03-17,OUTLET_1,PROD_011,Clothing,State_A,DEPT_01,110.5,15
2025-03-17,OUTLET_1,PROD_012,Electronics,State_A,DEPT_01,116.0,20
2025-03-17,OUTLET_1,PROD_013,Home,State_A,DEPT_01,121.5,23
2025-03-17,OUTLET_1,PROD_014,Clothing,State_A,DEPT_01,127.0,35
2025-03-17,OUTLET_1,PROD_015,Electronics,State_A,DEPT_01,132.5,15
2025-03-17,OUTLET_1,PROD_016,Home,State_A,DEPT_01,138.0,15
2025-03-17,OUTLET_1,PROD_017,Clothing,State_A,DEPT_01,143.5,27
2025-03-17,OUTLET_1,PROD_018,Electronics,State_A,DEPT_01,149.0,24
2025-03-17,OUTLET_1,PROD_019,Home,State_A,DEPT_01,154.5,35
2025-03-17,OUTLET_2,PROD_000,Electronics,State_B,DEPT_01,50.0,16
2025-03-17,OUTLET_2,PROD_001,Home,State_B,DEPT_01,55.5,20
2025-03-17,OUTLET_2,PROD_002,Clothing,State_B,DEPT_01,61.0,20
2025-03-17,OUTLET_2,PROD_003,Electronics,State_B,DEPT_01,66.5,33
2025-03-17,OUTLET_2,PROD_004,Home,State_B,DEPT_01,72.0,33
2025-03-17,OUTLET_2,PROD_005,Clothing,State_B,DEPT_01,77.5,13
2025-03-17,OUTLET_2,PROD_006,Electronics,State_B,DEPT_01,83.0,17
2025-03-17,OUTLET_2,PROD_007,Home,State_B,DEPT_01,88.5,26
2025-03-17,OUTLET_2,PROD_008,Clothing,State_B,DEPT_01,94.0,28
2025-03-17,OUTLET_2,PROD_009,Electronics,State_B,DEPT_01,99.5,31
2025-03-17,OUTLET_2,PROD_010,Home,State_B,DEPT_01,105.0,17
2025-03-17,OUTLET_2,PROD_011,Clothing,State_B,DEPT_01,110.5,19
2025-03-17,OUTLET_2,PROD_012,Electronics,State_B,DEPT_01,116.0,27
2025-03-17,OUTLET_2,PROD_013,Home,State_B,DEPT_01,121.5,29
2025-03-17,OUTLET_2,PROD_014,Clothing,State_B,DEPT_01,127.0,32
2025-03-17,OUTLET_2,PROD_015,Electronics,State_B,DEPT_01,132.5,9
2025-03-17,OUTLET_2,PROD_016,Home,State_B,DEPT_01,138.0,20
2025-03-17,OUTLET_2,PROD_017,Clothing,State_B,DEPT_01,143.5,23
2025-03-17,OUTLET_2,PROD_018,Electronics,State_B,DEPT_01,149.0,31
2025-03-17,OUTLET_2,PROD_019,Home,State_B,DEPT_01,154.5,32
2025-03-18,OUTLET_1,PROD_000,Electronics,State_A,DEPT_01,50.0,15
2025-03-18,OUTLET_1,PROD_001,Home,State_A,DEPT_01,55.5,19
2025-03-18,OUTLET_1,PROD_002,Clothing,State_A,DEPT_01,61.0,22
2025-03-18,OUTLET_1,PROD_003,Electronics,State_A,DEPT_01,66.5,28
2025-03-18,OUTLET_1,PROD_004,Home,State_A,DEPT_01,72.0,30
2025-03-18,OUTLET_1,PROD_005,Clothing,State_A,DEPT_01,77.5,20
2025-03-18,OUTLET_1,PROD_006,Electronics,State_A,DEPT_01,83.0,20
2025-03-18,OUTLET_1,PROD_007,Home,State_A,DEPT_01,88.5,20
2025-03-18,OUTLET_1,PROD_008,Clothing,State_A,DEPT_01,94.0,34
2025-03-18,OUTLET_1,PROD_009,Electronics,State_A,DEPT_01,99.5,31
2025-03-18,OUTLET_1,PROD_010,Home,State_A,DEPT_01,105.0,12
2025-03-18,OUTLET_1,PROD_011,Clothing,State_A,DEPT_01,110.5,19
2025-03-18,OUTLET_1,PROD_012,Electronics,State_A,DEPT_01,116.0,24
2025-03-18,OUTLET_1,PROD_013,Home,State_A,DEPT_01,121.5,31
2025-03-18,OUTLET_1,PROD_014,Clothing,State_A,DEPT_01,127.0,28
2025-03-18,OUTLET_1,PROD_015,Electronics,State_A,DEPT_01,132.5,14
2025-03-18,OUTLET_1,PROD_016,Home,State_A,DEPT_01,138.0,18
2025-03-18,OUTLET_1,PROD_017,Clothing,State_A,DEPT_01,143.5,25
2025-03-18,OUTLET_1,PROD_018,Electronics,State_A,DEPT_01,149.0,28
2025-03-18,OUTLET_1,PROD_019,Home,State_A,DEPT_01,154.5,33
2025-03-18,OUTLET_2,PROD_000,Electronics,State_B,DEPT_01,50.0,14
2025-03-18,OUTLET_2,PROD_001,Home,State_B,DEPT_01,55.5,24
2025-03-18,OUTLET_2,PROD_002,Clothing,State_B,DEPT_01,61.0,23
2025-03-18,OUTLET_2,PROD_003,Electronics,State_B,DEPT_01,66.5,33
2025-03-18,OUTLET_2,PROD_004,Home,State_B,DEPT_01,72.0,35
2025-03-18,OUTLET_2,PROD_005,Clothing,State_B,DEPT_01,77.5,14
2025-03-18,OUTLET_2,PROD_006,Electronics,State_B,DEPT_01,83.0,20
2025-03-18,OUTLET_2,PROD_007,Home,State_B,DEPT_01,88.5,26
2025-03-18,OUTLET_2,PROD_008,Clothing,State_B,DEPT_01,94.0,28
2025-03-18,OUTLET_2,PROD_009,Electronics,State_B,DEPT_01,99.5,37
2025-03-18,OUTLET_2,PROD_010,Home,State_B,DEPT_01,105.0,16
2025-03-18,OUTLET_2,PROD_011,Clothing,State_B,DEPT_01,110.5,16
2025-03-18,OUTLET_2,PROD_012,Electronics,State_B,DEPT_01,116.0,18
2025-03-18,OUTLET_2,PROD_013,Home,State_B,DEPT_01,121.5,34
2025-03-18,OUTLET_2,PROD_014,Clothing,State_B,DEPT_01,127.0,35
2025-03-18,OUTLET_2,PROD_015,Electronics,State_B,DEPT_01,132.5,10
2025-03-18,OUTLET_2,PROD_016,Home,State_B,DEPT_01,138.0,18
2025-03-18,OUTLET_2,PROD_017,Clothing,State_B,DEPT_01,143.5,27
2025-03-18,OUTLET_2,PROD_018,Electronics,State_B,DEPT_01,149.0,29
2025-03-18,OUTLET_2,PROD_019,Home,State_B,DEPT_01,154.5,34
2025-03-19,OUTLET_1,PROD_000,Electronics,State_A,DEPT_01,50.0,16
2025-03-19,OUTLET_1,PROD_001,Home,State_A,DEPT_01,55.5,20
2025-03-19,OUTLET_1,PROD_002,Clothing,State_A,DEPT_01,61.0,26
2025-03-19,OUTLET_1,PROD_003,Electronics,State_A,DEPT_01,66.5,31
2025-03-19,OUTLET_1,PROD_004,Home,State_A,DEPT_01,72.0,32
2025-03-19,OUTLET_1,PROD_005,Clothing,State_A,DEPT_01,77.5,12
2025-03-19,OUTLET_1,PROD_006,Electronics,State_A,DEPT_01,83.0,17
2025-03-19,OUTLET_1,PROD_007,Home,State_A,DEPT_01,88.5,23
2025-03-19,OUTLET_1,PROD_008,Clothing,State_A,DEPT_01,94.0,29
2025-03-19,OUTLET_1,PROD_009,Electronics,State_A,DEPT_01,99.5,34
2025-03-19,OUTLET_1,PROD_010,Home,State_A,DEPT_01,105.0,18
2025-03-19,OUTLET_1,PROD_011,Clothing,State_A,DEPT_01,110.5,20
2025-03-19,OUTLET_1,PROD_012,Electronics,State_A,DEPT_01,116.0,24
2025-03-19,OUTLET_1,PROD_013,Home,State_A,DEPT_01,121.5,57
2025-03-19,OUTLET_1,PROD_014,Clothing,State_A,DEPT_01,127.0,33
2025-03-19,OUTLET_1,PROD_015,Electronics,State_A,DEPT_01,132.5,17
2025-03-19,OUTLET_1,PROD_016,Home,State_A,DEPT_01,138.0,18
2025-03-19,OUTLET_1,PROD_017,Clothing,State_A,DEPT_01,143.5,26
2025-03-19,OUTLET_1,PROD_018,Electronics,State_A,DEPT_01,149.0,30
2025-03-19,OUTLET_1,PROD_019,Home,State_A,DEPT_01,154.5,33
2025-03-19,OUTLET_2,PROD_000,Electronics,State_B,DEPT_01,50.0,14
2025-03-19,OUTLET_2,PROD_001,Home,State_B,DEPT_01,55.5,16
2025-03-19,OUTLET_2,PROD_002,Clothing,State_B,DEPT_01,61.0,19
2025-03-19,OUTLET_2,PROD_003,Electronics,State_B,DEPT_01,66.5,29
2025-03-19,OUTLET_2,PROD_004,Home,State_B,DEPT_01,72.0,41
2025-03-19,OUTLET_2,PROD_005,Clothing,State_B,DEPT_01,77.5,9
2025-03-19,OUTLET_2,PROD_006,Electronics,State_B,DEPT_01,83.0,25
2025-03-19,OUTLET_2,PROD_007,Home,State_B,DEPT_01,88.5,22
2025-03-19,OUTLET_2,PROD_008,Clothing,State_B,DEPT_01,94.0,25
2025-03-19,OUTLET_2,PROD_009,Electronics,State_B,DEPT_01,99.5,33
2025-03-19,OUTLET_2,PROD_010,Home,State_B,DEPT_01,105.0,14
2025-03-19,OUTLET_2,PROD_011,Clothing,State_B,DEPT_01,110.5,19
2025-03-19,OUTLET_2,PROD_012,Electronics,State_B,DEPT_01,116.0,19
2025-03-19,OUTLET_2,PROD_013,Home,State_B,DEPT_01,121.5,28
2025-03-19,OUTLET_2,PROD_014,Clothing,State_B,DEPT_01,127.0,29
2025-03-19,OUTLET_2,PROD_015,Electronics,State_B,DEPT_01,132.5,43
2025-03-19,OUTLET_2,PROD_016,Home,State_B,DEPT_01,138.0,20
2025-03-19,OUTLET_2,PROD_017,Clothing,State_B,DEPT_01,143.5,26
2025-03-19,OUTLET_2,PROD_018,Electronics,State_B,DEPT_01,149.0,33
2025-03-19,OUTLET_2,PROD_019,Home,State_B,DEPT_01,154.5,35
2025-03-20,OUTLET_1,PROD_000,Electronics,State_A,DEPT_01,50.0,10
2025-03-20,OUTLET_1,PROD_001,Home,State_A,DEPT_01,55.5,21
2025-03-20,OUTLET_1,PROD_002,Clothing,State_A,DEPT_01,61.0,26
2025-03-20,OUTLET_1,PROD_003,Electronics,State_A,DEPT_01,66.5,28
2025-03-20,OUTLET_1,PROD_004,Home,State_A,DEPT_01,72.0,34
2025-03-20,OUTLET_1,PROD_005,Clothing,State_A,DEPT_01,77.5,17
2025-03-20,OUTLET_1,PROD_006,Electronics,State_A,DEPT_01,83.0,20
2025-03-20,OUTLET_1,PROD_007,Home,State_A,DEPT_01,88.5,23
2025-03-20,OUTLET_1,PROD_008,Clothing,State_A,DEPT_01,94.0,30
2025-03-20,OUTLET_1,PROD_009,Electronics,State_A,DEPT_01,99.5,31
2025-03-20,OUTLET_1,PROD_010,Home,State_A,DEPT_01,105.0,12
2025-03-20,OUTLET_1,PROD_011,Clothing,State_A,DEPT_01,110.5,19
2025-03-20,OUTLET_1,PROD_012,Electronics,State_A,DEPT_01,116.0,24
2025-03-20,OUTLET_1,PROD_013,Home,State_A,DEPT_01,121.5,30
2025-03-20,OUTLET_1,PROD_014,Clothing,State_A,DEPT_01,127.0,34
2025-03-20,OUTLET_1,PROD_015,Electronics,State_A,DEPT_01,132.5,11
2025-03-20,OUTLET_1,PROD_016,Home,State_A,DEPT_01,138.0,24
2025-03-20,OUTLET_1,PROD_017,Clothing,State_A,DEPT_01,143.5,28
2025-03-20,OUTLET_1,PROD_018,Electronics,State_A,DEPT_01,149.0,30
2025-03-20,OUTLET_1,PROD_019,Home,State_A,DEPT_01,154.5,33
2025-03-20,OUTLET_2,PROD_000,Electronics,State_B,DEPT_01,50.0,17
2025-03-20,OUTLET_2,PROD_001,Home,State_B,DEPT_01,55.5,22
2025-03-20,OUTLET_2,PROD_002,Clothing,State_B,DEPT_01,61.0,28
2025-03-20,OUTLET_2,PROD_003,Electronics,State_B,DEPT_01,66.5,31
2025-03-20,OUTLET_2,PROD_004,Home,State_B,DEPT_01,72.0,33
2025-03-20,OUTLET_2,PROD_005,Clothing,State_B,DEPT_01,77.5,16
2025-03-20,OUTLET_2,PROD_006,Electronics,State_B,DEPT_01,83.0,14
2025-03-20,OUTLET_2,PROD_007,Home,State_B,DEPT_01,88.5,23
2025-03-20,OUTLET_2,PROD_008,Clothing,State_B,DEPT_01,94.0,35
2025-03-20,OUTLET_2,PROD_009,Electronics,State_B,DEPT_01,99.5,31
2025-03-20,OUTLET_2,PROD_010,Home,State_B,DEPT_01,105.0,9
2025-03-20,OUTLET_2,PROD_011,Clothing,State_B,DEPT_01,110.5,19
2025-03-20,OUTLET_2,PROD_012,Electronics,State_B,DEPT_01,116.0,24
2025-03-20,OUTLET_2,PROD_013,Home,State_B,DEPT_01,121.5,32
2025-03-20,OUTLET_2,PROD_014,Clothing,State_B,DEPT_01,127.0,35
2025-03-20,OUTLET_2,PROD_015,Electronics,State_B,DEPT_01,132.5,14
2025-03-20,OUTLET_2,PROD_016,Home,State_B,DEPT_01,138.0,15
2025-03-20,OUTLET_2,PROD_017,Clothing,State_B,DEPT_01,143.5,24
2025-03-20,OUTLET_2,PROD_018,Electronics,State_B,DEPT_01,149.0,27
2025-03-20,OUTLET_2,PROD_019,Home,State_B,DEPT_01,154.5,37
2025-03-21,OUTLET_1,PROD_000,Electronics,State_A,DEPT_01,50.0,15
2025-03-21,OUTLET_1,PROD_001,Home,State_A,DEPT_01,55.5,12
2025-03-21,OUTLET_1,PROD_002,Clothing,State_A,DEPT_01,61.0,28
2025-03-21,OUTLET_1,PROD_003,Electronics,State_A,DEPT_01,66.5,19
2025-03-21,OUTLET_1,PROD_004,Home,State_A,DEPT_01,72.0,31
2025-03-21,OUTLET_1,PROD_005,Clothing,State_A,DEPT_01,77.5,15
2025-03-21,OUTLET_1,PROD_006,Electronics,State_A,DEPT_01,83.0,19
2025-03-21,OUTLET_1,PROD_007,Home,State_A,DEPT_01,88.5,26
2025-03-21,OUTLET_1,PROD_008,Clothing,State_A,DEPT_01,94.0,28
2025-03-21,OUTLET_1,PROD_009,Electronics,State_A,DEPT_01,99.5,32
2025-03-21,OUTLET_1,PROD_010,Home,State_A,DEPT_01,105.0,14
2025-03-21,OUTLET_1,PROD_011,Clothing,State_A,DEPT_01,110.5,24
2025-03-21,OUTLET_1,PROD_012,Electronics,State_A,DEPT_01,116.0,21
2025-03-21,OUTLET_1,PROD_013,Home,State_A,DEPT_01,121.5,29
2025-03-21,OUTLET_1,PROD_014,Clothing,State_A,DEPT_01,127.0,35
2025-03-21,OUTLET_1,PROD_015,Electronics,State_A,DEPT_01,132.5,15
2025-03-21,OUTLET_1,PROD_016,Home,State_A,DEPT_01,138.0,18
2025-03-21,OUTLET_1,PROD_017,Clothing,State_A,DEPT_01,143.5,23
2025-03-21,OUTLET_1,PROD_018,Electronics,State_A,DEPT_01,149.0,29
2025-03-21,OUTLET_1,PROD_019,Home,State_A,DEPT_01,154.5,34
2025-03-21,OUTLET_2,PROD_000,Electronics,State_B,DEPT_01,50.0,8
2025-03-21,OUTLET_2,PROD_001,Home,State_B,DEPT_01,55.5,21
2025-03-21,OUTLET_2,PROD_002,Clothing,State_B,DEPT_01,61.0,26
2025-03-21,OUTLET_2,PROD_003,Electronics,State_B,DEPT_01,66.5,32
2025-03-21,OUTLET_2,PROD_004,Home,State_B,DEPT_01,72.0,29
2025-03-21,OUTLET_2,PROD_005,Clothing,State_B,DEPT_01,77.5,15
2025-03-21,OUTLET_2,PROD_006,Electronics,State_B,DEPT_01,83.0,19
2025-03-21,OUTLET_2,PROD_007,Home,State_B,DEPT_01,88.5,25
2025-03-21,OUTLET_2,PROD_008,Clothing,State_B,DEPT_01,94.0,29
2025-03-21,OUTLET_2,PROD_009,Electronics,State_B,DEPT_01,99.5,36
2025-03-21,OUTLET_2,PROD_010,Home,State_B,DEPT_01,105.0,13
2025-03-21,OUTLET_2,PROD_011,Clothing,State_B,DEPT_01,110.5,20
2025-03-21,OUTLET_2,PROD_012,Electronics,State_B,DEPT_01,116.0,20
2025-03-21,OUTLET_2,PROD_013,Home,State_B,DEPT_01,121.5,28
2025-03-21,OUTLET_2,PROD_014,Clothing,State_B,DEPT_01,127.0,33
2025-03-21,OUTLET_2,PROD_015,Electronics,State_B,DEPT_01,132.5,7
2025-03-21,OUTLET_2,PROD_016,Home,State_B,DEPT_01,138.0,20
2025-03-21,OUTLET_2,PROD_017,Clothing,State_B,DEPT_01,143.5,25
2025-03-21,OUTLET_2,PROD_018,Electronics,State_B,DEPT_01,149.0,28
2025-03-21,OUTLET_2,PROD_019,Home,State_B,DEPT_01,154.5,37
2025-03-22,OUTLET_1,PROD_000,Electronics,State_A,DEPT_01,50.0,18
2025-03-22,OUTLET_1,PROD_001,Home,State_A,DEPT_01,55.5,25
2025-03-22,OUTLET_1,PROD_002,Clothing,State_A,DEPT_01,61.0,21
2025-03-22,OUTLET_1,PROD_003,Electronics,State_A,DEPT_01,66.5,31
2025-03-22,OUTLET_1,PROD_004,Home,State_A,DEPT_01,72.0,35
2025-03-22,OUTLET_1,PROD_005,Clothing,State_A,DEPT_01,77.5,14
2025-03-22,OUTLET_1,PROD_006,Electronics,State_A,DEPT_01,83.0,16
2025-03-22,OUTLET_1,PROD_007,Home,State_A,DEPT_01,88.5,24
2025-03-22,OUTLET_1,PROD_008,Clothing,State_A,DEPT_01,94.0,23
2025-03-22,OUTLET_1,PROD_009,Electronics,State_A,DEPT_01,99.5,34
2025-03-22,OUTLET_1,PROD_010,Home,State_A,DEPT_01,105.0,9
2025-03-22,OUTLET_1,PROD_011,Clothing,State_A,DEPT_01,110.5,18
2025-03-22,OUTLET_1,PROD_012,Electronics,State_A,DEPT_01,116.0,27
2025-03-22,OUTLET_1,PROD_013,Home,State_A,DEPT_01,121.5,27
2025-03-22,OUTLET_1,PROD_014,Clothing,State_A,DEPT_01,127.0,29
2025-03-22,OUTLET_1,PROD_015,Electronics,State_A,DEPT_01,132.5,15
2025-03-22,OUTLET_1,PROD_016,Home,State_A,DEPT_01,138.0,17
2025-03-22,OUTLET_1,PROD_017,Clothing,State_A,DEPT_01,143.5,30
2025-03-22,OUTLET_1,PROD_018,Electronics,State_A,DEPT_01,149.0,25
2025-03-22,OUTLET_1,PROD_019,Home,State_A,DEPT_01,154.5,43
2025-03-22,OUTLET_2,PROD_000,Electronics,State_B,DEPT_01,50.0,13
2025-03-22,OUTLET_2,PROD_001,Home,State_B,DEPT_01,55.5,18
2025-03-22,OUTLET_2,PROD_002,Clothing,State_B,DEPT_01,61.0,20
2025-03-22,OUTLET_2,PROD_003,Electronics,State_B,DEPT_01,66.5,31
2025-03-22,OUTLET_2,PROD_004,Home,State_B,DEPT_01,72.0,28
2025-03-22,OUTLET_2,PROD_005,Clothing,State_B,DEPT_01,77.5,15
2025-03-22,OUTLET_2,PROD_006,Electronics,State_B,DEPT_01,83.0,22
2025-03-22,OUTLET_2,PROD_007,Home,State_B,DEPT_01,88.5,21
2025-03-22,OUTLET_2,PROD_008,Clothing,State_B,DEPT_01,94.0,34
2025-03-22,OUTLET_2,PROD_009,Electronics,State_B,DEPT_01,99.5,32
2025-03-22,OUTLET_2,PROD_010,Home,State_B,DEPT_01,105.0,13
2025-03-22,OUTLET_2,PROD_011,Clothing,State_B,DEPT_01,110.5,14
2025-03-22,OUTLET_2,PROD_012,Electronics,State_B,DEPT_01,116.0,24
2025-03-22,OUTLET_2,PROD_013,Home,State_B,DEPT_01,121.5,31
2025-03-22,OUTLET_2,PROD_014,Clothing,State_B,DEPT_01,127.0,31
2025-03-22,OUTLET_2,PROD_015,Electronics,State_B,DEPT_01,132.5,47
2025-03-22,OUTLET_2,PROD_016,Home,State_B,DEPT_01,138.0,22
2025-03-22,OUTLET_2,PROD_017,Clothing,State_B,DEPT_01,143.5,28
2025-03-22,OUTLET_2,PROD_018,Electronics,State_B,DEPT_01,149.0,26
2025-03-22,OUTLET_2,PROD_019,Home,State_B,DEPT_01,154.5,39
2025-03-23,OUTLET_1,PROD_000,Electronics,State_A,DEPT_01,50.0,15
2025-03-23,OUTLET_1,PROD_001,Home,State_A,DEPT_01,55.5,19
2025-03-23,OUTLET_1,PROD_002,Clothing,State_A,DEPT_01,61.0,25
2025-03-23,OUTLET_1,PROD_003,Electronics,State_A,DEPT_01,66.5,35
2025-03-23,OUTLET_1,PROD_004,Home,State_A,DEPT_01,72.0,31
2025-03-23,OUTLET_1,PROD_005,Clothing,State_A,DEPT_01,77.5,12
2025-03-23,OUTLET_1,PROD_006,Electronics,State_A,DEPT_01,83.0,22
2025-03-23,OUTLET_1,PROD_007,Home,State_A,DEPT_01,88.5,21
2025-03-23,OUTLET_1,PROD_008,Clothing,State_A,DEPT_01,94.0,31
2025-03-23,OUTLET_1,PROD_009,Electronics,State_A,DEPT_01,99.5,36
2025-03-23,OUTLET_1,PROD_010,Home,State_A,DEPT_01,105.0,16
2025-03-23,OUTLET_1,PROD_011,Clothing,State_A,DEPT_01,110.5,19
2025-03-23,OUTLET_1,PROD_012,Electronics,State_A,DEPT_01,116.0,23
2025-03-23,OUTLET_1,PROD_013,Home,State_A,DEPT_01,121.5,30
2025-03-23,OUTLET_1,PROD_014,Clothing,State_A,DEPT_01,127.0,39
2025-03-23,OUTLET_1,PROD_015,Electronics,State_A,DEPT_01,132.5,16
2025-03-23,OUTLET_1,PROD_016,Home,State_A,DEPT_01,138.0,22
2025-03-23,OUTLET_1,PROD_017,Clothing,State_A,DEPT_01,143.5,20
2025-03-23,OUTLET_1,PROD_018,Electronics,State_A,DEPT_01,149.0,37
2025-03-23,OUTLET_1,PROD_019,Home,State_A,DEPT_01,154.5,35
2025-03-23,OUTLET_2,PROD_000,Electronics,State_B,DEPT_01,50.0,13
2025-03-23,OUTLET_2,PROD_001,Home,State_B,DEPT_01,55.5,19
2025-03-23,OUTLET_2,PROD_002,Clothing,State_B,DEPT_01,61.0,25
2025-03-23,OUTLET_2,PROD_003,Electronics,State_B,DEPT_01,66.5,23
2025-03-23,OUTLET_2,PROD_004,Home,State_B,DEPT_01,72.0,33
2025-03-23,OUTLET_2,PROD_005,Clothing,State_B,DEPT_01,77.5,17
2025-03-23,OUTLET_2,PROD_006,Electronics,State_B,DEPT_01,83.0,16
2025-03-23,OUTLET_2,PROD_007,Home,State_B,DEPT_01,88.5,31
2025-03-23,OUTLET_2,PROD_008,Clothing,State_B,DEPT_01,94.0,30
2025-03-23,OUTLET_2,PROD_009,Electronics,State_B,DEPT_01,99.5,31
2025-03-23,OUTLET_2,PROD_010,Home,State_B,DEPT_01,105.0,12
2025-03-23,OUTLET_2,PROD_011,Clothing,State_B,DEPT_01,110.5,22
2025-03-23,OUTLET_2,PROD_012,Electronics,State_B,DEPT_01,116.0,26
2025-03-23,OUTLET_2,PROD_013,Home,State_B,DEPT_01,121.5,30
2025-03-23,OUTLET_2,PROD_014,Clothing,State_B,DEPT_01,127.0,35
2025-03-23,OUTLET_2,PROD_015,Electronics,State_B,DEPT_01,132.5,15
2025-03-23,OUTLET_2,PROD_016,Home,State_B,DEPT_01,138.0,21
2025-03-23,OUTLET_2,PROD_017,Clothing,State_B,DEPT_01,143.5,26
2025-03-23,OUTLET_2,PROD_018,Electronics,State_B,DEPT_01,149.0,30
2025-03-23,OUTLET_2,PROD_019,Home,State_B,DEPT_01,154.5,34
2025-03-24,OUTLET_1,PROD_000,Electronics,State_A,DEPT_01,50.0,12
2025-03-24,OUTLET_1,PROD_001,Home,State_A,DEPT_01,55.5,58
2025-03-24,OUTLET_1,PROD_002,Clothing,State_A,DEPT_01,61.0,22
2025-03-24,OUTLET_1,PROD_003,Electronics,State_A,DEPT_01,66.5,27
2025-03-24,OUTLET_1,PROD_004,Home,State_A,DEPT_01,72.0,34
2025-03-24,OUTLET_1,PROD_005,Clothing,State_A,DEPT_01,77.5,17
2025-03-24,OUTLET_1,PROD_006,Electronics,State_A,DEPT_01,83.0,21
2025-03-24,OUTLET_1,PROD_007,Home,State_A,DEPT_01,88.5,27
2025-03-24,OUTLET_1,PROD_008,Clothing,State_A,DEPT_01,94.0,30
2025-03-24,OUTLET_1,PROD_009,Electronics,State_A,DEPT_01,99.5,38
2025-03-24,OUTLET_1,PROD_010,Home,State_A,DEPT_01,105.0,14
2025-03-24,OUTLET_1,PROD_011,Clothing,State_A,DEPT_01,110.5,23
2025-03-24,OUTLET_1,PROD_012,Electronics,State_A,DEPT_01,116.0,24
2025-03-24,OUTLET_1,PROD_013,Home,State_A,DEPT_01,121.5,21
2025-03-24,OUTLET_1,PROD_014,Clothing,State_A,DEPT_01,127.0,36
2025-03-24,OUTLET_1,PROD_015,Electronics,State_A,DEPT_01,132.5,14
2025-03-24,OUTLET_1,PROD_016,Home,State_A,DEPT_01,138.0,19
2025-03-24,OUTLET_1,PROD_017,Clothing,State_A,DEPT_01,143.5,22
2025-03-24,OUTLET_1,PROD_018,Electronics,State_A,DEPT_01,149.0,31
2025-03-24,OUTLET_1,PROD_019,Home,State_A,DEPT_01,154.5,31
2025-03-24,OUTLET_2,PROD_000,Electronics,State_B,DEPT_01,50.0,16
2025-03-24,OUTLET_2,PROD_001,Home,State_B,DEPT_01,55.5,20
2025-03-24,OUTLET_2,PROD_002,Clothing,State_B,DEPT_01,61.0,26
2025-03-24,OUTLET_2,PROD_003,Electronics,State_B,DEPT_01,66.5,72
2025-03-24,OUTLET_2,PROD_004,Home,State_B,DEPT_01,72.0,28
2025-03-24,OUTLET_2,PROD_005,Clothing,State_B,DEPT_01,77.5,14
2025-03-24,OUTLET_2,PROD_006,Electronics,State_B,DEPT_01,83.0,17
2025-03-24,OUTLET_2,PROD_007,Home,State_B,DEPT_01,88.5,28
2025-03-24,OUTLET_2,PROD_008,Clothing,State_B,DEPT_01,94.0,32
2025-03-24,OUTLET_2,PROD_009,Electronics,State_B,DEPT_01,99.5,37
2025-03-24,OUTLET_2,PROD_010,Home,State_B,DEPT_01,105.0,10
2025-03-24,OUTLET_2,PROD_011,Clothing,State_B,DEPT_01,110.5,18
2025-03-24,OUTLET_2,PROD_012,Electronics,State_B,DEPT_01,116.0,24
2025-03-24,OUTLET_2,PROD_013,Home,State_B,DEPT_01,121.5,26
2025-03-24,OUTLET_2,PROD_014,Clothing,State_B,DEPT_01,127.0,36
2025-03-24,OUTLET_2,PROD_015,Electronics,State_B,DEPT_01,132.5,13
2025-03-24,OUTLET_2,PROD_016,Home,State_B,DEPT_01,138.0,20
2025-03-24,OUTLET_2,PROD_017,Clothing,State_B,DEPT_01,143.5,26
2025-03-24,OUTLET_2,PROD_018,Electronics,State_B,DEPT_01,149.0,29
2025-03-24,OUTLET_2,PROD_019,Home,State_B,DEPT_01,154.5,36
2025-03-25,OUTLET_1,PROD_000,Electronics,State_A,DEPT_01,50.0,12
2025-03-25,OUTLET_1,PROD_001,Home,State_A,DEPT_01,55.5,20
2025-03-25,OUTLET_1,PROD_002,Clothing,State_A,DEPT_01,61.0,25
2025-03-25,OUTLET_1,PROD_003,Electronics,State_A,DEPT_01,66.5,33
2025-03-25,OUTLET_1,PROD_004,Home,State_A,DEPT_01,72.0,30
2025-03-25,OUTLET_1,PROD_005,Clothing,State_A,DEPT_01,77.5,15
2025-03-25,OUTLET_1,PROD_006,Electronics,State_A,DEPT_01,83.0,20
2025-03-25,OUTLET_1,PROD_007,Home,State_A,DEPT_01,88.5,24
2025-03-25,OUTLET_1,PROD_008,Clothing,State_A,DEPT_01,94.0,25
2025-03-25,OUTLET_1,PROD_009,Electronics,State_A,DEPT_01,99.5,31
2025-03-25,OUTLET_1,PROD_010,Home,State_A,DEPT_01,105.0,13
2025-03-25,OUTLET_1,PROD_011,Clothing,State_A,DEPT_01,110.5,20
2025-03-25,OUTLET_1,PROD_012,Electronics,State_A,DEPT_01,116.0,21
2025-03-25,OUTLET_1,PROD_013,Home,State_A,DEPT_01,121.5,33
2025-03-25,OUTLET_1,PROD_014,Clothing,State_A,DEPT_01,127.0,34
2025-03-25,OUTLET_1,PROD_015,Electronics,State_A,DEPT_01,132.5,17
2025-03-25,OUTLET_1,PROD_016,Home,State_A,DEPT_01,138.0,24
2025-03-25,OUTLET_1,PROD_017,Clothing,State_A,DEPT_01,143.5,22
2025-03-25,OUTLET_1,PROD_018,Electronics,State_A,DEPT_01,149.0,22
2025-03-25,OUTLET_1,PROD_019,Home,State_A,DEPT_01,154.5,34
2025-03-25,OUTLET_2,PROD_000,Electronics,State_B,DEPT_01,50.0,11
2025-03-25,OUTLET_2,PROD_001,Home,State_B,DEPT_01,55.5,26
2025-03-25,OUTLET_2,PROD_002,Clothing,State_B,DEPT_01,61.0,25
2025-03-25,OUTLET_2,PROD_003,Electronics,State_B,DEPT_01,66.5,30
2025-03-25,OUTLET_2,PROD_004,Home,State_B,DEPT_01,72.0,32
2025-03-25,OUTLET_2,PROD_005,Clothing,State_B,DEPT_01,77.5,18
2025-03-25,OUTLET_2,PROD_006,Electronics,State_B,DEPT_01,83.0,21
2025-03-25,OUTLET_2,PROD_007,Home,State_B,DEPT_01,88.5,24
2025-03-25,OUTLET_2,PROD_008,Clothing,State_B,DEPT_01,94.0,31
2025-03-25,OUTLET_2,PROD_009,Electronics,State_B,DEPT_01,99.5,35
2025-03-25,OUTLET_2,PROD_010,Home,State_B,DEPT_01,105.0,16
2025-03-25,OUTLET_2,PROD_011,Clothing,State_B,DEPT_01,110.5,18
2025-03-25,OUTLET_2,PROD_012,Electronics,State_B,DEPT_01,116.0,25
2025-03-25,OUTLET_2,PROD_013,Home,State_B,DEPT_01,121.5,28
2025-03-25,OUTLET_2,PROD_014,Clothing,State_B,DEPT_01,127.0,33
2025-03-25,OUTLET_2,PROD_015,Electronics,State_B,DEPT_01,132.5,15
2025-03-25,OUTLET_2,PROD_016,Home,State_B,DEPT_01,138.0,16
2025-03-25,OUTLET_2,PROD_017,Clothing,State_B,DEPT_01,143.5,29
2025-03-25,OUTLET_2,PROD_018,Electronics,State_B,DEPT_01,149.0,30
2025-03-25,OUTLET_2,PROD_019,Home,State_B,DEPT_01,154.5,32
2025-03-26,OUTLET_1,PROD_000,Electronics,State_A,DEPT_01,50.0,17
2025-03-26,OUTLET_1,PROD_001,Home,State_A,DEPT_01,55.5,20
2025-03-26,OUTLET_1,PROD_002,Clothing,State_A,DEPT_01,61.0,21
2025-03-26,OUTLET_1,PROD_003,Electronics,State_A,DEPT_01,66.5,28
2025-03-26,OUTLET_1,PROD_004,Home,State_A,DEPT_01,72.0,34
2025-03-26,OUTLET_1,PROD_005,Clothing,State_A,DEPT_01,77.5,11
2025-03-26,OUTLET_1,PROD_006,Electronics,State_A,DEPT_01,83.0,23
2025-03-26,OUTLET_1,PROD_007,Home,State_A,DEPT_01,88.5,25
2025-03-26,OUTLET_1,PROD_008,Clothing,State_A,DEPT_01,94.0,30
2025-03-26,OUTLET_1,PROD_009,Electronics,State_A,DEPT_01,99.5,33
2025-03-26,OUTLET_1,PROD_010,Home,State_A,DEPT_01,105.0,17
2025-03-26,OUTLET_1,PROD_011,Clothing,State_A,DEPT_01,110.5,21
2025-03-26,OUTLET_1,PROD_012,Electronics,State_A,DEPT_01,116.0,24
2025-03-26,OUTLET_1,PROD_013,Home,State_A,DEPT_01,121.5,30
2025-03-26,OUTLET_1,PROD_014,Clothing,State_A,DEPT_01,127.0,39
2025-03-26,OUTLET_1,PROD_015,Electronics,State_A,DEPT_01,132.5,13
2025-03-26,OUTLET_1,PROD_016,Home,State_A,DEPT_01,138.0,22
2025-03-26,OUTLET_1,PROD_017,Clothing,State_A,DEPT_01,143.5,25
2025-03-26,OUTLET_1,PROD_018,Electronics,State_A,DEPT_01,149.0,30
2025-03-26,OUTLET_1,PROD_019,Home,State_A,DEPT_01,154.5,34
2025-03-26,OUTLET_2,PROD_000,Electronics,State_B,DEPT_01,50.0,19
2025-03-26,OUTLET_2,PROD_001,Home,State_B,DEPT_01,55.5,21
2025-03-26,OUTLET_2,PROD_002,Clothing,State_B,DEPT_01,61.0,26
2025-03-26,OUTLET_2,PROD_003,Electronics,State_B,DEPT_01,66.5,26
2025-03-26,OUTLET_2,PROD_004,Home,State_B,DEPT_01,72.0,33
2025-03-26,OUTLET_2,PROD_005,Clothing,State_B,DEPT_01,77.5,16
2025-03-26,OUTLET_2,PROD_006,Electronics,State_B,DEPT_01,83.0,19
2025-03-26,OUTLET_2,PROD_007,Home,State_B,DEPT_01,88.5,21
2025-03-26,OUTLET_2,PROD_008,Clothing,State_B,DEPT_01,94.0,32
2025-03-26,OUTLET_2,PROD_009,Electronics,State_B,DEPT_01,99.5,31
2025-03-26,OUTLET_2,PROD_010,Home,State_B,DEPT_01,105.0,20
2025-03-26,OUTLET_2,PROD_011,Clothing,State_B,DEPT_01,110.5,21
2025-03-26,OUTLET_2,PROD_012,Electronics,State_B,DEPT_01,116.0,24
2025-03-26,OUTLET_2,PROD_013,Home,State_B,DEPT_01,121.5,29
2025-03-26,OUTLET_2,PROD_014,Clothing,State_B,DEPT_01,127.0,32
2025-03-26,OUTLET_2,PROD_015,Electronics,State_B,DEPT_01,132.5,9
2025-03-26,OUTLET_2,PROD_016,Home,State_B,DEPT_01,138.0,17
2025-03-26,OUTLET_2,PROD_017,Clothing,State_B,DEPT_01,143.5,26
2025-03-26,OUTLET_2,PROD_018,Electronics,State_B,DEPT_01,149.0,26
2025-03-26,OUTLET_2,PROD_019,Home,State_B,DEPT_01,154.5,33
2025-03-27,OUTLET_1,PROD_000,Electronics,State_A,DEPT_01,50.0,20
2025-03-27,OUTLET_1,PROD_001,Home,State_A,DEPT_01,55.5,18
2025-03-27,OUTLET_1,PROD_002,Clothing,State_A,DEPT_01,61.0,20
2025-03-27,OUTLET_1,PROD_003,Electronics,State_A,DEPT_01,66.5,26
2025-03-27,OUTLET_1,PROD_004,Home,State_A,DEPT_01,72.0,40
2025-03-27,OUTLET_1,PROD_005,Clothing,State_A,DEPT_01,77.5,15
2025-03-27,OUTLET_1,PROD_006,Electronics,State_A,DEPT_01,83.0,17
2025-03-27,OUTLET_1,PROD_007,Home,State_A,DEPT_01,88.5,63
2025-03-27,OUTLET_1,PROD_008,Clothing,State_A,DEPT_01,94.0,26
2025-03-27,OUTLET_1,PROD_009,Electronics,State_A,DEPT_01,99.5,36
2025-03-27,OUTLET_1,PROD_010,Home,State_A,DEPT_01,105.0,12
2025-03-27,OUTLET_1,PROD_011,Clothing,State_A,DEPT_01,110.5,21
2025-03-27,OUTLET_1,PROD_012,Electronics,State_A,DEPT_01,116.0,20
2025-03-27,OUTLET_1,PROD_013,Home,State_A,DEPT_01,121.5,28
2025-03-27,OUTLET_1,PROD_014,Clothing,State_A,DEPT_01,127.0,36
2025-03-27,OUTLET_1,PROD_015,Electronics,State_A,DEPT_01,132.5,11
2025-03-27,OUTLET_1,PROD_016,Home,State_A,DEPT_01,138.0,22
2025-03-27,OUTLET_1,PROD_017,Clothing,State_A,DEPT_01,143.5,28
2025-03-27,OUTLET_1,PROD_018,Electronics,State_A,DEPT_01,149.0,27
2025-03-27,OUTLET_1,PROD_019,Home,State_A,DEPT_01,154.5,34
2025-03-27,OUTLET_2,PROD_000,Electronics,State_B,DEPT_01,50.0,11
2025-03-27,OUTLET_2,PROD_001,Home,State_B,DEPT_01,55.5,22
2025-03-27,OUTLET_2,PROD_002,Clothing,State_B,DEPT_01,61.0,25
2025-03-27,OUTLET_2,PROD_003,Electronics,State_B,DEPT_01,66.5,30
2025-03-27,OUTLET_2,PROD_004,Home,State_B,DEPT_01,72.0,28
2025-03-27,OUTLET_2,PROD_005,Clothing,State_B,DEPT_01,77.5,14
2025-03-27,OUTLET_2,PROD_006,Electronics,State_B,DEPT_01,83.0,23
2025-03-27,OUTLET_2,PROD_007,Home,State_B,DEPT_01,88.5,31
2025-03-27,OUTLET_2,PROD_008,Clothing,State_B,DEPT_01,94.0,33
2025-03-27,OUTLET_2,PROD_009,Electronics,State_B,DEPT_01,99.5,37
2025-03-27,OUTLET_2,PROD_010,Home,State_B,DEPT_01,105.0,13
2025-03-27,OUTLET_2,PROD_011,Clothing,State_B,DEPT_01,110.5,18
2025-03-27,OUTLET_2,PROD_012,Electronics,State_B,DEPT_01,116.0,22
2025-03-27,OUTLET_2,PROD_013,Home,State_B,DEPT_01,121.5,28
2025-03-27,OUTLET_2,PROD_014,Clothing,State_B,DEPT_01,127.0,33
2025-03-27,OUTLET_2,PROD_015,Electronics,State_B,DEPT_01,132.5,16
2025-03-27,OUTLET_2,PROD_016,Home,State_B,DEPT_01,138.0,15
2025-03-27,OUTLET_2,PROD_017,Clothing,State_B,DEPT_01,143.5,23
2025-03-27,OUTLET_2,PROD_018,Electronics,State_B,DEPT_01,149.0,24
2025-03-27,OUTLET_2,PROD_019,Home,State_B,DEPT_01,154.5,37
2025-03-28,OUTLET_1,PROD_000,Electronics,State_A,DEPT_01,50.0,13
2025-03-28,OUTLET_1,PROD_001,Home,State_A,DEPT_01,55.5,25
2025-03-28,OUTLET_1,PROD_002,Clothing,State_A,DEPT_01,61.0,27
2025-03-28,OUTLET_1,PROD_003,Electronics,State_A,DEPT_01,66.5,24
2025-03-28,OUTLET_1,PROD_004,Home,State_A,DEPT_01,72.0,30
2025-03-28,OUTLET_1,PROD_005,Clothing,State_A,DEPT_01,77.5,13
2025-03-28,OUTLET_1,PROD_006,Electronics,State_A,DEPT_01,83.0,26
2025-03-28,OUTLET_1,PROD_007,Home,State_A,DEPT_01,88.5,22
2025-03-28,OUTLET_1,PROD_008,Clothing,State_A,DEPT_01,94.0,30
2025-03-28,OUTLET_1,PROD_009,Electronics,State_A,DEPT_01,99.5,38
2025-03-28,OUTLET_1,PROD_010,Home,State_A,DEPT_01,105.0,18
2025-03-28,OUTLET_1,PROD_011,Clothing,State_A,DEPT_01,110.5,19
2025-03-28,OUTLET_1,PROD_012,Electronics,State_A,DEPT_01,116.0,21
2025-03-28,OUTLET_1,PROD_013,Home,State_A,DEPT_01,121.5,29
2025-03-28,OUTLET_1,PROD_014,Clothing,State_A,DEPT_01,127.0,37
2025-03-28,OUTLET_1,PROD_015,Electronics,State_A,DEPT_01,132.5,16
2025-03-28,OUTLET_1,PROD_016,Home,State_A,DEPT_01,138.0,14
2025-03-28,OUTLET_1,PROD_017,Clothing,State_A,DEPT_01,143.5,20
2025-03-28,OUTLET_1,PROD_018,Electronics,State_A,DEPT_01,149.0,25
2025-03-28,OUTLET_1,PROD_019,Home,State_A,DEPT_01,154.5,38
2025-03-28,OUTLET_2,PROD_000,Electronics,State_B,DEPT_01,50.0,11
2025-03-28,OUTLET_2,PROD_001,Home,State_B,DEPT_01,55.5,15
2025-03-28,OUTLET_2,PROD_002,Clothing,State_B,DEPT_01,61.0,25
2025-03-28,OUTLET_2,PROD_003,Electronics,State_B,DEPT_01,66.5,32
2025-03-28,OUTLET_2,PROD_004,Home,State_B,DEPT_01,72.0,39
2025-03-28,OUTLET_2,PROD_005,Clothing,State_B,DEPT_01,77.5,11
2025-03-28,OUTLET_2,PROD_006,Electronics,State_B,DEPT_01,83.0,26
2025-03-28,OUTLET_2,PROD_007,Home,State_B,DEPT_01,88.5,19
2025-03-28,OUTLET_2,PROD_008,Clothing,State_B,DEPT_01,94.0,28
2025-03-28,OUTLET_2,PROD_009,Electronics,State_B,DEPT_01,99.5,36
2025-03-28,OUTLET_2,PROD_010,Home,State_B,DEPT_01,105.0,11
2025-03-28,OUTLET_2,PROD_011,Clothing,State_B,DEPT_01,110.5,19
2025-03-28,OUTLET_2,PROD_012,Electronics,State_B,DEPT_01,116.0,23
2025-03-28,OUTLET_2,PROD_013,Home,State_B,DEPT_01,121.5,21
2025-03-28,OUTLET_2,PROD_014,Clothing,State_B,DEPT_01,127.0,29
2025-03-28,OUTLET_2,PROD_015,Electronics,State_B,DEPT_01,132.5,14
2025-03-28,OUTLET_2,PROD_016,Home,State_B,DEPT_01,138.0,17
2025-03-28,OUTLET_2,PROD_017,Clothing,State_B,DEPT_01,143.5,22
2025-03-28,OUTLET_2,PROD_018,Electronics,State_B,DEPT_01,149.0,28
2025-03-28,OUTLET_2,PROD_019,Home,State_B,DEPT_01,154.5,38
2025-03-29,OUTLET_1,PROD_000,Electronics,State_A,DEPT_01,50.0,18
2025-03-29,OUTLET_1,PROD_001,Home,State_A,DEPT_01,55.5,12
2025-03-29,OUTLET_1,PROD_002,Clothing,State_A,DEPT_01,61.0,27
2025-03-29,OUTLET_1,PROD_003,Electronics,State_A,DEPT_01,66.5,26
2025-03-29,OUTLET_1,PROD_004,Home,State_A,DEPT_01,72.0,40
2025-03-29,OUTLET_1,PROD_005,Clothing,State_A,DEPT_01,77.5,11
2025-03-29,OUTLET_1,PROD_006,Electronics,State_A,DEPT_01,83.0,21
2025-03-29,OUTLET_1,PROD_007,Home,State_A,DEPT_01,88.5,23
2025-03-29,OUTLET_1,PROD_008,Clothing,State_A,DEPT_01,94.0,31
2025-03-29,OUTLET_1,PROD_009,Electronics,State_A,DEPT_01,99.5,33
2025-03-29,OUTLET_1,PROD_010,Home,State_A,DEPT_01,105.0,11
2025-03-29,OUTLET_1,PROD_011,Clothing,State_A,DEPT_01,110.5,17
2025-03-29,OUTLET_1,PROD_012,Electronics,State_A,DEPT_01,116.0,19
2025-03-29,OUTLET_1,PROD_013,Home,State_A,DEPT_01,121.5,33
2025-03-29,OUTLET_1,PROD_014,Clothing,State_A,DEPT_01,127.0,37
2025-03-29,OUTLET_1,PROD_015,Electronics,State_A,DEPT_01,132.5,15
2025-03-29,OUTLET_1,PROD_016,Home,State_A,DEPT_01,138.0,21
2025-03-29,OUTLET_1,PROD_017,Clothing,State_A,DEPT_01,143.5,22
2025-03-29,OUTLET_1,PROD_018,Electronics,State_A,DEPT_01,149.0,30
2025-03-29,OUTLET_1,PROD_019,Home,State_A,DEPT_01,154.5,33
2025-03-29,OUTLET_2,PROD_000,Electronics,State_B,DEPT_01,50.0,21
2025-03-29,OUTLET_2,PROD_001,Home,State_B,DEPT_01,55.5,21
2025-03-29,OUTLET_2,PROD_002,Clothing,State_B,DEPT_01,61.0,22
2025-03-29,OUTLET_2,PROD_003,Electronics,State_B,DEPT_01,66.5,28
2025-03-29,OUTLET_2,PROD_004,Home,State_B,DEPT_01,72.0,34
2025-03-29,OUTLET_2,PROD_005,Clothing,State_B,DEPT_01,77.5,51
2025-03-29,OUTLET_2,PROD_006,Electronics,State_B,DEPT_01,83.0,16
2025-03-29,OUTLET_2,PROD_007,Home,State_B,DEPT_01,88.5,19
2025-03-29,OUTLET_2,PROD_008,Clothing,State_B,DEPT_01,94.0,31
2025-03-29,OUTLET_2,PROD_009,Electronics,State_B,DEPT_01,99.5,38
2025-03-29,OUTLET_2,PROD_010,Home,State_B,DEPT_01,105.0,14
2025-03-29,OUTLET_2,PROD_011,Clothing,State_B,DEPT_01,110.5,14
2025-03-29,OUTLET_2,PROD_012,Electronics,State_B,DEPT_01,116.0,28
2025-03-29,OUTLET_2,PROD_013,Home,State_B,DEPT_01,121.5,26
2025-03-29,OUTLET_2,PROD_014,Clothing,State_B,DEPT_01,127.0,35
2025-03-29,OUTLET_2,PROD_015,Electronics,State_B,DEPT_01,132.5,17
2025-03-29,OUTLET_2,PROD_016,Home,State_B,DEPT_01,138.0,15
2025-03-29,OUTLET_2,PROD_017,Clothing,State_B,DEPT_01,143.5,27
2025-03-29,OUTLET_2,PROD_018,Electronics,State_B,DEPT_01,149.0,27
2025-03-29,OUTLET_2,PROD_019,Home,State_B,DEPT_01,154.5,81
2025-03-30,OUTLET_1,PROD_000,Electronics,State_A,DEPT_01,50.0,9
2025-03-30,OUTLET_1,PROD_001,Home,State_A,DEPT_01,55.5,22
2025-03-30,OUTLET_1,PROD_002,Clothing,State_A,DEPT_01,61.0,24
2025-03-30,OUTLET_1,PROD_003,Electronics,State_A,DEPT_01,66.5,30
2025-03-30,OUTLET_1,PROD_004,Home,State_A,DEPT_01,72.0,31
2025-03-30,OUTLET_1,PROD_005,Clothing,State_A,DEPT_01,77.5,16
2025-03-30,OUTLET_1,PROD_006,Electronics,State_A,DEPT_01,83.0,26
2025-03-30,OUTLET_1,PROD_007,Home,State_A,DEPT_01,88.5,23
2025-03-30,OUTLET_1,PROD_008,Clothing,State_A,DEPT_01,94.0,33
2025-03-30,OUTLET_1,PROD_009,Electronics,State_A,DEPT_01,99.5,34
2025-03-30,OUTLET_1,PROD_010,Home,State_A,DEPT_01,105.0,13
2025-03-30,OUTLET_1,PROD_011,Clothing,State_A,DEPT_01,110.5,15
2025-03-30,OUTLET_1,PROD_012,Electronics,State_A,DEPT_01,116.0,29
2025-03-30,OUTLET_1,PROD_013,Home,State_A,DEPT_01,121.5,30
2025-03-30,OUTLET_1,PROD_014,Clothing,State_A,DEPT_01,127.0,33
2025-03-30,OUTLET_1,PROD_015,Electronics,State_A,DEPT_01,132.5,14
2025-03-30,OUTLET_1,PROD_016,Home,State_A,DEPT_01,138.0,22
2025-03-30,OUTLET_1,PROD_017,Clothing,State_A,DEPT_01,143.5,23
2025-03-30,OUTLET_1,PROD_018,Electronics,State_A,DEPT_01,149.0,27
2025-03-30,OUTLET_1,PROD_019,Home,State_A,DEPT_01,154.5,34
2025-03-30,OUTLET_2,PROD_000,Electronics,State_B,DEPT_01,50.0,14
2025-03-30,OUTLET_2,PROD_001,Home,State_B,DEPT_01,55.5,19
2025-03-30,OUTLET_2,PROD_002,Clothing,State_B,DEPT_01,61.0,23
2025-03-30,OUTLET_2,PROD_003,Electronics,State_B,DEPT_01,66.5,33
2025-03-30,OUTLET_2,PROD_004,Home,State_B,DEPT_01,72.0,43
2025-03-30,OUTLET_2,PROD_005,Clothing,State_B,DEPT_01,77.5,11
2025-03-30,OUTLET_2,PROD_006,Electronics,State_B,DEPT_01,83.0,13
2025-03-30,OUTLET_2,PROD_007,Home,State_B,DEPT_01,88.5,24
2025-03-30,OUTLET_2,PROD_008,Clothing,State_B,DEPT_01,94.0,24
2025-03-30,OUTLET_2,PROD_009,Electronics,State_B,DEPT_01,99.5,30
2025-03-30,OUTLET_2,PROD_010,Home,State_B,DEPT_01,105.0,13
2025-03-30,OUTLET_2,PROD_011,Clothing,State_B,DEPT_01,110.5,22
2025-03-30,OUTLET_2,PROD_012,Electronics,State_B,DEPT_01,116.0,24
2025-03-30,OUTLET_2,PROD_013,Home,State_B,DEPT_01,121.5,23
2025-03-30,OUTLET_2,PROD_014,Clothing,State_B,DEPT_01,127.0,34
2025-03-30,OUTLET_2,PROD_015,Electronics,State_B,DEPT_01,132.5,14
2025-03-30,OUTLET_2,PROD_016,Home,State_B,DEPT_01,138.0,19
2025-03-30,OUTLET_2,PROD_017,Clothing,State_B,DEPT_01,143.5,28
2025-03-30,OUTLET_2,PROD_018,Electronics,State_B,DEPT_01,149.0,32
2025-03-30,OUTLET_2,PROD_019,Home,State_B,DEPT_01,154.5,35
2025-03-31,OUTLET_1,PROD_000,Electronics,State_A,DEPT_01,50.0,21
2025-03-31,OUTLET_1,PROD_001,Home,State_A,DEPT_01,55.5,48
2025-03-31,OUTLET_1,PROD_002,Clothing,State_A,DEPT_01,61.0,26
2025-03-31,OUTLET_1,PROD_003,Electronics,State_A,DEPT_01,66.5,29
2025-03-31,OUTLET_1,PROD_004,Home,State_A,DEPT_01,72.0,30
2025-03-31,OUTLET_1,PROD_005,Clothing,State_A,DEPT_01,77.5,14
2025-03-31,OUTLET_1,PROD_006,Electronics,State_A,DEPT_01,83.0,20
2025-03-31,OUTLET_1,PROD_007,Home,State_A,DEPT_01,88.5,23
2025-03-31,OUTLET_1,PROD_008,Clothing,State_A,DEPT_01,94.0,33
2025-03-31,OUTLET_1,PROD_009,Electronics,State_A,DEPT_01,99.5,32
2025-03-31,OUTLET_1,PROD_010,Home,State_A,DEPT_01,105.0,58
2025-03-31,OUTLET_1,PROD_011,Clothing,State_A,DEPT_01,110.5,21
2025-03-31,OUTLET_1,PROD_012,Electronics,State_A,DEPT_01,116.0,21
2025-03-31,OUTLET_1,PROD_013,Home,State_A,DEPT_01,121.5,32
2025-03-31,OUTLET_1,PROD_014,Clothing,State_A,DEPT_01,127.0,37
2025-03-31,OUTLET_1,PROD_015,Electronics,State_A,DEPT_01,132.5,12
2025-03-31,OUTLET_1,PROD_016,Home,State_A,DEPT_01,138.0,24
2025-03-31,OUTLET_1,PROD_017,Clothing,State_A,DEPT_01,143.5,21
2025-03-31,OUTLET_1,PROD_018,Electronics,State_A,DEPT_01,149.0,30
2025-03-31,OUTLET_1,PROD_019,Home,State_A,DEPT_01,154.5,36
2025-03-31,OUTLET_2,PROD_000,Electronics,State_B,DEPT_01,50.0,17
2025-03-31,OUTLET_2,PROD_001,Home,State_B,DEPT_01,55.5,24
2025-03-31,OUTLET_2,PROD_002,Clothing,State_B,DEPT_01,61.0,24
2025-03-31,OUTLET_2,PROD_003,Electronics,State_B,DEPT_01,66.5,31
2025-03-31,OUTLET_2,PROD_004,Home,State_B,DEPT_01,72.0,36
2025-03-31,OUTLET_2,PROD_005,Clothing,State_B,DEPT_01,77.5,12
2025-03-31,OUTLET_2,PROD_006,Electronics,State_B,DEPT_01,83.0,19
2025-03-31,OUTLET_2,PROD_007,Home,State_B,DEPT_01,88.5,21
2025-03-31,OUTLET_2,PROD_008,Clothing,State_B,DEPT_01,94.0,28
2025-03-31,OUTLET_2,PROD_009,Electronics,State_B,DEPT_01,99.5,34
2025-03-31,OUTLET_2,PROD_010,Home,State_B,DEPT_01,105.0,16
2025-03-31,OUTLET_2,PROD_011,Clothing,State_B,DEPT_01,110.5,18
2025-03-31,OUTLET_2,PROD_012,Electronics,State_B,DEPT_01,116.0,27
2025-03-31,OUTLET_2,PROD_013,Home,State_B,DEPT_01,121.5,25
2025-03-31,OUTLET_2,PROD_014,Clothing,State_B,DEPT_01,127.0,33
2025-03-31,OUTLET_2,PROD_015,Electronics,State_B,DEPT_01,132.5,13
2025-03-31,OUTLET_2,PROD_016,Home,State_B,DEPT_01,138.0,22
2025-03-31,OUTLET_2,PROD_017,Clothing,State_B,DEPT_01,143.5,24
2025-03-31,OUTLET_2,PROD_018,Electronics,State_B,DEPT_01,149.0,28
2025-03-31,OUTLET_2,PROD_019,Home,State_B,DEPT_01,154.5,31
2025-04-01,OUTLET_1,PROD_000,Electronics,State_A,DEPT_01,50.0,16
2025-04-01,OUTLET_1,PROD_001,Home,State_A,DEPT_01,55.5,14
2025-04-01,OUTLET_1,PROD_002,Clothing,State_A,DEPT_01,61.0,26
2025-04-01,OUTLET_1,PROD_003,Electronics,State_A,DEPT_01,66.5,29
2025-04-01,OUTLET_1,PROD_004,Home,State_A,DEPT_01,72.0,33
2025-04-01,OUTLET_1,PROD_005,Clothing,State_A,DEPT_01,77.5,13
2025-04-01,OUTLET_1,PROD_006,Electronics,State_A,DEPT_01,83.0,19
2025-04-01,OUTLET_1,PROD_007,Home,State_A,DEPT_01,88.5,23
2025-04-01,OUTLET_1,PROD_008,Clothing,State_A,DEPT_01,94.0,23
2025-04-01,OUTLET_1,PROD_009,Electronics,State_A,DEPT_01,99.5,37
2025-04-01,OUTLET_1,PROD_010,Home,State_A,DEPT_01,105.0,11
2025-04-01,OUTLET_1,PROD_011,Clothing,State_A,DEPT_01,110.5,16
2025-04-01,OUTLET_1,PROD_012,Electronics,State_A,DEPT_01,116.0,24
2025-04-01,OUTLET_1,PROD_013,Home,State_A,DEPT_01,121.5,32
2025-04-01,OUTLET_1,PROD_014,Clothing,State_A,DEPT_01,127.0,35
2025-04-01,OUTLET_1,PROD_015,Electronics,State_A,DEPT_01,132.5,12
2025-04-01,OUTLET_1,PROD_016,Home,State_A,DEPT_01,138.0,24
2025-04-01,OUTLET_1,PROD_017,Clothing,State_A,DEPT_01,143.5,24
2025-04-01,OUTLET_1,PROD_018,Electronics,State_A,DEPT_01,149.0,35
2025-04-01,OUTLET_1,PROD_019,Home,State_A,DEPT_01,154.5,36
2025-04-01,OUTLET_2,PROD_000,Electronics,State_B,DEPT_01,50.0,16
2025-04-01,OUTLET_2,PROD_001,Home,State_B,DEPT_01,55.5,17
2025-04-01,OUTLET_2,PROD_002,Clothing,State_B,DEPT_01,61.0,19
2025-04-01,OUTLET_2,PROD_003,Electronics,State_B,DEPT_01,66.5,27
2025-04-01,OUTLET_2,PROD_004,Home,State_B,DEPT_01,72.0,37
2025-04-01,OUTLET_2,PROD_005,Clothing,State_B,DEPT_01,77.5,15
2025-04-01,OUTLET_2,PROD_006,Electronics,State_B,DEPT_01,83.0,16
2025-04-01,OUTLET_2,PROD_007,Home,State_B,DEPT_01,88.5,30
2025-04-01,OUTLET_2,PROD_008,Clothing,State_B,DEPT_01,94.0,30
2025-04-01,OUTLET_2,PROD_009,Electronics,State_B,DEPT_01,99.5,35
2025-04-01,OUTLET_2,PROD_010,Home,State_B,DEPT_01,105.0,16
2025-04-01,OUTLET_2,PROD_011,Clothing,State_B,DEPT_01,110.5,17
2025-04-01,OUTLET_2,PROD_012,Electronics,State_B,DEPT_01,116.0,28
2025-04-01,OUTLET_2,PROD_013,Home,State_B,DEPT_01,121.5,25
2025-04-01,OUTLET_2,PROD_014,Clothing,State_B,DEPT_01,127.0,36
2025-04-01,OUTLET_2,PROD_015,Electronics,State_B,DEPT_01,132.5,22
2025-04-01,OUTLET_2,PROD_016,Home,State_B,DEPT_01,138.0,14
2025-04-01,OUTLET_2,PROD_017,Clothing,State_B,DEPT_01,143.5,20
2025-04-01,OUTLET_2,PROD_018,Electronics,State_B,DEPT_01,149.0,32
2025-04-01,OUTLET_2,PROD_019,Home,State_B,DEPT_01,154.5,29
2025-04-02,OUTLET_1,PROD_000,Electronics,State_A,DEPT_01,50.0,16
2025-04-02,OUTLET_1,PROD_001,Home,State_A,DEPT_01,55.5,20
2025-04-02,OUTLET_1,PROD_002,Clothing,State_A,DEPT_01,61.0,26
2025-04-02,OUTLET_1,PROD_003,Electronics,State_A,DEPT_01,66.5,28
2025-04-02,OUTLET_1,PROD_004,Home,State_A,DEPT_01,72.0,34
2025-04-02,OUTLET_1,PROD_005,Clothing,State_A,DEPT_01,77.5,15
2025-04-02,OUTLET_1,PROD_006,Electronics,State_A,DEPT_01,83.0,22
2025-04-02,OUTLET_1,PROD_007,Home,State_A,DEPT_01,88.5,21
2025-04-02,OUTLET_1,PROD_008,Clothing,State_A,DEPT_01,94.0,28
2025-04-02,OUTLET_1,PROD_009,Electronics,State_A,DEPT_01,99.5,33
2025-04-02,OUTLET_1,PROD_010,Home,State_A,DEPT_01,105.0,5
2025-04-02,OUTLET_1,PROD_011,Clothing,State_A,DEPT_01,110.5,23
2025-04-02,OUTLET_1,PROD_012,Electronics,State_A,DEPT_01,116.0,20
2025-04-02,OUTLET_1,PROD_013,Home,State_A,DEPT_01,121.5,34
2025-04-02,OUTLET_1,PROD_014,Clothing,State_A,DEPT_01,127.0,36
2025-04-02,OUTLET_1,PROD_015,Electronics,State_A,DEPT_01,132.5,16
2025-04-02,OUTLET_1,PROD_016,Home,State_A,DEPT_01,138.0,17
2025-04-02,OUTLET_1,PROD_017,Clothing,State_A,DEPT_01,143.5,26
2025-04-02,OUTLET_1,PROD_018,Electronics,State_A,DEPT_01,149.0,29
2025-04-02,OUTLET_1,PROD_019,Home,State_A,DEPT_01,154.5,35
2025-04-02,OUTLET_2,PROD_000,Electronics,State_B,DEPT_01,50.0,19
2025-04-02,OUTLET_2,PROD_001,Home,State_B,DEPT_01,55.5,19
2025-04-02,OUTLET_2,PROD_002,Clothing,State_B,DEPT_01,61.0,29
2025-04-02,OUTLET_2,PROD_003,Electronics,State_B,DEPT_01,66.5,28
2025-04-02,OUTLET_2,PROD_004,Home,State_B,DEPT_01,72.0,26
2025-04-02,OUTLET_2,PROD_005,Clothing,State_B,DEPT_01,77.5,11
2025-04-02,OUTLET_2,PROD_006,Electronics,State_B,DEPT_01,83.0,16
2025-04-02,OUTLET_2,PROD_007,Home,State_B,DEPT_01,88.5,25
2025-04-02,OUTLET_2,PROD_008,Clothing,State_B,DEPT_01,94.0,32
2025-04-02,OUTLET_2,PROD_009,Electronics,State_B,DEPT_01,99.5,36
2025-04-02,OUTLET_2,PROD_010,Home,State_B,DEPT_01,105.0,18
2025-04-02,OUTLET_2,PROD_011,Clothing,State_B,DEPT_01,110.5,21
2025-04-02,OUTLET_2,PROD_012,Electronics,State_B,DEPT_01,116.0,20
2025-04-02,OUTLET_2,PROD_013,Home,State_B,DEPT_01,121.5,30
2025-04-02,OUTLET_2,PROD_014,Clothing,State_B,DEPT_01,127.0,33
2025-04-02,OUTLET_2,PROD_015,Electronics,State_B,DEPT_01,132.5,15
2025-04-02,OUTLET_2,PROD_016,Home,State_B,DEPT_01,138.0,18
2025-04-02,OUTLET_2,PROD_017,Clothing,State_B,DEPT_01,143.5,23
2025-04-02,OUTLET_2,PROD_018,Electronics,State_B,DEPT_01,149.0,29
2025-04-02,OUTLET_2,PROD_019,Home,State_B,DEPT_01,154.5,39
2025-04-03,OUTLET_1,PROD_000,Electronics,State_A,DEPT_01,50.0,8
2025-04-03,OUTLET_1,PROD_001,Home,State_A,DEPT_01,55.5,16
2025-04-03,OUTLET_1,PROD_002,Clothing,State_A,DEPT_01,61.0,21
2025-04-03,OUTLET_1,PROD_003,Electronics,State_A,DEPT_01,66.5,28
2025-04-03,OUTLET_1,PROD_004,Home,State_A,DEPT_01,72.0,36
2025-04-03,OUTLET_1,PROD_005,Clothing,State_A,DEPT_01,77.5,6
2025-04-03,OUTLET_1,PROD_006,Electronics,State_A,DEPT_01,83.0,18
2025-04-03,OUTLET_1,PROD_007,Home,State_A,DEPT_01,88.5,26
2025-04-03,OUTLET_1,PROD_008,Clothing,State_A,DEPT_01,94.0,32
2025-04-03,OUTLET_1,PROD_009,Electronics,State_A,DEPT_01,99.5,29
2025-04-03,OUTLET_1,PROD_010,Home,State_A,DEPT_01,105.0,17
2025-04-03,OUTLET_1,PROD_011,Clothing,State_A,DEPT_01,110.5,22
2025-04-03,OUTLET_1,PROD_012,Electronics,State_A,DEPT_01,116.0,28
2025-04-03,OUTLET_1,PROD_013,Home,State_A,DEPT_01,121.5,29
2025-04-03,OUTLET_1,PROD_014,Clothing,State_A,DEPT_01,127.0,35
2025-04-03,OUTLET_1,PROD_015,Electronics,State_A,DEPT_01,132.5,17
2025-04-03,OUTLET_1,PROD_016,Home,State_A,DEPT_01,138.0,20
2025-04-03,OUTLET_1,PROD_017,Clothing,State_A,DEPT_01,143.5,20
2025-04-03,OUTLET_1,PROD_018,Electronics,State_A,DEPT_01,149.0,26
2025-04-03,OUTLET_1,PROD_019,Home,State_A,DEPT_01,154.5,34
2025-04-03,OUTLET_2,PROD_000,Electronics,State_B,DEPT_01,50.0,19
2025-04-03,OUTLET_2,PROD_001,Home,State_B,DEPT_01,55.5,21
2025-04-03,OUTLET_2,PROD_002,Clothing,State_B,DEPT_01,61.0,22
2025-04-03,OUTLET_2,PROD_003,Electronics,State_B,DEPT_01,66.5,27
2025-04-03,OUTLET_2,PROD_004,Home,State_B,DEPT_01,72.0,67
2025-04-03,OUTLET_2,PROD_005,Clothing,State_B,DEPT_01,77.5,13
2025-04-03,OUTLET_2,PROD_006,Electronics,State_B,DEPT_01,83.0,21
2025-04-03,OUTLET_2,PROD_007,Home,State_B,DEPT_01,88.5,21
2025-04-03,OUTLET_2,PROD_008,Clothing,State_B,DEPT_01,94.0,28
2025-04-03,OUTLET_2,PROD_009,Electronics,State_B,DEPT_01,99.5,34
2025-04-03,OUTLET_2,PROD_010,Home,State_B,DEPT_01,105.0,12
2025-04-03,OUTLET_2,PROD_011,Clothing,State_B,DEPT_01,110.5,17
2025-04-03,OUTLET_2,PROD_012,Electronics,State_B,DEPT_01,116.0,26
2025-04-03,OUTLET_2,PROD_013,Home,State_B,DEPT_01,121.5,27
2025-04-03,OUTLET_2,PROD_014,Clothing,State_B,DEPT_01,127.0,35
2025-04-03,OUTLET_2,PROD_015,Electronics,State_B,DEPT_01,132.5,13
2025-04-03,OUTLET_2,PROD_016,Home,State_B,DEPT_01,138.0,18
2025-04-03,OUTLET_2,PROD_017,Clothing,State_B,DEPT_01,143.5,30
2025-04-03,OUTLET_2,PROD_018,Electronics,State_B,DEPT_01,149.0,26
2025-04-03,OUTLET_2,PROD_019,Home,State_B,DEPT_01,154.5,39
2025-04-04,OUTLET_1,PROD_000,Electronics,State_A,DEPT_01,50.0,66
2025-04-04,OUTLET_1,PROD_001,Home,State_A,DEPT_01,55.5,18
2025-04-04,OUTLET_1,PROD_002,Clothing,State_A,DEPT_01,61.0,27
2025-04-04,OUTLET_1,PROD_003,Electronics,State_A,DEPT_01,66.5,25
2025-04-04,OUTLET_1,PROD_004,Home,State_A,DEPT_01,72.0,37
2025-04-04,OUTLET_1,PROD_005,Clothing,State_A,DEPT_01,77.5,18
2025-04-04,OUTLET_1,PROD_006,Electronics,State_A,DEPT_01,83.0,18
2025-04-04,OUTLET_1,PROD_007,Home,State_A,DEPT_01,88.5,21
2025-04-04,OUTLET_1,PROD_008,Clothing,State_A,DEPT_01,94.0,24
2025-04-04,OUTLET_1,PROD_009,Electronics,State_A,DEPT_01,99.5,32
2025-04-04,OUTLET_1,PROD_010,Home,State_A,DEPT_01,105.0,15
2025-04-04,OUTLET_1,PROD_011,Clothing,State_A,DEPT_01,110.5,20
2025-04-04,OUTLET_1,PROD_012,Electronics,State_A,DEPT_01,116.0,22
2025-04-04,OUTLET_1,PROD_013,Home,State_A,DEPT_01,121.5,26
2025-04-04,OUTLET_1,PROD_014,Clothing,State_A,DEPT_01,127.0,41
2025-04-04,OUTLET_1,PROD_015,Electronics,State_A,DEPT_01,132.5,18
2025-04-04,OUTLET_1,PROD_016,Home,State_A,DEPT_01,138.0,23
2025-04-04,OUTLET_1,PROD_017,Clothing,State_A,DEPT_01,143.5,27
2025-04-04,OUTLET_1,PROD_018,Electronics,State_A,DEPT_01,149.0,29
2025-04-04,OUTLET_1,PROD_019,Home,State_A,DEPT_01,154.5,38
2025-04-04,OUTLET_2,PROD_000,Electronics,State_B,DEPT_01,50.0,14
2025-04-04,OUTLET_2,PROD_001,Home,State_B,DEPT_01,55.5,16
2025-04-04,OUTLET_2,PROD_002,Clothing,State_B,DEPT_01,61.0,21
2025-04-04,OUTLET_2,PROD_003,Electronics,State_B,DEPT_01,66.5,28
2025-04-04,OUTLET_2,PROD_004,Home,State_B,DEPT_01,72.0,32
2025-04-04,OUTLET_2,PROD_005,Clothing,State_B,DEPT_01,77.5,15
2025-04-04,OUTLET_2,PROD_006,Electronics,State_B,DEPT_01,83.0,12
2025-04-04,OUTLET_2,PROD_007,Home,State_B,DEPT_01,88.5,26
2025-04-04,OUTLET_2,PROD_008,Clothing,State_B,DEPT_01,94.0,29
2025-04-04,OUTLET_2,PROD_009,Electronics,State_B,DEPT_01,99.5,32
2025-04-04,OUTLET_2,PROD_010,Home,State_B,DEPT_01,105.0,14
2025-04-04,OUTLET_2,PROD_011,Clothing,State_B,DEPT_01,110.5,18
2025-04-04,OUTLET_2,PROD_012,Electronics,State_B,DEPT_01,116.0,27
2025-04-04,OUTLET_2,PROD_013,Home,State_B,DEPT_01,121.5,33
2025-04-04,OUTLET_2,PROD_014,Clothing,State_B,DEPT_01,127.0,35
2025-04-04,OUTLET_2,PROD_015,Electronics,State_B,DEPT_01,132.5,18
2025-04-04,OUTLET_2,PROD_016,Home,State_B,DEPT_01,138.0,21
2025-04-04,OUTLET_2,PROD_017,Clothing,State_B,DEPT_01,143.5,26
2025-04-04,OUTLET_2,PROD_018,Electronics,State_B,DEPT_01,149.0,29
2025-04-04,OUTLET_2,PROD_019,Home,State_B,DEPT_01,154.5,36
2025-04-05,OUTLET_1,PROD_000,Electronics,State_A,DEPT_01,50.0,15
2025-04-05,OUTLET_1,PROD_001,Home,State_A,DEPT_01,55.5,20
2025-04-05,OUTLET_1,PROD_002,Clothing,State_A,DEPT_01,61.0,27
2025-04-05,OUTLET_1,PROD_003,Electronics,State_A,DEPT_01,66.5,26
2025-04-05,OUTLET_1,PROD_004,Home,State_A,DEPT_01,72.0,38
2025-04-05,OUTLET_1,PROD_005,Clothing,State_A,DEPT_01,77.5,16
2025-04-05,OUTLET_1,PROD_006,Electronics,State_A,DEPT_01,83.0,14
2025-04-05,OUTLET_1,PROD_007,Home,State_A,DEPT_01,88.5,24
2025-04-05,OUTLET_1,PROD_008,Clothing,State_A,DEPT_01,94.0,26
2025-04-05,OUTLET_1,PROD_009,Electronics,State_A,DEPT_01,99.5,34
2025-04-05,OUTLET_1,PROD_010,Home,State_A,DEPT_01,105.0,18
2025-04-05,OUTLET_1,PROD_011,Clothing,State_A,DEPT_01,110.5,16
2025-04-05,OUTLET_1,PROD_012,Electronics,State_A,DEPT_01,116.0,23
2025-04-05,OUTLET_1,PROD_013,Home,State_A,DEPT_01,121.5,27
2025-04-05,OUTLET_1,PROD_014,Clothing,State_A,DEPT_01,127.0,33
2025-04-05,OUTLET_1,PROD_015,Electronics,State_A,DEPT_01,132.5,15
2025-04-05,OUTLET_1,PROD_016,Home,State_A,DEPT_01,138.0,14
2025-04-05,OUTLET_1,PROD_017,Clothing,State_A,DEPT_01,143.5,26
2025-04-05,OUTLET_1,PROD_018,Electronics,State_A,DEPT_01,149.0,34
2025-04-05,OUTLET_1,PROD_019,Home,State_A,DEPT_01,154.5,38
2025-04-05,OUTLET_2,PROD_000,Electronics,State_B,DEPT_01,50.0,14
2025-04-05,OUTLET_2,PROD_001,Home,State_B,DEPT_01,55.5,18
2025-04-05,OUTLET_2,PROD_002,Clothing,State_B,DEPT_01,61.0,29
2025-04-05,OUTLET_2,PROD_003,Electronics,State_B,DEPT_01,66.5,29
2025-04-05,OUTLET_2,PROD_004,Home,State_B,DEPT_01,72.0,41
2025-04-05,OUTLET_2,PROD_005,Clothing,State_B,DEPT_01,77.5,14
2025-04-05,OUTLET_2,PROD_006,Electronics,State_B,DEPT_01,83.0,18
2025-04-05,OUTLET_2,PROD_007,Home,State_B,DEPT_01,88.5,21
2025-04-05,OUTLET_2,PROD_008,Clothing,State_B,DEPT_01,94.0,32
2025-04-05,OUTLET_2,PROD_009,Electronics,State_B,DEPT_01,99.5,80
2025-04-05,OUTLET_2,PROD_010,Home,State_B,DEPT_01,105.0,15
2025-04-05,OUTLET_2,PROD_011,Clothing,State_B,DEPT_01,110.5,15
2025-04-05,OUTLET_2,PROD_012,Electronics,State_B,DEPT_01,116.0,20
2025-04-05,OUTLET_2,PROD_013,Home,State_B,DEPT_01,121.5,32
2025-04-05,OUTLET_2,PROD_014,Clothing,State_B,DEPT_01,127.0,38
2025-04-05,OUTLET_2,PROD_015,Electronics,State_B,DEPT_01,132.5,18
2025-04-05,OUTLET_2,PROD_016,Home,State_B,DEPT_01,138.0,15
2025-04-05,OUTLET_2,PROD_017,Clothing,State_B,DEPT_01,143.5,22
2025-04-05,OUTLET_2,PROD_018,Electronics,State_B,DEPT_01,149.0,36
2025-04-05,OUTLET_2,PROD_019,Home,State_B,DEPT_01,154.5,32
2025-04-06,OUTLET_1,PROD_000,Electronics,State_A,DEPT_01,50.0,10
2025-04-06,OUTLET_1,PROD_001,Home,State_A,DEPT_01,55.5,18
2025-04-06,OUTLET_1,PROD_002,Clothing,State_A,DEPT_01,61.0,18
2025-04-06,OUTLET_1,PROD_003,Electronics,State_A,DEPT_01,66.5,24
2025-04-06,OUTLET_1,PROD_004,Home,State_A,DEPT_01,72.0,33
2025-04-06,OUTLET_1,PROD_005,Clothing,State_A,DEPT_01,77.5,13
2025-04-06,OUTLET_1,PROD_006,Electronics,State_A,DEPT_01,83.0,14
2025-04-06,OUTLET_1,PROD_007,Home,State_A,DEPT_01,88.5,28
2025-04-06,OUTLET_1,PROD_008,Clothing,State_A,DEPT_01,94.0,28
2025-04-06,OUTLET_1,PROD_009,Electronics,State_A,DEPT_01,99.5,33
2025-04-06,OUTLET_1,PROD_010,Home,State_A,DEPT_01,105.0,13
2025-04-06,OUTLET_1,PROD_011,Clothing,State_A,DEPT_01,110.5,19
2025-04-06,OUTLET_1,PROD_012,Electronics,State_A,DEPT_01,116.0,30
2025-04-06,OUTLET_1,PROD_013,Home,State_A,DEPT_01,121.5,31
2025-04-06,OUTLET_1,PROD_014,Clothing,State_A,DEPT_01,127.0,34
2025-04-06,OUTLET_1,PROD_015,Electronics,State_A,DEPT_01,132.5,11
2025-04-06,OUTLET_1,PROD_016,Home,State_A,DEPT_01,138.0,17
2025-04-06,OUTLET_1,PROD_017,Clothing,State_A,DEPT_01,143.5,23
2025-04-06,OUTLET_1,PROD_018,Electronics,State_A,DEPT_01,149.0,28
2025-04-06,OUTLET_1,PROD_019,Home,State_A,DEPT_01,154.5,36
2025-04-06,OUTLET_2,PROD_000,Electronics,State_B,DEPT_01,50.0,9
2025-04-06,OUTLET_2,PROD_001,Home,State_B,DEPT_01,55.5,22
2025-04-06,OUTLET_2,PROD_002,Clothing,State_B,DEPT_01,61.0,24
2025-04-06,OUTLET_2,PROD_003,Electronics,State_B,DEPT_01,66.5,26
2025-04-06,OUTLET_2,PROD_004,Home,State_B,DEPT_01,72.0,35
2025-04-06,OUTLET_2,PROD_005,Clothing,State_B,DEPT_01,77.5,14
2025-04-06,OUTLET_2,PROD_006,Electronics,State_B,DEPT_01,83.0,17
2025-04-06,OUTLET_2,PROD_007,Home,State_B,DEPT_01,88.5,32
2025-04-06,OUTLET_2,PROD_008,Clothing,State_B,DEPT_01,94.0,28
2025-04-06,OUTLET_2,PROD_009,Electronics,State_B,DEPT_01,99.5,37
2025-04-06,OUTLET_2,PROD_010,Home,State_B,DEPT_01,105.0,20
2025-04-06,OUTLET_2,PROD_011,Clothing,State_B,DEPT_01,110.5,20
2025-04-06,OUTLET_2,PROD_012,Electronics,State_B,DEPT_01,116.0,27
2025-04-06,OUTLET_2,PROD_013,Home,State_B,DEPT_01,121.5,31
2025-04-06,OUTLET_2,PROD_014,Clothing,State_B,DEPT_01,127.0,37
2025-04-06,OUTLET_2,PROD_015,Electronics,State_B,DEPT_01,132.5,14
2025-04-06,OUTLET_2,PROD_016,Home,State_B,DEPT_01,138.0,22
2025-04-06,OUTLET_2,PROD_017,Clothing,State_B,DEPT_01,143.5,26
2025-04-06,OUTLET_2,PROD_018,Electronics,State_B,DEPT_01,149.0,27
2025-04-06,OUTLET_2,PROD_019,Home,State_B,DEPT_01,154.5,37
2025-04-07,OUTLET_1,PROD_000,Electronics,State_A,DEPT_01,50.0,12
2025-04-07,OUTLET_1,PROD_001,Home,State_A,DEPT_01,55.5,24
2025-04-07,OUTLET_1,PROD_002,Clothing,State_A,DEPT_01,61.0,22
2025-04-07,OUTLET_1,PROD_003,Electronics,State_A,DEPT_01,66.5,28
2025-04-07,OUTLET_1,PROD_004,Home,State_A,DEPT_01,72.0,75
2025-04-07,OUTLET_1,PROD_005,Clothing,State_A,DEPT_01,77.5,12
2025-04-07,OUTLET_1,PROD_006,Electronics,State_A,DEPT_01,83.0,19
2025-04-07,OUTLET_1,PROD_007,Home,State_A,DEPT_01,88.5,21
2025-04-07,OUTLET_1,PROD_008,Clothing,State_A,DEPT_01,94.0,27
2025-04-07,OUTLET_1,PROD_009,Electronics,State_A,DEPT_01,99.5,32
2025-04-07,OUTLET_1,PROD_010,Home,State_A,DEPT_01,105.0,19
2025-04-07,OUTLET_1,PROD_011,Clothing,State_A,DEPT_01,110.5,21
2025-04-07,OUTLET_1,PROD_012,Electronics,State_A,DEPT_01,116.0,28
2025-04-07,OUTLET_1,PROD_013,Home,State_A,DEPT_01,121.5,32
2025-04-07,OUTLET_1,PROD_014,Clothing,State_A,DEPT_01,127.0,33
2025-04-07,OUTLET_1,PROD_015,Electronics,State_A,DEPT_01,132.5,18
2025-04-07,OUTLET_1,PROD_016,Home,State_A,DEPT_01,138.0,18
2025-04-07,OUTLET_1,PROD_017,Clothing,State_A,DEPT_01,143.5,29
2025-04-07,OUTLET_1,PROD_018,Electronics,State_A,DEPT_01,149.0,28
2025-04-07,OUTLET_1,PROD_019,Home,State_A,DEPT_01,154.5,37
2025-04-07,OUTLET_2,PROD_000,Electronics,State_B,DEPT_01,50.0,15
2025-04-07,OUTLET_2,PROD_001,Home,State_B,DEPT_01,55.5,14
2025-04-07,OUTLET_2,PROD_002,Clothing,State_B,DEPT_01,61.0,23
2025-04-07,OUTLET_2,PROD_003,Electronics,State_B,DEPT_01,66.5,29
2025-04-07,OUTLET_2,PROD_004,Home,State_B,DEPT_01,72.0,32
2025-04-07,OUTLET_2,PROD_005,Clothing,State_B,DEPT_01,77.5,14
2025-04-07,OUTLET_2,PROD_006,Electronics,State_B,DEPT_01,83.0,23
2025-04-07,OUTLET_2,PROD_007,Home,State_B,DEPT_01,88.5,23
2025-04-07,OUTLET_2,PROD_008,Clothing,State_B,DEPT_01,94.0,25
2025-04-07,OUTLET_2,PROD_009,Electronics,State_B,DEPT_01,99.5,28
2025-04-07,OUTLET_2,PROD_010,Home,State_B,DEPT_01,105.0,14
2025-04-07,OUTLET_2,PROD_011,Clothing,State_B,DEPT_01,110.5,19
2025-04-07,OUTLET_2,PROD_012,Electronics,State_B,DEPT_01,116.0,31
2025-04-07,OUTLET_2,PROD_013,Home,State_B,DEPT_01,121.5,30
2025-04-07,OUTLET_2,PROD_014,Clothing,State_B,DEPT_01,127.0,34
2025-04-07,OUTLET_2,PROD_015,Electronics,State_B,DEPT_01,132.5,13
2025-04-07,OUTLET_2,PROD_016,Home,State_B,DEPT_01,138.0,19
2025-04-07,OUTLET_2,PROD_017,Clothing,State_B,DEPT_01,143.5,29
2025-04-07,OUTLET_2,PROD_018,Electronics,State_B,DEPT_01,149.0,34
2025-04-07,OUTLET_2,PROD_019,Home,State_B,DEPT_01,154.5,35
2025-04-08,OUTLET_1,PROD_000,Electronics,State_A,DEPT_01,50.0,11
2025-04-08,OUTLET_1,PROD_001,Home,State_A,DEPT_01,55.5,20
2025-04-08,OUTLET_1,PROD_002,Clothing,State_A,DEPT_01,61.0,20
2025-04-08,OUTLET_1,PROD_003,Electronics,State_A,DEPT_01,66.5,32
2025-04-08,OUTLET_1,PROD_004,Home,State_A,DEPT_01,72.0,33
2025-04-08,OUTLET_1,PROD_005,Clothing,State_A,DEPT_01,77.5,9
2025-04-08,OUTLET_1,PROD_006,Electronics,State_A,DEPT_01,83.0,17
2025-04-08,OUTLET_1,PROD_007,Home,State_A,DEPT_01,88.5,26
2025-04-08,OUTLET_1,PROD_008,Clothing,State_A,DEPT_01,94.0,33
2025-04-08,OUTLET_1,PROD_009,Electronics,State_A,DEPT_01,99.5,35
2025-04-08,OUTLET_1,PROD_010,Home,State_A,DEPT_01,105.0,16
2025-04-08,OUTLET_1,PROD_011,Clothing,State_A,DEPT_01,110.5,23
2025-04-08,OUTLET_1,PROD_012,Electronics,State_A,DEPT_01,116.0,26
2025-04-08,OUTLET_1,PROD_013,Home,State_A,DEPT_01,121.5,31
2025-04-08,OUTLET_1,PROD_014,Clothing,State_A,DEPT_01,127.0,34
2025-04-08,OUTLET_1,PROD_015,Electronics,State_A,DEPT_01,132.5,15
2025-04-08,OUTLET_1,PROD_016,Home,State_A,DEPT_01,138.0,60
2025-04-08,OUTLET_1,PROD_017,Clothing,State_A,DEPT_01,143.5,20
2025-04-08,OUTLET_1,PROD_018,Electronics,State_A,DEPT_01,149.0,28
2025-04-08,OUTLET_1,PROD_019,Home,State_A,DEPT_01,154.5,45
2025-04-08,OUTLET_2,PROD_000,Electronics,State_B,DEPT_01,50.0,15
2025-04-08,OUTLET_2,PROD_001,Home,State_B,DEPT_01,55.5,19
2025-04-08,OUTLET_2,PROD_002,Clothing,State_B,DEPT_01,61.0,24
2025-04-08,OUTLET_2,PROD_003,Electronics,State_B,DEPT_01,66.5,27
2025-04-08,OUTLET_2,PROD_004,Home,State_B,DEPT_01,72.0,36
2025-04-08,OUTLET_2,PROD_005,Clothing,State_B,DEPT_01,77.5,16
2025-04-08,OUTLET_2,PROD_006,Electronics,State_B,DEPT_01,83.0,19
2025-04-08,OUTLET_2,PROD_007,Home,State_B,DEPT_01,88.5,20
2025-04-08,OUTLET_2,PROD_008,Clothing,State_B,DEPT_01,94.0,27
2025-04-08,OUTLET_2,PROD_009,Electronics,State_B,DEPT_01,99.5,37
2025-04-08,OUTLET_2,PROD_010,Home,State_B,DEPT_01,105.0,11
2025-04-08,OUTLET_2,PROD_011,Clothing,State_B,DEPT_01,110.5,20
2025-04-08,OUTLET_2,PROD_012,Electronics,State_B,DEPT_01,116.0,26
2025-04-08,OUTLET_2,PROD_013,Home,State_B,DEPT_01,121.5,28
2025-04-08,OUTLET_2,PROD_014,Clothing,State_B,DEPT_01,127.0,35
2025-04-08,OUTLET_2,PROD_015,Electronics,State_B,DEPT_01,132.5,17
2025-04-08,OUTLET_2,PROD_016,Home,State_B,DEPT_01,138.0,19
2025-04-08,OUTLET_2,PROD_017,Clothing,State_B,DEPT_01,143.5,22
2025-04-08,OUTLET_2,PROD_018,Electronics,State_B,DEPT_01,149.0,26
2025-04-08,OUTLET_2,PROD_019,Home,State_B,DEPT_01,154.5,33
2025-04-09,OUTLET_1,PROD_000,Electronics,State_A,DEPT_01,50.0,15
2025-04-09,OUTLET_1,PROD_001,Home,State_A,DEPT_01,55.5,27
2025-04-09,OUTLET_1,PROD_002,Clothing,State_A,DEPT_01,61.0,18
2025-04-09,OUTLET_1,PROD_003,Electronics,State_A,DEPT_01,66.5,30
2025-04-09,OUTLET_1,PROD_004,Home,State_A,DEPT_01,72.0,34
2025-04-09,OUTLET_1,PROD_005,Clothing,State_A,DEPT_01,77.5,14
2025-04-09,OUTLET_1,PROD_006,Electronics,State_A,DEPT_01,83.0,17
2025-04-09,OUTLET_1,PROD_007,Home,State_A,DEPT_01,88.5,25
2025-04-09,OUTLET_1,PROD_008,Clothing,State_A,DEPT_01,94.0,29
2025-04-09,OUTLET_1,PROD_009,Electronics,State_A,DEPT_01,99.5,35
2025-04-09,OUTLET_1,PROD_010,Home,State_A,DEPT_01,105.0,13
2025-04-09,OUTLET_1,PROD_011,Clothing,State_A,DEPT_01,110.5,20
2025-04-09,OUTLET_1,PROD_012,Electronics,State_A,DEPT_01,116.0,25
2025-04-09,OUTLET_1,PROD_013,Home,State_A,DEPT_01,121.5,36
2025-04-09,OUTLET_1,PROD_014,Clothing,State_A,DEPT_01,127.0,38
2025-04-09,OUTLET_1,PROD_015,Electronics,State_A,DEPT_01,132.5,15
2025-04-09,OUTLET_1,PROD_016,Home,State_A,DEPT_01,138.0,24
2025-04-09,OUTLET_1,PROD_017,Clothing,State_A,DEPT_01,143.5,23
2025-04-09,OUTLET_1,PROD_018,Electronics,State_A,DEPT_01,149.0,31
2025-04-09,OUTLET_1,PROD_019,Home,State_A,DEPT_01,154.5,33
2025-04-09,OUTLET_2,PROD_000,Electronics,State_B,DEPT_01,50.0,18
2025-04-09,OUTLET_2,PROD_001,Home,State_B,DEPT_01,55.5,17
2025-04-09,OUTLET_2,PROD_002,Clothing,State_B,DEPT_01,61.0,27
2025-04-09,OUTLET_2,PROD_003,Electronics,State_B,DEPT_01,66.5,28
2025-04-09,OUTLET_2,PROD_004,Home,State_B,DEPT_01,72.0,29
2025-04-09,OUTLET_2,PROD_005,Clothing,State_B,DEPT_01,77.5,16
2025-04-09,OUTLET_2,PROD_006,Electronics,State_B,DEPT_01,83.0,22
2025-04-09,OUTLET_2,PROD_007,Home,State_B,DEPT_01,88.5,27
2025-04-09,OUTLET_2,PROD_008,Clothing,State_B,DEPT_01,94.0,25
2025-04-09,OUTLET_2,PROD_009,Electronics,State_B,DEPT_01,99.5,35
2025-04-09,OUTLET_2,PROD_010,Home,State_B,DEPT_01,105.0,16
2025-04-09,OUTLET_2,PROD_011,Clothing,State_B,DEPT_01,110.5,16
2025-04-09,OUTLET_2,PROD_012,Electronics,State_B,DEPT_01,116.0,26
2025-04-09,OUTLET_2,PROD_013,Home,State_B,DEPT_01,121.5,31
2025-04-09,OUTLET_2,PROD_014,Clothing,State_B,DEPT_01,127.0,39
2025-04-09,OUTLET_2,PROD_015,Electronics,State_B,DEPT_01,132.5,8
2025-04-09,OUTLET_2,PROD_016,Home,State_B,DEPT_01,138.0,15
2025-04-09,OUTLET_2,PROD_017,Clothing,State_B,DEPT_01,143.5,22
2025-04-09,OUTLET_2,PROD_018,Electronics,State_B,DEPT_01,149.0,34
2025-04-09,OUTLET_2,PROD_019,Home,State_B,DEPT_01,154.5,38
2025-04-10,OUTLET_1,PROD_000,Electronics,State_A,DEPT_01,50.0,17
2025-04-10,OUTLET_1,PROD_001,Home,State_A,DEPT_01,55.5,22
2025-04-10,OUTLET_1,PROD_002,Clothing,State_A,DEPT_01,61.0,29
2025-04-10,OUTLET_1,PROD_003,Electronics,State_A,DEPT_01,66.5,27
2025-04-10,OUTLET_1,PROD_004,Home,State_A,DEPT_01,72.0,25
2025-04-10,OUTLET_1,PROD_005,Clothing,State_A,DEPT_01,77.5,17
2025-04-10,OUTLET_1,PROD_006,Electronics,State_A,DEPT_01,83.0,26
2025-04-10,OUTLET_1,PROD_007,Home,State_A,DEPT_01,88.5,27
2025-04-10,OUTLET_1,PROD_008,Clothing,State_A,DEPT_01,94.0,28
2025-04-10,OUTLET_1,PROD_009,Electronics,State_A,DEPT_01,99.5,38
2025-04-10,OUTLET_1,PROD_010,Home,State_A,DEPT_01,105.0,17
2025-04-10,OUTLET_1,PROD_011,Clothing,State_A,DEPT_01,110.5,21
2025-04-10,OUTLET_1,PROD_012,Electronics,State_A,DEPT_01,116.0,21
2025-04-10,OUTLET_1,PROD_013,Home,State_A,DEPT_01,121.5,28
2025-04-10,OUTLET_1,PROD_014,Clothing,State_A,DEPT_01,127.0,34
2025-04-10,OUTLET_1,PROD_015,Electronics,State_A,DEPT_01,132.5,17
2025-04-10,OUTLET_1,PROD_016,Home,State_A,DEPT_01,138.0,20
2025-04-10,OUTLET_1,PROD_017,Clothing,State_A,DEPT_01,143.5,24
2025-04-10,OUTLET_1,PROD_018,Electronics,State_A,DEPT_01,149.0,32
2025-04-10,OUTLET_1,PROD_019,Home,State_A,DEPT_01,154.5,31
2025-04-10,OUTLET_2,PROD_000,Electronics,State_B,DEPT_01,50.0,12
2025-04-10,OUTLET_2,PROD_001,Home,State_B,DEPT_01,55.5,20
2025-04-10,OUTLET_2,PROD_002,Clothing,State_B,DEPT_01,61.0,23
2025-04-10,OUTLET_2,PROD_003,Electronics,State_B,DEPT_01,66.5,33
2025-04-10,OUTLET_2,PROD_004,Home,State_B,DEPT_01,72.0,32
2025-04-10,OUTLET_2,PROD_005,Clothing,State_B,DEPT_01,77.5,12
2025-04-10,OUTLET_2,PROD_006,Electronics,State_B,DEPT_01,83.0,12
2025-04-10,OUTLET_2,PROD_007,Home,State_B,DEPT_01,88.5,26
2025-04-10,OUTLET_2,PROD_008,Clothing,State_B,DEPT_01,94.0,29
2025-04-10,OUTLET_2,PROD_009,Electronics,State_B,DEPT_01,99.5,31
2025-04-10,OUTLET_2,PROD_010,Home,State_B,DEPT_01,105.0,14
2025-04-10,OUTLET_2,PROD_011,Clothing,State_B,DEPT_01,110.5,26
2025-04-10,OUTLET_2,PROD_012,Electronics,State_B,DEPT_01,116.0,22
2025-04-10,OUTLET_2,PROD_013,Home,State_B,DEPT_01,121.5,62
2025-04-10,OUTLET_2,PROD_014,Clothing,State_B,DEPT_01,127.0,32
2025-04-10,OUTLET_2,PROD_015,Electronics,State_B,DEPT_01,132.5,12
2025-04-10,OUTLET_2,PROD_016,Home,State_B,DEPT_01,138.0,21
2025-04-10,OUTLET_2,PROD_017,Clothing,State_B,DEPT_01,143.5,26
2025-04-10,OUTLET_2,PROD_018,Electronics,State_B,DEPT_01,149.0,24
2025-04-10,OUTLET_2,PROD_019,Home,State_B,DEPT_01,154.5,34
2025-04-11,OUTLET_1,PROD_000,Electronics,State_A,DEPT_01,50.0,13
2025-04-11,OUTLET_1,PROD_001,Home,State_A,DEPT_01,55.5,24
2025-04-11,OUTLET_1,PROD_002,Clothing,State_A,DEPT_01,61.0,27
2025-04-11,OUTLET_1,PROD_003,Electronics,State_A,DEPT_01,66.5,32
2025-04-11,OUTLET_1,PROD_004,Home,State_A,DEPT_01,72.0,33
2025-04-11,OUTLET_1,PROD_005,Clothing,State_A,DEPT_01,77.5,11
2025-04-11,OUTLET_1,PROD_006,Electronics,State_A,DEPT_01,83.0,17
2025-04-11,OUTLET_1,PROD_007,Home,State_A,DEPT_01,88.5,28
2025-04-11,OUTLET_1,PROD_008,Clothing,State_A,DEPT_01,94.0,26
2025-04-11,OUTLET_1,PROD_009,Electronics,State_A,DEPT_01,99.5,40
2025-04-11,OUTLET_1,PROD_010,Home,State_A,DEPT_01,105.0,15
2025-04-11,OUTLET_1,PROD_011,Clothing,State_A,DEPT_01,110.5,25
2025-04-11,OUTLET_1,PROD_012,Electronics,State_A,DEPT_01,116.0,28
2025-04-11,OUTLET_1,PROD_013,Home,State_A,DEPT_01,121.5,24
2025-04-11,OUTLET_1,PROD_014,Clothing,State_A,DEPT_01,127.0,32
2025-04-11,OUTLET_1,PROD_015,Electronics,State_A,DEPT_01,132.5,16
2025-04-11,OUTLET_1,PROD_016,Home,State_A,DEPT_01,138.0,18
2025-04-11,OUTLET_1,PROD_017,Clothing,State_A,DEPT_01,143.5,26
2025-04-11,OUTLET_1,PROD_018,Electronics,State_A,DEPT_01,149.0,37
2025-04-11,OUTLET_1,PROD_019,Home,State_A,DEPT_01,154.5,40
2025-04-11,OUTLET_2,PROD_000,Electronics,State_B,DEPT_01,50.0,49
2025-04-11,OUTLET_2,PROD_001,Home,State_B,DEPT_01,55.5,18
2025-04-11,OUTLET_2,PROD_002,Clothing,State_B,DEPT_01,61.0,23
2025-04-11,OUTLET_2,PROD_003,Electronics,State_B,DEPT_01,66.5,25
2025-04-11,OUTLET_2,PROD_004,Home,State_B,DEPT_01,72.0,36
2025-04-11,OUTLET_2,PROD_005,Clothing,State_B,DEPT_01,77.5,19
2025-04-11,OUTLET_2,PROD_006,Electronics,State_B,DEPT_01,83.0,20
2025-04-11,OUTLET_2,PROD_007,Home,State_B,DEPT_01,88.5,20
2025-04-11,OUTLET_2,PROD_008,Clothing,State_B,DEPT_01,94.0,31
2025-04-11,OUTLET_2,PROD_009,Electronics,State_B,DEPT_01,99.5,30
2025-04-11,OUTLET_2,PROD_010,Home,State_B,DEPT_01,105.0,13
2025-04-11,OUTLET_2,PROD_011,Clothing,State_B,DEPT_01,110.5,23
2025-04-11,OUTLET_2,PROD_012,Electronics,State_B,DEPT_01,116.0,23
2025-04-11,OUTLET_2,PROD_013,Home,State_B,DEPT_01,121.5,30
2025-04-11,OUTLET_2,PROD_014,Clothing,State_B,DEPT_01,127.0,35
2025-04-11,OUTLET_2,PROD_015,Electronics,State_B,DEPT_01,132.5,6
2025-04-11,OUTLET_2,PROD_016,Home,State_B,DEPT_01,138.0,18
2025-04-11,OUTLET_2,PROD_017,Clothing,State_B,DEPT_01,143.5,26
2025-04-11,OUTLET_2,PROD_018,Electronics,State_B,DEPT_01,149.0,25
2025-04-11,OUTLET_2,PROD_019,Home,State_B,DEPT_01,154.5,38
2025-04-12,OUTLET_1,PROD_000,Electronics,State_A,DEPT_01,50.0,11
2025-04-12,OUTLET_1,PROD_001,Home,State_A,DEPT_01,55.5,17
2025-04-12,OUTLET_1,PROD_002,Clothing,State_A,DEPT_01,61.0,24
2025-04-12,OUTLET_1,PROD_003,Electronics,State_A,DEPT_01,66.5,31
2025-04-12,OUTLET_1,PROD_004,Home,State_A,DEPT_01,72.0,35
2025-04-12,OUTLET_1,PROD_005,Clothing,State_A,DEPT_01,77.5,9
2025-04-12,OUTLET_1,PROD_006,Electronics,State_A,DEPT_01,83.0,18
2025-04-12,OUTLET_1,PROD_007,Home,State_A,DEPT_01,88.5,19
2025-04-12,OUTLET_1,PROD_008,Clothing,State_A,DEPT_01,94.0,34
2025-04-12,OUTLET_1,PROD_009,Electronics,State_A,DEPT_01,99.5,39
2025-04-12,OUTLET_1,PROD_010,Home,State_A,DEPT_01,105.0,13
2025-04-12,OUTLET_1,PROD_011,Clothing,State_A,DEPT_01,110.5,18
2025-04-12,OUTLET_1,PROD_012,Electronics,State_A,DEPT_01,116.0,24
2025-04-12,OUTLET_1,PROD_013,Home,State_A,DEPT_01,121.5,33
2025-04-12,OUTLET_1,PROD_014,Clothing,State_A,DEPT_01,127.0,30
2025-04-12,OUTLET_1,PROD_015,Electronics,State_A,DEPT_01,132.5,14
2025-04-12,OUTLET_1,PROD_016,Home,State_A,DEPT_01,138.0,19
2025-04-12,OUTLET_1,PROD_017,Clothing,State_A,DEPT_01,143.5,21
2025-04-12,OUTLET_1,PROD_018,Electronics,State_A,DEPT_01,149.0,22
2025-04-12,OUTLET_1,PROD_019,Home,State_A,DEPT_01,154.5,35
2025-04-12,OUTLET_2,PROD_000,Electronics,State_B,DEPT_01,50.0,14
2025-04-12,OUTLET_2,PROD_001,Home,State_B,DEPT_01,55.5,21
2025-04-12,OUTLET_2,PROD_002,Clothing,State_B,DEPT_01,61.0,28
2025-04-12,OUTLET_2,PROD_003,Electronics,State_B,DEPT_01,66.5,35
2025-04-12,OUTLET_2,PROD_004,Home,State_B,DEPT_01,72.0,37
2025-04-12,OUTLET_2,PROD_005,Clothing,State_B,DEPT_01,77.5,12
2025-04-12,OUTLET_2,PROD_006,Electronics,State_B,DEPT_01,83.0,15
2025-04-12,OUTLET_2,PROD_007,Home,State_B,DEPT_01,88.5,22
2025-04-12,OUTLET_2,PROD_008,Clothing,State_B,DEPT_01,94.0,40
2025-04-12,OUTLET_2,PROD_009,Electronics,State_B,DEPT_01,99.5,35
2025-04-12,OUTLET_2,PROD_010,Home,State_B,DEPT_01,105.0,12
2025-04-12,OUTLET_2,PROD_011,Clothing,State_B,DEPT_01,110.5,22
2025-04-12,OUTLET_2,PROD_012,Electronics,State_B,DEPT_01,116.0,26
2025-04-12,OUTLET_2,PROD_013,Home,State_B,DEPT_01,121.5,26
2025-04-12,OUTLET_2,PROD_014,Clothing,State_B,DEPT_01,127.0,34
2025-04-12,OUTLET_2,PROD_015,Electronics,State_B,DEPT_01,132.5,14
2025-04-12,OUTLET_2,PROD_016,Home,State_B,DEPT_01,138.0,18
2025-04-12,OUTLET_2,PROD_017,Clothing,State_B,DEPT_01,143.5,23
2025-04-12,OUTLET_2,PROD_018,Electronics,State_B,DEPT_01,149.0,30
2025-04-12,OUTLET_2,PROD_019,Home,State_B,DEPT_01,154.5,29
2025-04-13,OUTLET_1,PROD_000,Electronics,State_A,DEPT_01,50.0,16
2025-04-13,OUTLET_1,PROD_001,Home,State_A,DEPT_01,55.5,21
2025-04-13,OUTLET_1,PROD_002,Clothing,State_A,DEPT_01,61.0,49
2025-04-13,OUTLET_1,PROD_003,Electronics,State_A,DEPT_01,66.5,33
2025-04-13,OUTLET_1,PROD_004,Home,State_A,DEPT_01,72.0,36
2025-04-13,OUTLET_1,PROD_005,Clothing,State_A,DEPT_01,77.5,5
2025-04-13,OUTLET_1,PROD_006,Electronics,State_A,DEPT_01,83.0,16
2025-04-13,OUTLET_1,PROD_007,Home,State_A,DEPT_01,88.5,21
2025-04-13,OUTLET_1,PROD_008,Clothing,State_A,DEPT_01,94.0,30
2025-04-13,OUTLET_1,PROD_009,Electronics,State_A,DEPT_01,99.5,29
2025-04-13,OUTLET_1,PROD_010,Home,State_A,DEPT_01,105.0,12
2025-04-13,OUTLET_1,PROD_011,Clothing,State_A,DEPT_01,110.5,23
2025-04-13,OUTLET_1,PROD_012,Electronics,State_A,DEPT_01,116.0,26
2025-04-13,OUTLET_1,PROD_013,Home,State_A,DEPT_01,121.5,29
2025-04-13,OUTLET_1,PROD_014,Clothing,State_A,DEPT_01,127.0,36
2025-04-13,OUTLET_1,PROD_015,Electronics,State_A,DEPT_01,132.5,17
2025-04-13,OUTLET_1,PROD_016,Home,State_A,DEPT_01,138.0,15
2025-04-13,OUTLET_1,PROD_017,Clothing,State_A,DEPT_01,143.5,23
2025-04-13,OUTLET_1,PROD_018,Electronics,State_A,DEPT_01,149.0,37
2025-04-13,OUTLET_1,PROD_019,Home,State_A,DEPT_01,154.5,39
2025-04-13,OUTLET_2,PROD_000,Electronics,State_B,DEPT_01,50.0,15
2025-04-13,OUTLET_2,PROD_001,Home,State_B,DEPT_01,55.5,20
2025-04-13,OUTLET_2,PROD_002,Clothing,State_B,DEPT_01,61.0,24
2025-04-13,OUTLET_2,PROD_003,Electronics,State_B,DEPT_01,66.5,24
2025-04-13,OUTLET_2,PROD_004,Home,State_B,DEPT_01,72.0,33
2025-04-13,OUTLET_2,PROD_005,Clothing,State_B,DEPT_01,77.5,16
2025-04-13,OUTLET_2,PROD_006,Electronics,State_B,DEPT_01,83.0,18
2025-04-13,OUTLET_2,PROD_007,Home,State_B,DEPT_01,88.5,21
2025-04-13,OUTLET_2,PROD_008,Clothing,State_B,DEPT_01,94.0,27
2025-04-13,OUTLET_2,PROD_009,Electronics,State_B,DEPT_01,99.5,39
2025-04-13,OUTLET_2,PROD_010,Home,State_B,DEPT_01,105.0,13
2025-04-13,OUTLET_2,PROD_011,Clothing,State_B,DEPT_01,110.5,23
2025-04-13,OUTLET_2,PROD_012,Electronics,State_B,DEPT_01,116.0,25
2025-04-13,OUTLET_2,PROD_013,Home,State_B,DEPT_01,121.5,29
2025-04-13,OUTLET_2,PROD_014,Clothing,State_B,DEPT_01,127.0,32
2025-04-13,OUTLET_2,PROD_015,Electronics,State_B,DEPT_01,132.5,16
2025-04-13,OUTLET_2,PROD_016,Home,State_B,DEPT_01,138.0,23
2025-04-13,OUTLET_2,PROD_017,Clothing,State_B,DEPT_01,143.5,27
2025-04-13,OUTLET_2,PROD_018,Electronics,State_B,DEPT_01,149.0,26
2025-04-13,OUTLET_2,PROD_019,Home,State_B,DEPT_01,154.5,33
2025-04-14,OUTLET_1,PROD_000,Electronics,State_A,DEPT_01,50.0,13
2025-04-14,OUTLET_1,PROD_001,Home,State_A,DEPT_01,55.5,14
2025-04-14,OUTLET_1,PROD_002,Clothing,State_A,DEPT_01,61.0,26
2025-04-14,OUTLET_1,PROD_003,Electronics,State_A,DEPT_01,66.5,54
2025-04-14,OUTLET_1,PROD_004,Home,State_A,DEPT_01,72.0,33
2025-04-14,OUTLET_1,PROD_005,Clothing,State_A,DEPT_01,77.5,17
2025-04-14,OUTLET_1,PROD_006,Electronics,State_A,DEPT_01,83.0,15
2025-04-14,OUTLET_1,PROD_007,Home,State_A,DEPT_01,88.5,25
2025-04-14,OUTLET_1,PROD_008,Clothing,State_A,DEPT_01,94.0,30
2025-04-14,OUTLET_1,PROD_009,Electronics,State_A,DEPT_01,99.5,40
2025-04-14,OUTLET_1,PROD_010,Home,State_A,DEPT_01,105.0,12
2025-04-14,OUTLET_1,PROD_011,Clothing,State_A,DEPT_01,110.5,21
2025-04-14,OUTLET_1,PROD_012,Electronics,State_A,DEPT_01,116.0,24
2025-04-14,OUTLET_1,PROD_013,Home,State_A,DEPT_01,121.5,30
2025-04-14,OUTLET_1,PROD_014,Clothing,State_A,DEPT_01,127.0,33
2025-04-14,OUTLET_1,PROD_015,Electronics,State_A,DEPT_01,132.5,17
2025-04-14,OUTLET_1,PROD_016,Home,State_A,DEPT_01,138.0,22
2025-04-14,OUTLET_1,PROD_017,Clothing,State_A,DEPT_01,143.5,25
2025-04-14,OUTLET_1,PROD_018,Electronics,State_A,DEPT_01,149.0,38
2025-04-14,OUTLET_1,PROD_019,Home,State_A,DEPT_01,154.5,33
2025-04-14,OUTLET_2,PROD_000,Electronics,State_B,DEPT_01,50.0,17
2025-04-14,OUTLET_2,PROD_001,Home,State_B,DEPT_01,55.5,24
2025-04-14,OUTLET_2,PROD_002,Clothing,State_B,DEPT_01,61.0,26
2025-04-14,OUTLET_2,PROD_003,Electronics,State_B,DEPT_01,66.5,33
2025-04-14,OUTLET_2,PROD_004,Home,State_B,DEPT_01,72.0,39
2025-04-14,OUTLET_2,PROD_005,Clothing,State_B,DEPT_01,77.5,16
2025-04-14,OUTLET_2,PROD_006,Electronics,State_B,DEPT_01,83.0,22
2025-04-14,OUTLET_2,PROD_007,Home,State_B,DEPT_01,88.5,22
2025-04-14,OUTLET_2,PROD_008,Clothing,State_B,DEPT_01,94.0,22
2025-04-14,OUTLET_2,PROD_009,Electronics,State_B,DEPT_01,99.5,36
2025-04-14,OUTLET_2,PROD_010,Home,State_B,DEPT_01,105.0,14
2025-04-14,OUTLET_2,PROD_011,Clothing,State_B,DEPT_01,110.5,19
2025-04-14,OUTLET_2,PROD_012,Electronics,State_B,DEPT_01,116.0,24
2025-04-14,OUTLET_2,PROD_013,Home,State_B,DEPT_01,121.5,30
2025-04-14,OUTLET_2,PROD_014,Clothing,State_B,DEPT_01,127.0,35
2025-04-14,OUTLET_2,PROD_015,Electronics,State_B,DEPT_01,132.5,17
2025-04-14,OUTLET_2,PROD_016,Home,State_B,DEPT_01,138.0,21
2025-04-14,OUTLET_2,PROD_017,Clothing,State_B,DEPT_01,143.5,65
2025-04-14,OUTLET_2,PROD_018,Electronics,State_B,DEPT_01,149.0,27
2025-04-14,OUTLET_2,PROD_019,Home,State_B,DEPT_01,154.5,37
2025-04-15,OUTLET_1,PROD_000,Electronics,State_A,DEPT_01,50.0,16
2025-04-15,OUTLET_1,PROD_001,Home,State_A,DEPT_01,55.5,21
2025-04-15,OUTLET_1,PROD_002,Clothing,State_A,DEPT_01,61.0,21
2025-04-15,OUTLET_1,PROD_003,Electronics,State_A,DEPT_01,66.5,26
2025-04-15,OUTLET_1,PROD_004,Home,State_A,DEPT_01,72.0,32
2025-04-15,OUTLET_1,PROD_005,Clothing,State_A,DEPT_01,77.5,16
2025-04-15,OUTLET_1,PROD_006,Electronics,State_A,DEPT_01,83.0,18
2025-04-15,OUTLET_1,PROD_007,Home,State_A,DEPT_01,88.5,17
2025-04-15,OUTLET_1,PROD_008,Clothing,State_A,DEPT_01,94.0,26
2025-04-15,OUTLET_1,PROD_009,Electronics,State_A,DEPT_01,99.5,38
2025-04-15,OUTLET_1,PROD_010,Home,State_A,DEPT_01,105.0,11
2025-04-15,OUTLET_1,PROD_011,Clothing,State_A,DEPT_01,110.5,20
2025-04-15,OUTLET_1,PROD_012,Electronics,State_A,DEPT_01,116.0,22
2025-04-15,OUTLET_1,PROD_013,Home,State_A,DEPT_01,121.5,25
2025-04-15,OUTLET_1,PROD_014,Clothing,State_A,DEPT_01,127.0,38
2025-04-15,OUTLET_1,PROD_015,Electronics,State_A,DEPT_01,132.5,11
2025-04-15,OUTLET_1,PROD_016,Home,State_A,DEPT_01,138.0,23
2025-04-15,OUTLET_1,PROD_017,Clothing,State_A,DEPT_01,143.5,24
2025-04-15,OUTLET_1,PROD_018,Electronics,State_A,DEPT_01,149.0,29
2025-04-15,OUTLET_1,PROD_019,Home,State_A,DEPT_01,154.5,37
2025-04-15,OUTLET_2,PROD_000,Electronics,State_B,DEPT_01,50.0,16
2025-04-15,OUTLET_2,PROD_001,Home,State_B,DEPT_01,55.5,20
2025-04-15,OUTLET_2,PROD_002,Clothing,State_B,DEPT_01,61.0,23
2025-04-15,OUTLET_2,PROD_003,Electronics,State_B,DEPT_01,66.5,31
2025-04-15,OUTLET_2,PROD_004,Home,State_B,DEPT_01,72.0,37
2025-04-15,OUTLET_2,PROD_005,Clothing,State_B,DEPT_01,77.5,10
2025-04-15,OUTLET_2,PROD_006,Electronics,State_B,DEPT_01,83.0,19
2025-04-15,OUTLET_2,PROD_007,Home,State_B,DEPT_01,88.5,18
2025-04-15,OUTLET_2,PROD_008,Clothing,State_B,DEPT_01,94.0,31
2025-04-15,OUTLET_2,PROD_009,Electronics,State_B,DEPT_01,99.5,31
2025-04-15,OUTLET_2,PROD_010,Home,State_B,DEPT_01,105.0,16
2025-04-15,OUTLET_2,PROD_011,Clothing,State_B,DEPT_01,110.5,19
2025-04-15,OUTLET_2,PROD_012,Electronics,State_B,DEPT_01,116.0,26
2025-04-15,OUTLET_2,PROD_013,Home,State_B,DEPT_01,121.5,34
2025-04-15,OUTLET_2,PROD_014,Clothing,State_B,DEPT_01,127.0,32
2025-04-15,OUTLET_2,PROD_015,Electronics,State_B,DEPT_01,132.5,14
2025-04-15,OUTLET_2,PROD_016,Home,State_B,DEPT_01,138.0,20
2025-04-15,OUTLET_2,PROD_017,Clothing,State_B,DEPT_01,143.5,21
2025-04-15,OUTLET_2,PROD_018,Electronics,State_B,DEPT_01,149.0,32
2025-04-15,OUTLET_2,PROD_019,Home,State_B,DEPT_01,154.5,39
2025-04-16,OUTLET_1,PROD_000,Electronics,State_A,DEPT_01,50.0,15
2025-04-16,OUTLET_1,PROD_001,Home,State_A,DEPT_01,55.5,25
2025-04-16,OUTLET_1,PROD_002,Clothing,State_A,DEPT_01,61.0,26
2025-04-16,OUTLET_1,PROD_003,Electronics,State_A,DEPT_01,66.5,30
2025-04-16,OUTLET_1,PROD_004,Home,State_A,DEPT_01,72.0,37
2025-04-16,OUTLET_1,PROD_005,Clothing,State_A,DEPT_01,77.5,58
2025-04-16,OUTLET_1,PROD_006,Electronics,State_A,DEPT_01,83.0,18
2025-04-16,OUTLET_1,PROD_007,Home,State_A,DEPT_01,88.5,23
2025-04-16,OUTLET_1,PROD_008,Clothing,State_A,DEPT_01,94.0,34
2025-04-16,OUTLET_1,PROD_009,Electronics,State_A,DEPT_01,99.5,37
2025-04-16,OUTLET_1,PROD_010,Home,State_A,DEPT_01,105.0,17
2025-04-16,OUTLET_1,PROD_011,Clothing,State_A,DEPT_01,110.5,17
2025-04-16,OUTLET_1,PROD_012,Electronics,State_A,DEPT_01,116.0,20
2025-04-16,OUTLET_1,PROD_013,Home,State_A,DEPT_01,121.5,24
2025-04-16,OUTLET_1,PROD_014,Clothing,State_A,DEPT_01,127.0,35
2025-04-16,OUTLET_1,PROD_015,Electronics,State_A,DEPT_01,132.5,13
2025-04-16,OUTLET_1,PROD_016,Home,State_A,DEPT_01,138.0,15
2025-04-16,OUTLET_1,PROD_017,Clothing,State_A,DEPT_01,143.5,27
2025-04-16,OUTLET_1,PROD_018,Electronics,State_A,DEPT_01,149.0,25
2025-04-16,OUTLET_1,PROD_019,Home,State_A,DEPT_01,154.5,36
2025-04-16,OUTLET_2,PROD_000,Electronics,State_B,DEPT_01,50.0,14
2025-04-16,OUTLET_2,PROD_001,Home,State_B,DEPT_01,55.5,19
2025-04-16,OUTLET_2,PROD_002,Clothing,State_B,DEPT_01,61.0,27
2025-04-16,OUTLET_2,PROD_003,Electronics,State_B,DEPT_01,66.5,28
2025-04-16,OUTLET_2,PROD_004,Home,State_B,DEPT_01,72.0,31
2025-04-16,OUTLET_2,PROD_005,Clothing,State_B,DEPT_01,77.5,18
2025-04-16,OUTLET_2,PROD_006,Electronics,State_B,DEPT_01,83.0,17
2025-04-16,OUTLET_2,PROD_007,Home,State_B,DEPT_01,88.5,23
2025-04-16,OUTLET_2,PROD_008,Clothing,State_B,DEPT_01,94.0,29
2025-04-16,OUTLET_2,PROD_009,Electronics,State_B,DEPT_01,99.5,31
2025-04-16,OUTLET_2,PROD_010,Home,State_B,DEPT_01,105.0,19
2025-04-16,OUTLET_2,PROD_011,Clothing,State_B,DEPT_01,110.5,19
2025-04-16,OUTLET_2,PROD_012,Electronics,State_B,DEPT_01,116.0,27
2025-04-16,OUTLET_2,PROD_013,Home,State_B,DEPT_01,121.5,27
2025-04-16,OUTLET_2,PROD_014,Clothing,State_B,DEPT_01,127.0,34
2025-04-16,OUTLET_2,PROD_015,Electronics,State_B,DEPT_01,132.5,17
2025-04-16,OUTLET_2,PROD_016,Home,State_B,DEPT_01,138.0,13
2025-04-16,OUTLET_2,PROD_017,Clothing,State_B,DEPT_01,143.5,24
2025-04-16,OUTLET_2,PROD_018,Electronics,State_B,DEPT_01,149.0,27
2025-04-16,OUTLET_2,PROD_019,Home,State_B,DEPT_01,154.5,33
2025-04-17,OUTLET_1,PROD_000,Electronics,State_A,DEPT_01,50.0,11
2025-04-17,OUTLET_1,PROD_001,Home,State_A,DEPT_01,55.5,13
2025-04-17,OUTLET_1,PROD_002,Clothing,State_A,DEPT_01,61.0,21
2025-04-17,OUTLET_1,PROD_003,Electronics,State_A,DEPT_01,66.5,32
2025-04-17,OUTLET_1,PROD_004,Home,State_A,DEPT_01,72.0,29
2025-04-17,OUTLET_1,PROD_005,Clothing,State_A,DEPT_01,77.5,13
2025-04-17,OUTLET_1,PROD_006,Electronics,State_A,DEPT_01,83.0,23
2025-04-17,OUTLET_1,PROD_007,Home,State_A,DEPT_01,88.5,18
2025-04-17,OUTLET_1,PROD_008,Clothing,State_A,DEPT_01,94.0,26
2025-04-17,OUTLET_1,PROD_009,Electronics,State_A,DEPT_01,99.5,37
2025-04-17,OUTLET_1,PROD_010,Home,State_A,DEPT_01,105.0,18
2025-04-17,OUTLET_1,PROD_011,Clothing,State_A,DEPT_01,110.5,21
2025-04-17,OUTLET_1,PROD_012,Electronics,State_A,DEPT_01,116.0,22
2025-04-17,OUTLET_1,PROD_013,Home,State_A,DEPT_01,121.5,30
2025-04-17,OUTLET_1,PROD_014,Clothing,State_A,DEPT_01,127.0,86
2025-04-17,OUTLET_1,PROD_015,Electronics,State_A,DEPT_01,132.5,13
2025-04-17,OUTLET_1,PROD_016,Home,State_A,DEPT_01,138.0,17
2025-04-17,OUTLET_1,PROD_017,Clothing,State_A,DEPT_01,143.5,23
2025-04-17,OUTLET_1,PROD_018,Electronics,State_A,DEPT_01,149.0,37
2025-04-17,OUTLET_1,PROD_019,Home,State_A,DEPT_01,154.5,37
2025-04-17,OUTLET_2,PROD_000,Electronics,State_B,DEPT_01,50.0,18
2025-04-17,OUTLET_2,PROD_001,Home,State_B,DEPT_01,55.5,21
2025-04-17,OUTLET_2,PROD_002,Clothing,State_B,DEPT_01,61.0,28
2025-04-17,OUTLET_2,PROD_003,Electronics,State_B,DEPT_01,66.5,27
2025-04-17,OUTLET_2,PROD_004,Home,State_B,DEPT_01,72.0,37
2025-04-17,OUTLET_2,PROD_005,Clothing,State_B,DEPT_01,77.5,16
2025-04-17,OUTLET_2,PROD_006,Electronics,State_B,DEPT_01,83.0,16
2025-04-17,OUTLET_2,PROD_007,Home,State_B,DEPT_01,88.5,23
2025-04-17,OUTLET_2,PROD_008,Clothing,State_B,DEPT_01,94.0,23
2025-04-17,OUTLET_2,PROD_009,Electronics,State_B,DEPT_01,99.5,35
2025-04-17,OUTLET_2,PROD_010,Home,State_B,DEPT_01,105.0,17
2025-04-17,OUTLET_2,PROD_011,Clothing,State_B,DEPT_01,110.5,18
2025-04-17,OUTLET_2,PROD_012,Electronics,State_B,DEPT_01,116.0,21
2025-04-17,OUTLET_2,PROD_013,Home,State_B,DEPT_01,121.5,26
2025-04-17,OUTLET_2,PROD_014,Clothing,State_B,DEPT_01,127.0,34
2025-04-17,OUTLET_2,PROD_015,Electronics,State_B,DEPT_01,132.5,16
2025-04-17,OUTLET_2,PROD_016,Home,State_B,DEPT_01,138.0,24
2025-04-17,OUTLET_2,PROD_017,Clothing,State_B,DEPT_01,143.5,18
2025-04-17,OUTLET_2,PROD_018,Electronics,State_B,DEPT_01,149.0,33
2025-04-17,OUTLET_2,PROD_019,Home,State_B,DEPT_01,154.5,35
2025-04-18,OUTLET_1,PROD_000,Electronics,State_A,DEPT_01,50.0,17
2025-04-18,OUTLET_1,PROD_001,Home,State_A,DEPT_01,55.5,21
2025-04-18,OUTLET_1,PROD_002,Clothing,State_A,DEPT_01,61.0,24
2025-04-18,OUTLET_1,PROD_003,Electronics,State_A,DEPT_01,66.5,29
2025-04-18,OUTLET_1,PROD_004,Home,State_A,DEPT_01,72.0,35
2025-04-18,OUTLET_1,PROD_005,Clothing,State_A,DEPT_01,77.5,13
2025-04-18,OUTLET_1,PROD_006,Electronics,State_A,DEPT_01,83.0,19
2025-04-18,OUTLET_1,PROD_007,Home,State_A,DEPT_01,88.5,13
2025-04-18,OUTLET_1,PROD_008,Clothing,State_A,DEPT_01,94.0,31
2025-04-18,OUTLET_1,PROD_009,Electronics,State_A,DEPT_01,99.5,32
2025-04-18,OUTLET_1,PROD_010,Home,State_A,DEPT_01,105.0,17
2025-04-18,OUTLET_1,PROD_011,Clothing,State_A,DEPT_01,110.5,22
2025-04-18,OUTLET_1,PROD_012,Electronics,State_A,DEPT_01,116.0,23
2025-04-18,OUTLET_1,PROD_013,Home,State_A,DEPT_01,121.5,31
2025-04-18,OUTLET_1,PROD_014,Clothing,State_A,DEPT_01,127.0,36
2025-04-18,OUTLET_1,PROD_015,Electronics,State_A,DEPT_01,132.5,13
2025-04-18,OUTLET_1,PROD_016,Home,State_A,DEPT_01,138.0,21
2025-04-18,OUTLET_1,PROD_017,Clothing,State_A,DEPT_01,143.5,29
2025-04-18,OUTLET_1,PROD_018,Electronics,State_A,DEPT_01,149.0,32
2025-04-18,OUTLET_1,PROD_019,Home,State_A,DEPT_01,154.5,30
2025-04-18,OUTLET_2,PROD_000,Electronics,State_B,DEPT_01,50.0,16
2025-04-18,OUTLET_2,PROD_001,Home,State_B,DEPT_01,55.5,22
2025-04-18,OUTLET_2,PROD_002,Clothing,State_B,DEPT_01,61.0,22
2025-04-18,OUTLET_2,PROD_003,Electronics,State_B,DEPT_01,66.5,32
2025-04-18,OUTLET_2,PROD_004,Home,State_B,DEPT_01,72.0,32
2025-04-18,OUTLET_2,PROD_005,Clothing,State_B,DEPT_01,77.5,13
2025-04-18,OUTLET_2,PROD_006,Electronics,State_B,DEPT_01,83.0,17
2025-04-18,OUTLET_2,PROD_007,Home,State_B,DEPT_01,88.5,57
2025-04-18,OUTLET_2,PROD_008,Clothing,State_B,DEPT_01,94.0,31
2025-04-18,OUTLET_2,PROD_009,Electronics,State_B,DEPT_01,99.5,35
2025-04-18,OUTLET_2,PROD_010,Home,State_B,DEPT_01,105.0,18
2025-04-18,OUTLET_2,PROD_011,Clothing,State_B,DEPT_01,110.5,22
2025-04-18,OUTLET_2,PROD_012,Electronics,State_B,DEPT_01,116.0,24
2025-04-18,OUTLET_2,PROD_013,Home,State_B,DEPT_01,121.5,24
2025-04-18,OUTLET_2,PROD_014,Clothing,State_B,DEPT_01,127.0,36
2025-04-18,OUTLET_2,PROD_015,Electronics,State_B,DEPT_01,132.5,11
2025-04-18,OUTLET_2,PROD_016,Home,State_B,DEPT_01,138.0,17
2025-04-18,OUTLET_2,PROD_017,Clothing,State_B,DEPT_01,143.5,24
2025-04-18,OUTLET_2,PROD_018,Electronics,State_B,DEPT_01,149.0,27
2025-04-18,OUTLET_2,PROD_019,Home,State_B,DEPT_01,154.5,34
2025-04-19,OUTLET_1,PROD_000,Electronics,State_A,DEPT_01,50.0,13
2025-04-19,OUTLET_1,PROD_001,Home,State_A,DEPT_01,55.5,20
2025-04-19,OUTLET_1,PROD_002,Clothing,State_A,DEPT_01,61.0,26
2025-04-19,OUTLET_1,PROD_003,Electronics,State_A,DEPT_01,66.5,34
2025-04-19,OUTLET_1,PROD_004,Home,State_A,DEPT_01,72.0,36
2025-04-19,OUTLET_1,PROD_005,Clothing,State_A,DEPT_01,77.5,15
2025-04-19,OUTLET_1,PROD_006,Electronics,State_A,DEPT_01,83.0,18
2025-04-19,OUTLET_1,PROD_007,Home,State_A,DEPT_01,88.5,23
2025-04-19,OUTLET_1,PROD_008,Clothing,State_A,DEPT_01,94.0,24
2025-04-19,OUTLET_1,PROD_009,Electronics,State_A,DEPT_01,99.5,33
2025-04-19,OUTLET_1,PROD_010,Home,State_A,DEPT_01,105.0,16
2025-04-19,OUTLET_1,PROD_011,Clothing,State_A,DEPT_01,110.5,15
2025-04-19,OUTLET_1,PROD_012,Electronics,State_A,DEPT_01,116.0,24
2025-04-19,OUTLET_1,PROD_013,Home,State_A,DEPT_01,121.5,29
2025-04-19,OUTLET_1,PROD_014,Clothing,State_A,DEPT_01,127.0,35
2025-04-19,OUTLET_1,PROD_015,Electronics,State_A,DEPT_01,132.5,16
2025-04-19,OUTLET_1,PROD_016,Home,State_A,DEPT_01,138.0,22
2025-04-19,OUTLET_1,PROD_017,Clothing,State_A,DEPT_01,143.5,20
2025-04-19,OUTLET_1,PROD_018,Electronics,State_A,DEPT_01,149.0,30
2025-04-19,OUTLET_1,PROD_019,Home,State_A,DEPT_01,154.5,34
2025-04-19,OUTLET_2,PROD_000,Electronics,State_B,DEPT_01,50.0,9
2025-04-19,OUTLET_2,PROD_001,Home,State_B,DEPT_01,55.5,23
2025-04-19,OUTLET_2,PROD_002,Clothing,State_B,DEPT_01,61.0,27
2025-04-19,OUTLET_2,PROD_003,Electronics,State_B,DEPT_01,66.5,26
2025-04-19,OUTLET_2,PROD_004,Home,State_B,DEPT_01,72.0,33
2025-04-19,OUTLET_2,PROD_005,Clothing,State_B,DEPT_01,77.5,52
2025-04-19,OUTLET_2,PROD_006,Electronics,State_B,DEPT_01,83.0,17
2025-04-19,OUTLET_2,PROD_007,Home,State_B,DEPT_01,88.5,25
2025-04-19,OUTLET_2,PROD_008,Clothing,State_B,DEPT_01,94.0,33
2025-04-19,OUTLET_2,PROD_009,Electronics,State_B,DEPT_01,99.5,29
2025-04-19,OUTLET_2,PROD_010,Home,State_B,DEPT_01,105.0,17
2025-04-19,OUTLET_2,PROD_011,Clothing,State_B,DEPT_01,110.5,20
2025-04-19,OUTLET_2,PROD_012,Electronics,State_B,DEPT_01,116.0,19
2025-04-19,OUTLET_2,PROD_013,Home,State_B,DEPT_01,121.5,31
2025-04-19,OUTLET_2,PROD_014,Clothing,State_B,DEPT_01,127.0,37
2025-04-19,OUTLET_2,PROD_015,Electronics,State_B,DEPT_01,132.5,14
2025-04-19,OUTLET_2,PROD_016,Home,State_B,DEPT_01,138.0,18
2025-04-19,OUTLET_2,PROD_017,Clothing,State_B,DEPT_01,143.5,22
2025-04-19,OUTLET_2,PROD_018,Electronics,State_B,DEPT_01,149.0,31
2025-04-19,OUTLET_2,PROD_019,Home,State_B,DEPT_01,154.5,30
2025-04-20,OUTLET_1,PROD_000,Electronics,State_A,DEPT_01,50.0,19
2025-04-20,OUTLET_1,PROD_001,Home,State_A,DEPT_01,55.5,17
2025-04-20,OUTLET_1,PROD_002,Clothing,State_A,DEPT_01,61.0,18
2025-04-20,OUTLET_1,PROD_003,Electronics,State_A,DEPT_01,66.5,32
2025-04-20,OUTLET_1,PROD_004,Home,State_A,DEPT_01,72.0,36
2025-04-20,OUTLET_1,PROD_005,Clothing,State_A,DEPT_01,77.5,15
2025-04-20,OUTLET_1,PROD_006,Electronics,State_A,DEPT_01,83.0,22
2025-04-20,OUTLET_1,PROD_007,Home,State_A,DEPT_01,88.5,21
2025-04-20,OUTLET_1,PROD_008,Clothing,State_A,DEPT_01,94.0,32
2025-04-20,OUTLET_1,PROD_009,Electronics,State_A,DEPT_01,99.5,37
2025-04-20,OUTLET_1,PROD_010,Home,State_A,DEPT_01,105.0,17
2025-04-20,OUTLET_1,PROD_011,Clothing,State_A,DEPT_01,110.5,21
2025-04-20,OUTLET_1,PROD_012,Electronics,State_A,DEPT_01,116.0,21
2025-04-20,OUTLET_1,PROD_013,Home,State_A,DEPT_01,121.5,28
2025-04-20,OUTLET_1,PROD_014,Clothing,State_A,DEPT_01,127.0,37
2025-04-20,OUTLET_1,PROD_015,Electronics,State_A,DEPT_01,132.5,13
2025-04-20,OUTLET_1,PROD_016,Home,State_A,DEPT_01,138.0,16
2025-04-20,OUTLET_1,PROD_017,Clothing,State_A,DEPT_01,143.5,31
2025-04-20,OUTLET_1,PROD_018,Electronics,State_A,DEPT_01,149.0,24
2025-04-20,OUTLET_1,PROD_019,Home,State_A,DEPT_01,154.5,33
2025-04-20,OUTLET_2,PROD_000,Electronics,State_B,DEPT_01,50.0,16
2025-04-20,OUTLET_2,PROD_001,Home,State_B,DEPT_01,55.5,26
2025-04-20,OUTLET_2,PROD_002,Clothing,State_B,DEPT_01,61.0,24
2025-04-20,OUTLET_2,PROD_003,Electronics,State_B,DEPT_01,66.5,28
2025-04-20,OUTLET_2,PROD_004,Home,State_B,DEPT_01,72.0,34
2025-04-20,OUTLET_2,PROD_005,Clothing,State_B,DEPT_01,77.5,11
2025-04-20,OUTLET_2,PROD_006,Electronics,State_B,DEPT_01,83.0,15
2025-04-20,OUTLET_2,PROD_007,Home,State_B,DEPT_01,88.5,27
2025-04-20,OUTLET_2,PROD_008,Clothing,State_B,DEPT_01,94.0,30
2025-04-20,OUTLET_2,PROD_009,Electronics,State_B,DEPT_01,99.5,29
2025-04-20,OUTLET_2,PROD_010,Home,State_B,DEPT_01,105.0,11
2025-04-20,OUTLET_2,PROD_011,Clothing,State_B,DEPT_01,110.5,24
2025-04-20,OUTLET_2,PROD_012,Electronics,State_B,DEPT_01,116.0,28
2025-04-20,OUTLET_2,PROD_013,Home,State_B,DEPT_01,121.5,27
2025-04-20,OUTLET_2,PROD_014,Clothing,State_B,DEPT_01,127.0,36
2025-04-20,OUTLET_2,PROD_015,Electronics,State_B,DEPT_01,132.5,10
2025-04-20,OUTLET_2,PROD_016,Home,State_B,DEPT_01,138.0,18
2025-04-20,OUTLET_2,PROD_017,Clothing,State_B,DEPT_01,143.5,33
2025-04-20,OUTLET_2,PROD_018,Electronics,State_B,DEPT_01,149.0,30
2025-04-20,OUTLET_2,PROD_019,Home,State_B,DEPT_01,154.5,33
2025-04-21,OUTLET_1,PROD_000,Electronics,State_A,DEPT_01,50.0,14
2025-04-21,OUTLET_1,PROD_001,Home,State_A,DEPT_01,55.5,17
2025-04-21,OUTLET_1,PROD_002,Clothing,State_A,DEPT_01,61.0,20
2025-04-21,OUTLET_1,PROD_003,Electronics,State_A,DEPT_01,66.5,33
2025-04-21,OUTLET_1,PROD_004,Home,State_A,DEPT_01,72.0,29
2025-04-21,OUTLET_1,PROD_005,Clothing,State_A,DEPT_01,77.5,16
2025-04-21,OUTLET_1,PROD_006,Electronics,State_A,DEPT_01,83.0,19
2025-04-21,OUTLET_1,PROD_007,Home,State_A,DEPT_01,88.5,28
2025-04-21,OUTLET_1,PROD_008,Clothing,State_A,DEPT_01,94.0,29
2025-04-21,OUTLET_1,PROD_009,Electronics,State_A,DEPT_01,99.5,35
2025-04-21,OUTLET_1,PROD_010,Home,State_A,DEPT_01,105.0,14
2025-04-21,OUTLET_1,PROD_011,Clothing,State_A,DEPT_01,110.5,21
2025-04-21,OUTLET_1,PROD_012,Electronics,State_A,DEPT_01,116.0,21
2025-04-21,OUTLET_1,PROD_013,Home,State_A,DEPT_01,121.5,28
2025-04-21,OUTLET_1,PROD_014,Clothing,State_A,DEPT_01,127.0,38
2025-04-21,OUTLET_1,PROD_015,Electronics,State_A,DEPT_01,132.5,16
2025-04-21,OUTLET_1,PROD_016,Home,State_A,DEPT_01,138.0,20
2025-04-21,OUTLET_1,PROD_017,Clothing,State_A,DEPT_01,143.5,25
2025-04-21,OUTLET_1,PROD_018,Electronics,State_A,DEPT_01,149.0,28
2025-04-21,OUTLET_1,PROD_019,Home,State_A,DEPT_01,154.5,33
2025-04-21,OUTLET_2,PROD_000,Electronics,State_B,DEPT_01,50.0,15
2025-04-21,OUTLET_2,PROD_001,Home,State_B,DEPT_01,55.5,22
2025-04-21,OUTLET_2,PROD_002,Clothing,State_B,DEPT_01,61.0,25
2025-04-21,OUTLET_2,PROD_003,Electronics,State_B,DEPT_01,66.5,31
2025-04-21,OUTLET_2,PROD_004,Home,State_B,DEPT_01,72.0,36
2025-04-21,OUTLET_2,PROD_005,Clothing,State_B,DEPT_01,77.5,9
2025-04-21,OUTLET_2,PROD_006,Electronics,State_B,DEPT_01,83.0,18
2025-04-21,OUTLET_2,PROD_007,Home,State_B,DEPT_01,88.5,23
2025-04-21,OUTLET_2,PROD_008,Clothing,State_B,DEPT_01,94.0,25
2025-04-21,OUTLET_2,PROD_009,Electronics,State_B,DEPT_01,99.5,36
2025-04-21,OUTLET_2,PROD_010,Home,State_B,DEPT_01,105.0,17
2025-04-21,OUTLET_2,PROD_011,Clothing,State_B,DEPT_01,110.5,19
2025-04-21,OUTLET_2,PROD_012,Electronics,State_B,DEPT_01,116.0,16
2025-04-21,OUTLET_2,PROD_013,Home,State_B,DEPT_01,121.5,26
2025-04-21,OUTLET_2,PROD_014,Clothing,State_B,DEPT_01,127.0,31
2025-04-21,OUTLET_2,PROD_015,Electronics,State_B,DEPT_01,132.5,12
2025-04-21,OUTLET_2,PROD_016,Home,State_B,DEPT_01,138.0,18
2025-04-21,OUTLET_2,PROD_017,Clothing,State_B,DEPT_01,143.5,23
2025-04-21,OUTLET_2,PROD_018,Electronics,State_B,DEPT_01,149.0,29
2025-04-21,OUTLET_2,PROD_019,Home,State_B,DEPT_01,154.5,39
2025-04-22,OUTLET_1,PROD_000,Electronics,State_A,DEPT_01,50.0,16
2025-04-22,OUTLET_1,PROD_001,Home,State_A,DEPT_01,55.5,65
2025-04-22,OUTLET_1,PROD_002,Clothing,State_A,DEPT_01,61.0,31
2025-04-22,OUTLET_1,PROD_003,Electronics,State_A,DEPT_01,66.5,30
2025-04-22,OUTLET_1,PROD_004,Home,State_A,DEPT_01,72.0,38
2025-04-22,OUTLET_1,PROD_005,Clothing,State_A,DEPT_01,77.5,11
2025-04-22,OUTLET_1,PROD_006,Electronics,State_A,DEPT_01,83.0,19
2025-04-22,OUTLET_1,PROD_007,Home,State_A,DEPT_01,88.5,24
2025-04-22,OUTLET_1,PROD_008,Clothing,State_A,DEPT_01,94.0,25
2025-04-22,OUTLET_1,PROD_009,Electronics,State_A,DEPT_01,99.5,37
2025-04-22,OUTLET_1,PROD_010,Home,State_A,DEPT_01,105.0,9
2025-04-22,OUTLET_1,PROD_011,Clothing,State_A,DEPT_01,110.5,17
2025-04-22,OUTLET_1,PROD_012,Electronics,State_A,DEPT_01,116.0,31
2025-04-22,OUTLET_1,PROD_013,Home,State_A,DEPT_01,121.5,31
2025-04-22,OUTLET_1,PROD_014,Clothing,State_A,DEPT_01,127.0,34
2025-04-22,OUTLET_1,PROD_015,Electronics,State_A,DEPT_01,132.5,10
2025-04-22,OUTLET_1,PROD_016,Home,State_A,DEPT_01,138.0,22
2025-04-22,OUTLET_1,PROD_017,Clothing,State_A,DEPT_01,143.5,29
2025-04-22,OUTLET_1,PROD_018,Electronics,State_A,DEPT_01,149.0,25
2025-04-22,OUTLET_1,PROD_019,Home,State_A,DEPT_01,154.5,36
2025-04-22,OUTLET_2,PROD_000,Electronics,State_B,DEPT_01,50.0,17
2025-04-22,OUTLET_2,PROD_001,Home,State_B,DEPT_01,55.5,23
2025-04-22,OUTLET_2,PROD_002,Clothing,State_B,DEPT_01,61.0,25
2025-04-22,OUTLET_2,PROD_003,Electronics,State_B,DEPT_01,66.5,29
2025-04-22,OUTLET_2,PROD_004,Home,State_B,DEPT_01,72.0,30
2025-04-22,OUTLET_2,PROD_005,Clothing,State_B,DEPT_01,77.5,13
2025-04-22,OUTLET_2,PROD_006,Electronics,State_B,DEPT_01,83.0,19
2025-04-22,OUTLET_2,PROD_007,Home,State_B,DEPT_01,88.5,21
2025-04-22,OUTLET_2,PROD_008,Clothing,State_B,DEPT_01,94.0,28
2025-04-22,OUTLET_2,PROD_009,Electronics,State_B,DEPT_01,99.5,35
2025-04-22,OUTLET_2,PROD_010,Home,State_B,DEPT_01,105.0,12
2025-04-22,OUTLET_2,PROD_011,Clothing,State_B,DEPT_01,110.5,19
2025-04-22,OUTLET_2,PROD_012,Electronics,State_B,DEPT_01,116.0,25
2025-04-22,OUTLET_2,PROD_013,Home,State_B,DEPT_01,121.5,30
2025-04-22,OUTLET_2,PROD_014,Clothing,State_B,DEPT_01,127.0,32
2025-04-22,OUTLET_2,PROD_015,Electronics,State_B,DEPT_01,132.5,4
2025-04-22,OUTLET_2,PROD_016,Home,State_B,DEPT_01,138.0,17
2025-04-22,OUTLET_2,PROD_017,Clothing,State_B,DEPT_01,143.5,20
2025-04-22,OUTLET_2,PROD_018,Electronics,State_B,DEPT_01,149.0,33
2025-04-22,OUTLET_2,PROD_019,Home,State_B,DEPT_01,154.5,34
2025-04-23,OUTLET_1,PROD_000,Electronics,State_A,DEPT_01,50.0,13
2025-04-23,OUTLET_1,PROD_001,Home,State_A,DEPT_01,55.5,19
2025-04-23,OUTLET_1,PROD_002,Clothing,State_A,DEPT_01,61.0,27
2025-04-23,OUTLET_1,PROD_003,Electronics,State_A,DEPT_01,66.5,29
2025-04-23,OUTLET_1,PROD_004,Home,State_A,DEPT_01,72.0,34
2025-04-23,OUTLET_1,PROD_005,Clothing,State_A,DEPT_01,77.5,10
2025-04-23,OUTLET_1,PROD_006,Electronics,State_A,DEPT_01,83.0,25
2025-04-23,OUTLET_1,PROD_007,Home,State_A,DEPT_01,88.5,25
2025-04-23,OUTLET_1,PROD_008,Clothing,State_A,DEPT_01,94.0,23
2025-04-23,OUTLET_1,PROD_009,Electronics,State_A,DEPT_01,99.5,30
2025-04-23,OUTLET_1,PROD_010,Home,State_A,DEPT_01,105.0,13
2025-04-23,OUTLET_1,PROD_011,Clothing,State_A,DEPT_01,110.5,21
2025-04-23,OUTLET_1,PROD_012,Electronics,State_A,DEPT_01,116.0,24
2025-04-23,OUTLET_1,PROD_013,Home,State_A,DEPT_01,121.5,28
2025-04-23,OUTLET_1,PROD_014,Clothing,State_A,DEPT_01,127.0,40
2025-04-23,OUTLET_1,PROD_015,Electronics,State_A,DEPT_01,132.5,15
2025-04-23,OUTLET_1,PROD_016,Home,State_A,DEPT_01,138.0,16
2025-04-23,OUTLET_1,PROD_017,Clothing,State_A,DEPT_01,143.5,26
2025-04-23,OUTLET_1,PROD_018,Electronics,State_A,DEPT_01,149.0,31
2025-04-23,OUTLET_1,PROD_019,Home,State_A,DEPT_01,154.5,33
2025-04-23,OUTLET_2,PROD_000,Electronics,State_B,DEPT_01,50.0,17
2025-04-23,OUTLET_2,PROD_001,Home,State_B,DEPT_01,55.5,23
2025-04-23,OUTLET_2,PROD_002,Clothing,State_B,DEPT_01,61.0,28
2025-04-23,OUTLET_2,PROD_003,Electronics,State_B,DEPT_01,66.5,29
2025-04-23,OUTLET_2,PROD_004,Home,State_B,DEPT_01,72.0,34
2025-04-23,OUTLET_2,PROD_005,Clothing,State_B,DEPT_01,77.5,20
2025-04-23,OUTLET_2,PROD_006,Electronics,State_B,DEPT_01,83.0,16
2025-04-23,OUTLET_2,PROD_007,Home,State_B,DEPT_01,88.5,21
2025-04-23,OUTLET_2,PROD_008,Clothing,State_B,DEPT_01,94.0,30
2025-04-23,OUTLET_2,PROD_009,Electronics,State_B,DEPT_01,99.5,37
2025-04-23,OUTLET_2,PROD_010,Home,State_B,DEPT_01,105.0,10
2025-04-23,OUTLET_2,PROD_011,Clothing,State_B,DEPT_01,110.5,25
2025-04-23,OUTLET_2,PROD_012,Electronics,State_B,DEPT_01,116.0,29
2025-04-23,OUTLET_2,PROD_013,Home,State_B,DEPT_01,121.5,32
2025-04-23,OUTLET_2,PROD_014,Clothing,State_B,DEPT_01,127.0,33
2025-04-23,OUTLET_2,PROD_015,Electronics,State_B,DEPT_01,132.5,12
2025-04-23,OUTLET_2,PROD_016,Home,State_B,DEPT_01,138.0,15
2025-04-23,OUTLET_2,PROD_017,Clothing,State_B,DEPT_01,143.5,22
2025-04-23,OUTLET_2,PROD_018,Electronics,State_B,DEPT_01,149.0,29
2025-04-23,OUTLET_2,PROD_019,Home,State_B,DEPT_01,154.5,39
2025-04-24,OUTLET_1,PROD_000,Electronics,State_A,DEPT_01,50.0,14
2025-04-24,OUTLET_1,PROD_001,Home,State_A,DEPT_01,55.5,21
2025-04-24,OUTLET_1,PROD_002,Clothing,State_A,DEPT_01,61.0,25
2025-04-24,OUTLET_1,PROD_003,Electronics,State_A,DEPT_01,66.5,31
2025-04-24,OUTLET_1,PROD_004,Home,State_A,DEPT_01,72.0,33
2025-04-24,OUTLET_1,PROD_005,Clothing,State_A,DEPT_01,77.5,12
2025-04-24,OUTLET_1,PROD_006,Electronics,State_A,DEPT_01,83.0,25
2025-04-24,OUTLET_1,PROD_007,Home,State_A,DEPT_01,88.5,24
2025-04-24,OUTLET_1,PROD_008,Clothing,State_A,DEPT_01,94.0,29
2025-04-24,OUTLET_1,PROD_009,Electronics,State_A,DEPT_01,99.5,33
2025-04-24,OUTLET_1,PROD_010,Home,State_A,DEPT_01,105.0,16
2025-04-24,OUTLET_1,PROD_011,Clothing,State_A,DEPT_01,110.5,22
2025-04-24,OUTLET_1,PROD_012,Electronics,State_A,DEPT_01,116.0,22
2025-04-24,OUTLET_1,PROD_013,Home,State_A,DEPT_01,121.5,29
2025-04-24,OUTLET_1,PROD_014,Clothing,State_A,DEPT_01,127.0,39
2025-04-24,OUTLET_1,PROD_015,Electronics,State_A,DEPT_01,132.5,40
2025-04-24,OUTLET_1,PROD_016,Home,State_A,DEPT_01,138.0,16
2025-04-24,OUTLET_1,PROD_017,Clothing,State_A,DEPT_01,143.5,24
2025-04-24,OUTLET_1,PROD_018,Electronics,State_A,DEPT_01,149.0,28
2025-04-24,OUTLET_1,PROD_019,Home,State_A,DEPT_01,154.5,34
2025-04-24,OUTLET_2,PROD_000,Electronics,State_B,DEPT_01,50.0,15
2025-04-24,OUTLET_2,PROD_001,Home,State_B,DEPT_01,55.5,19
2025-04-24,OUTLET_2,PROD_002,Clothing,State_B,DEPT_01,61.0,27
2025-04-24,OUTLET_2,PROD_003,Electronics,State_B,DEPT_01,66.5,26
2025-04-24,OUTLET_2,PROD_004,Home,State_B,DEPT_01,72.0,33
2025-04-24,OUTLET_2,PROD_005,Clothing,State_B,DEPT_01,77.5,16
2025-04-24,OUTLET_2,PROD_006,Electronics,State_B,DEPT_01,83.0,20
2025-04-24,OUTLET_2,PROD_007,Home,State_B,DEPT_01,88.5,30
2025-04-24,OUTLET_2,PROD_008,Clothing,State_B,DEPT_01,94.0,26
2025-04-24,OUTLET_2,PROD_009,Electronics,State_B,DEPT_01,99.5,36
2025-04-24,OUTLET_2,PROD_010,Home,State_B,DEPT_01,105.0,12
2025-04-24,OUTLET_2,PROD_011,Clothing,State_B,DEPT_01,110.5,17
2025-04-24,OUTLET_2,PROD_012,Electronics,State_B,DEPT_01,116.0,27
2025-04-24,OUTLET_2,PROD_013,Home,State_B,DEPT_01,121.5,29
2025-04-24,OUTLET_2,PROD_014,Clothing,State_B,DEPT_01,127.0,35
2025-04-24,OUTLET_2,PROD_015,Electronics,State_B,DEPT_01,132.5,12
2025-04-24,OUTLET_2,PROD_016,Home,State_B,DEPT_01,138.0,18
2025-04-24,OUTLET_2,PROD_017,Clothing,State_B,DEPT_01,143.5,20
2025-04-24,OUTLET_2,PROD_018,Electronics,State_B,DEPT_01,149.0,30
2025-04-24,OUTLET_2,PROD_019,Home,State_B,DEPT_01,154.5,31
2025-04-25,OUTLET_1,PROD_000,Electronics,State_A,DEPT_01,50.0,14
2025-04-25,OUTLET_1,PROD_001,Home,State_A,DEPT_01,55.5,22
2025-04-25,OUTLET_1,PROD_002,Clothing,State_A,DEPT_01,61.0,19
2025-04-25,OUTLET_1,PROD_003,Electronics,State_A,DEPT_01,66.5,38
2025-04-25,OUTLET_1,PROD_004,Home,State_A,DEPT_01,72.0,32
2025-04-25,OUTLET_1,PROD_005,Clothing,State_A,DEPT_01,77.5,14
2025-04-25,OUTLET_1,PROD_006,Electronics,State_A,DEPT_01,83.0,20
2025-04-25,OUTLET_1,PROD_007,Home,State_A,DEPT_01,88.5,22
2025-04-25,OUTLET_1,PROD_008,Clothing,State_A,DEPT_01,94.0,28
2025-04-25,OUTLET_1,PROD_009,Electronics,State_A,DEPT_01,99.5,37
2025-04-25,OUTLET_1,PROD_010,Home,State_A,DEPT_01,105.0,16
2025-04-25,OUTLET_1,PROD_011,Clothing,State_A,DEPT_01,110.5,18
2025-04-25,OUTLET_1,PROD_012,Electronics,State_A,DEPT_01,116.0,24
2025-04-25,OUTLET_1,PROD_013,Home,State_A,DEPT_01,121.5,30
2025-04-25,OUTLET_1,PROD_014,Clothing,State_A,DEPT_01,127.0,36
2025-04-25,OUTLET_1,PROD_015,Electronics,State_A,DEPT_01,132.5,16
2025-04-25,OUTLET_1,PROD_016,Home,State_A,DEPT_01,138.0,21
2025-04-25,OUTLET_1,PROD_017,Clothing,State_A,DEPT_01,143.5,23
2025-04-25,OUTLET_1,PROD_018,Electronics,State_A,DEPT_01,149.0,29
2025-04-25,OUTLET_1,PROD_019,Home,State_A,DEPT_01,154.5,37
2025-04-25,OUTLET_2,PROD_000,Electronics,State_B,DEPT_01,50.0,21
2025-04-25,OUTLET_2,PROD_001,Home,State_B,DEPT_01,55.5,19
2025-04-25,OUTLET_2,PROD_002,Clothing,State_B,DEPT_01,61.0,22
2025-04-25,OUTLET_2,PROD_003,Electronics,State_B,DEPT_01,66.5,27
2025-04-25,OUTLET_2,PROD_004,Home,State_B,DEPT_01,72.0,36
2025-04-25,OUTLET_2,PROD_005,Clothing,State_B,DEPT_01,77.5,9
2025-04-25,OUTLET_2,PROD_006,Electronics,State_B,DEPT_01,83.0,21
2025-04-25,OUTLET_2,PROD_007,Home,State_B,DEPT_01,88.5,26
2025-04-25,OUTLET_2,PROD_008,Clothing,State_B,DEPT_01,94.0,28
2025-04-25,OUTLET_2,PROD_009,Electronics,State_B,DEPT_01,99.5,35
2025-04-25,OUTLET_2,PROD_010,Home,State_B,DEPT_01,105.0,13
2025-04-25,OUTLET_2,PROD_011,Clothing,State_B,DEPT_01,110.5,15
2025-04-25,OUTLET_2,PROD_012,Electronics,State_B,DEPT_01,116.0,26
2025-04-25,OUTLET_2,PROD_013,Home,State_B,DEPT_01,121.5,30
2025-04-25,OUTLET_2,PROD_014,Clothing,State_B,DEPT_01,127.0,33
2025-04-25,OUTLET_2,PROD_015,Electronics,State_B,DEPT_01,132.5,21
2025-04-25,OUTLET_2,PROD_016,Home,State_B,DEPT_01,138.0,19
2025-04-25,OUTLET_2,PROD_017,Clothing,State_B,DEPT_01,143.5,19
2025-04-25,OUTLET_2,PROD_018,Electronics,State_B,DEPT_01,149.0,32
2025-04-25,OUTLET_2,PROD_019,Home,State_B,DEPT_01,154.5,36
2025-04-26,OUTLET_1,PROD_000,Electronics,State_A,DEPT_01,50.0,17
2025-04-26,OUTLET_1,PROD_001,Home,State_A,DEPT_01,55.5,16
2025-04-26,OUTLET_1,PROD_002,Clothing,State_A,DEPT_01,61.0,25
2025-04-26,OUTLET_1,PROD_003,Electronics,State_A,DEPT_01,66.5,29
2025-04-26,OUTLET_1,PROD_004,Home,State_A,DEPT_01,72.0,34
2025-04-26,OUTLET_1,PROD_005,Clothing,State_A,DEPT_01,77.5,18
2025-04-26,OUTLET_1,PROD_006,Electronics,State_A,DEPT_01,83.0,19
2025-04-26,OUTLET_1,PROD_007,Home,State_A,DEPT_01,88.5,23
2025-04-26,OUTLET_1,PROD_008,Clothing,State_A,DEPT_01,94.0,28
2025-04-26,OUTLET_1,PROD_009,Electronics,State_A,DEPT_01,99.5,31
2025-04-26,OUTLET_1,PROD_010,Home,State_A,DEPT_01,105.0,14
2025-04-26,OUTLET_1,PROD_011,Clothing,State_A,DEPT_01,110.5,23
2025-04-26,OUTLET_1,PROD_012,Electronics,State_A,DEPT_01,116.0,23
2025-04-26,OUTLET_1,PROD_013,Home,State_A,DEPT_01,121.5,30
2025-04-26,OUTLET_1,PROD_014,Clothing,State_A,DEPT_01,127.0,33
2025-04-26,OUTLET_1,PROD_015,Electronics,State_A,DEPT_01,132.5,14
2025-04-26,OUTLET_1,PROD_016,Home,State_A,DEPT_01,138.0,22
2025-04-26,OUTLET_1,PROD_017,Clothing,State_A,DEPT_01,143.5,21
2025-04-26,OUTLET_1,PROD_018,Electronics,State_A,DEPT_01,149.0,25
2025-04-26,OUTLET_1,PROD_019,Home,State_A,DEPT_01,154.5,37
2025-04-26,OUTLET_2,PROD_000,Electronics,State_B,DEPT_01,50.0,12
2025-04-26,OUTLET_2,PROD_001,Home,State_B,DEPT_01,55.5,18
2025-04-26,OUTLET_2,PROD_002,Clothing,State_B,DEPT_01,61.0,31
2025-04-26,OUTLET_2,PROD_003,Electronics,State_B,DEPT_01,66.5,31
2025-04-26,OUTLET_2,PROD_004,Home,State_B,DEPT_01,72.0,31
2025-04-26,OUTLET_2,PROD_005,Clothing,State_B,DEPT_01,77.5,17
2025-04-26,OUTLET_2,PROD_006,Electronics,State_B,DEPT_01,83.0,21
2025-04-26,OUTLET_2,PROD_007,Home,State_B,DEPT_01,88.5,15
2025-04-26,OUTLET_2,PROD_008,Clothing,State_B,DEPT_01,94.0,30
2025-04-26,OUTLET_2,PROD_009,Electronics,State_B,DEPT_01,99.5,31
2025-04-26,OUTLET_2,PROD_010,Home,State_B,DEPT_01,105.0,14
2025-04-26,OUTLET_2,PROD_011,Clothing,State_B,DEPT_01,110.5,26
2025-04-26,OUTLET_2,PROD_012,Electronics,State_B,DEPT_01,116.0,27
2025-04-26,OUTLET_2,PROD_013,Home,State_B,DEPT_01,121.5,32
2025-04-26,OUTLET_2,PROD_014,Clothing,State_B,DEPT_01,127.0,33
2025-04-26,OUTLET_2,PROD_015,Electronics,State_B,DEPT_01,132.5,17
2025-04-26,OUTLET_2,PROD_016,Home,State_B,DEPT_01,138.0,17
2025-04-26,OUTLET_2,PROD_017,Clothing,State_B,DEPT_01,143.5,24
2025-04-26,OUTLET_2,PROD_018,Electronics,State_B,DEPT_01,149.0,32
2025-04-26,OUTLET_2,PROD_019,Home,State_B,DEPT_01,154.5,36
2025-04-27,OUTLET_1,PROD_000,Electronics,State_A,DEPT_01,50.0,10
2025-04-27,OUTLET_1,PROD_001,Home,State_A,DEPT_01,55.5,25
2025-04-27,OUTLET_1,PROD_002,Clothing,State_A,DEPT_01,61.0,21
2025-04-27,OUTLET_1,PROD_003,Electronics,State_A,DEPT_01,66.5,37
2025-04-27,OUTLET_1,PROD_004,Home,State_A,DEPT_01,72.0,37
2025-04-27,OUTLET_1,PROD_005,Clothing,State_A,DEPT_01,77.5,16
2025-04-27,OUTLET_1,PROD_006,Electronics,State_A,DEPT_01,83.0,17
2025-04-27,OUTLET_1,PROD_007,Home,State_A,DEPT_01,88.5,23
2025-04-27,OUTLET_1,PROD_008,Clothing,State_A,DEPT_01,94.0,34
2025-04-27,OUTLET_1,PROD_009,Electronics,State_A,DEPT_01,99.5,39
2025-04-27,OUTLET_1,PROD_010,Home,State_A,DEPT_01,105.0,14
2025-04-27,OUTLET_1,PROD_011,Clothing,State_A,DEPT_01,110.5,18
2025-04-27,OUTLET_1,PROD_012,Electronics,State_A,DEPT_01,116.0,23
2025-04-27,OUTLET_1,PROD_013,Home,State_A,DEPT_01,121.5,32
2025-04-27,OUTLET_1,PROD_014,Clothing,State_A,DEPT_01,127.0,37
2025-04-27,OUTLET_1,PROD_015,Electronics,State_A,DEPT_01,132.5,15
2025-04-27,OUTLET_1,PROD_016,Home,State_A,DEPT_01,138.0,19
2025-04-27,OUTLET_1,PROD_017,Clothing,State_A,DEPT_01,143.5,52
2025-04-27,OUTLET_1,PROD_018,Electronics,State_A,DEPT_01,149.0,25
2025-04-27,OUTLET_1,PROD_019,Home,State_A,DEPT_01,154.5,34
2025-04-27,OUTLET_2,PROD_000,Electronics,State_B,DEPT_01,50.0,14
2025-04-27,OUTLET_2,PROD_001,Home,State_B,DEPT_01,55.5,22
2025-04-27,OUTLET_2,PROD_002,Clothing,State_B,DEPT_01,61.0,24
2025-04-27,OUTLET_2,PROD_003,Electronics,State_B,DEPT_01,66.5,36
2025-04-27,OUTLET_2,PROD_004,Home,State_B,DEPT_01,72.0,36
2025-04-27,OUTLET_2,PROD_005,Clothing,State_B,DEPT_01,77.5,11
2025-04-27,OUTLET_2,PROD_006,Electronics,State_B,DEPT_01,83.0,15
2025-04-27,OUTLET_2,PROD_007,Home,State_B,DEPT_01,88.5,20
2025-04-27,OUTLET_2,PROD_008,Clothing,State_B,DEPT_01,94.0,32
2025-04-27,OUTLET_2,PROD_009,Electronics,State_B,DEPT_01,99.5,30
2025-04-27,OUTLET_2,PROD_010,Home,State_B,DEPT_01,105.0,14
2025-04-27,OUTLET_2,PROD_011,Clothing,State_B,DEPT_01,110.5,21
2025-04-27,OUTLET_2,PROD_012,Electronics,State_B,DEPT_01,116.0,24
2025-04-27,OUTLET_2,PROD_013,Home,State_B,DEPT_01,121.5,31
2025-04-27,OUTLET_2,PROD_014,Clothing,State_B,DEPT_01,127.0,33
2025-04-27,OUTLET_2,PROD_015,Electronics,State_B,DEPT_01,132.5,14
2025-04-27,OUTLET_2,PROD_016,Home,State_B,DEPT_01,138.0,18
2025-04-27,OUTLET_2,PROD_017,Clothing,State_B,DEPT_01,143.5,24
2025-04-27,OUTLET_2,PROD_018,Electronics,State_B,DEPT_01,149.0,25
2025-04-27,OUTLET_2,PROD_019,Home,State_B,DEPT_01,154.5,39
2025-04-28,OUTLET_1,PROD_000,Electronics,State_A,DEPT_01,50.0,15
2025-04-28,OUTLET_1,PROD_001,Home,State_A,DEPT_01,55.5,21
2025-04-28,OUTLET_1,PROD_002,Clothing,State_A,DEPT_01,61.0,22
2025-04-28,OUTLET_1,PROD_003,Electronics,State_A,DEPT_01,66.5,30
2025-04-28,OUTLET_1,PROD_004,Home,State_A,DEPT_01,72.0,35
2025-04-28,OUTLET_1,PROD_005,Clothing,State_A,DEPT_01,77.5,9
2025-04-28,OUTLET_1,PROD_006,Electronics,State_A,DEPT_01,83.0,58
2025-04-28,OUTLET_1,PROD_007,Home,State_A,DEPT_01,88.5,19
2025-04-28,OUTLET_1,PROD_008,Clothing,State_A,DEPT_01,94.0,30
2025-04-28,OUTLET_1,PROD_009,Electronics,State_A,DEPT_01,99.5,35
2025-04-28,OUTLET_1,PROD_010,Home,State_A,DEPT_01,105.0,14
2025-04-28,OUTLET_1,PROD_011,Clothing,State_A,DEPT_01,110.5,21
2025-04-28,OUTLET_1,PROD_012,Electronics,State_A,DEPT_01,116.0,21
2025-04-28,OUTLET_1,PROD_013,Home,State_A,DEPT_01,121.5,37
2025-04-28,OUTLET_1,PROD_014,Clothing,State_A,DEPT_01,127.0,40
2025-04-28,OUTLET_1,PROD_015,Electronics,State_A,DEPT_01,132.5,10
2025-04-28,OUTLET_1,PROD_016,Home,State_A,DEPT_01,138.0,21
2025-04-28,OUTLET_1,PROD_017,Clothing,State_A,DEPT_01,143.5,21
2025-04-28,OUTLET_1,PROD_018,Electronics,State_A,DEPT_01,149.0,27
2025-04-28,OUTLET_1,PROD_019,Home,State_A,DEPT_01,154.5,32
2025-04-28,OUTLET_2,PROD_000,Electronics,State_B,DEPT_01,50.0,15
2025-04-28,OUTLET_2,PROD_001,Home,State_B,DEPT_01,55.5,20
2025-04-28,OUTLET_2,PROD_002,Clothing,State_B,DEPT_01,61.0,23
2025-04-28,OUTLET_2,PROD_003,Electronics,State_B,DEPT_01,66.5,24
2025-04-28,OUTLET_2,PROD_004,Home,State_B,DEPT_01,72.0,33
2025-04-28,OUTLET_2,PROD_005,Clothing,State_B,DEPT_01,77.5,19
2025-04-28,OUTLET_2,PROD_006,Electronics,State_B,DEPT_01,83.0,21
2025-04-28,OUTLET_2,PROD_007,Home,State_B,DEPT_01,88.5,21
2025-04-28,OUTLET_2,PROD_008,Clothing,State_B,DEPT_01,94.0,30
2025-04-28,OUTLET_2,PROD_009,Electronics,State_B,DEPT_01,99.5,33
2025-04-28,OUTLET_2,PROD_010,Home,State_B,DEPT_01,105.0,19
2025-04-28,OUTLET_2,PROD_011,Clothing,State_B,DEPT_01,110.5,18
2025-04-28,OUTLET_2,PROD_012,Electronics,State_B,DEPT_01,116.0,55
2025-04-28,OUTLET_2,PROD_013,Home,State_B,DEPT_01,121.5,28
2025-04-28,OUTLET_2,PROD_014,Clothing,State_B,DEPT_01,127.0,32
2025-04-28,OUTLET_2,PROD_015,Electronics,State_B,DEPT_01,132.5,17
2025-04-28,OUTLET_2,PROD_016,Home,State_B,DEPT_01,138.0,15
2025-04-28,OUTLET_2,PROD_017,Clothing,State_B,DEPT_01,143.5,27
2025-04-28,OUTLET_2,PROD_018,Electronics,State_B,DEPT_01,149.0,28
2025-04-28,OUTLET_2,PROD_019,Home,State_B,DEPT_01,154.5,35
2025-04-29,OUTLET_1,PROD_000,Electronics,State_A,DEPT_01,50.0,8
2025-04-29,OUTLET_1,PROD_001,Home,State_A,DEPT_01,55.5,22
2025-04-29,OUTLET_1,PROD_002,Clothing,State_A,DEPT_01,61.0,26
2025-04-29,OUTLET_1,PROD_003,Electronics,State_A,DEPT_01,66.5,28
2025-04-29,OUTLET_1,PROD_004,Home,State_A,DEPT_01,72.0,35
2025-04-29,OUTLET_1,PROD_005,Clothing,State_A,DEPT_01,77.5,14
2025-04-29,OUTLET_1,PROD_006,Electronics,State_A,DEPT_01,83.0,16
2025-04-29,OUTLET_1,PROD_007,Home,State_A,DEPT_01,88.5,25
2025-04-29,OUTLET_1,PROD_008,Clothing,State_A,DEPT_01,94.0,33
2025-04-29,OUTLET_1,PROD_009,Electronics,State_A,DEPT_01,99.5,34
2025-04-29,OUTLET_1,PROD_010,Home,State_A,DEPT_01,105.0,19
2025-04-29,OUTLET_1,PROD_011,Clothing,State_A,DEPT_01,110.5,14
2025-04-29,OUTLET_1,PROD_012,Electronics,State_A,DEPT_01,116.0,25
2025-04-29,OUTLET_1,PROD_013,Home,State_A,DEPT_01,121.5,27
2025-04-29,OUTLET_1,PROD_014,Clothing,State_A,DEPT_01,127.0,34
2025-04-29,OUTLET_1,PROD_015,Electronics,State_A,DEPT_01,132.5,10
2025-04-29,OUTLET_1,PROD_016,Home,State_A,DEPT_01,138.0,22
2025-04-29,OUTLET_1,PROD_017,Clothing,State_A,DEPT_01,143.5,21
2025-04-29,OUTLET_1,PROD_018,Electronics,State_A,DEPT_01,149.0,27
2025-04-29,OUTLET_1,PROD_019,Home,State_A,DEPT_01,154.5,34
2025-04-29,OUTLET_2,PROD_000,Electronics,State_B,DEPT_01,50.0,11
2025-04-29,OUTLET_2,PROD_001,Home,State_B,DEPT_01,55.5,16
2025-04-29,OUTLET_2,PROD_002,Clothing,State_B,DEPT_01,61.0,24
2025-04-29,OUTLET_2,PROD_003,Electronics,State_B,DEPT_01,66.5,29
2025-04-29,OUTLET_2,PROD_004,Home,State_B,DEPT_01,72.0,33
2025-04-29,OUTLET_2,PROD_005,Clothing,State_B,DEPT_01,77.5,16
2025-04-29,OUTLET_2,PROD_006,Electronics,State_B,DEPT_01,83.0,18
2025-04-29,OUTLET_2,PROD_007,Home,State_B,DEPT_01,88.5,20
2025-04-29,OUTLET_2,PROD_008,Clothing,State_B,DEPT_01,94.0,23
2025-04-29,OUTLET_2,PROD_009,Electronics,State_B,DEPT_01,99.5,33
2025-04-29,OUTLET_2,PROD_010,Home,State_B,DEPT_01,105.0,10
2025-04-29,OUTLET_2,PROD_011,Clothing,State_B,DEPT_01,110.5,21
2025-04-29,OUTLET_2,PROD_012,Electronics,State_B,DEPT_01,116.0,16
2025-04-29,OUTLET_2,PROD_013,Home,State_B,DEPT_01,121.5,30
2025-04-29,OUTLET_2,PROD_014,Clothing,State_B,DEPT_01,127.0,31
2025-04-29,OUTLET_2,PROD_015,Electronics,State_B,DEPT_01,132.5,16
2025-04-29,OUTLET_2,PROD_016,Home,State_B,DEPT_01,138.0,16
2025-04-29,OUTLET_2,PROD_017,Clothing,State_B,DEPT_01,143.5,29
2025-04-29,OUTLET_2,PROD_018,Electronics,State_B,DEPT_01,149.0,34
2025-04-29,OUTLET_2,PROD_019,Home,State_B,DEPT_01,154.5,37
2025-04-30,OUTLET_1,PROD_000,Electronics,State_A,DEPT_01,50.0,15
2025-04-30,OUTLET_1,PROD_001,Home,State_A,DEPT_01,55.5,13
2025-04-30,OUTLET_1,PROD_002,Clothing,State_A,DEPT_01,61.0,20
2025-04-30,OUTLET_1,PROD_003,Electronics,State_A,DEPT_01,66.5,27
2025-04-30,OUTLET_1,PROD_004,Home,State_A,DEPT_01,72.0,31
2025-04-30,OUTLET_1,PROD_005,Clothing,State_A,DEPT_01,77.5,15
2025-04-30,OUTLET_1,PROD_006,Electronics,State_A,DEPT_01,83.0,16
2025-04-30,OUTLET_1,PROD_007,Home,State_A,DEPT_01,88.5,25
2025-04-30,OUTLET_1,PROD_008,Clothing,State_A,DEPT_01,94.0,30
2025-04-30,OUTLET_1,PROD_009,Electronics,State_A,DEPT_01,99.5,37
2025-04-30,OUTLET_1,PROD_010,Home,State_A,DEPT_01,105.0,18
2025-04-30,OUTLET_1,PROD_011,Clothing,State_A,DEPT_01,110.5,20
2025-04-30,OUTLET_1,PROD_012,Electronics,State_A,DEPT_01,116.0,28
2025-04-30,OUTLET_1,PROD_013,Home,State_A,DEPT_01,121.5,27
2025-04-30,OUTLET_1,PROD_014,Clothing,State_A,DEPT_01,127.0,34
2025-04-30,OUTLET_1,PROD_015,Electronics,State_A,DEPT_01,132.5,18
2025-04-30,OUTLET_1,PROD_016,Home,State_A,DEPT_01,138.0,20
2025-04-30,OUTLET_1,PROD_017,Clothing,State_A,DEPT_01,143.5,21
2025-04-30,OUTLET_1,PROD_018,Electronics,State_A,DEPT_01,149.0,29
2025-04-30,OUTLET_1,PROD_019,Home,State_A,DEPT_01,154.5,39
2025-04-30,OUTLET_2,PROD_000,Electronics,State_B,DEPT_01,50.0,9
2025-04-30,OUTLET_2,PROD_001,Home,State_B,DEPT_01,55.5,18
2025-04-30,OUTLET_2,PROD_002,Clothing,State_B,DEPT_01,61.0,33
2025-04-30,OUTLET_2,PROD_003,Electronics,State_B,DEPT_01,66.5,31
2025-04-30,OUTLET_2,PROD_004,Home,State_B,DEPT_01,72.0,35
2025-04-30,OUTLET_2,PROD_005,Clothing,State_B,DEPT_01,77.5,12
2025-04-30,OUTLET_2,PROD_006,Electronics,State_B,DEPT_01,83.0,17
2025-04-30,OUTLET_2,PROD_007,Home,State_B,DEPT_01,88.5,22
2025-04-30,OUTLET_2,PROD_008,Clothing,State_B,DEPT_01,94.0,60
2025-04-30,OUTLET_2,PROD_009,Electronics,State_B,DEPT_01,99.5,33
2025-04-30,OUTLET_2,PROD_010,Home,State_B,DEPT_01,105.0,13
2025-04-30,OUTLET_2,PROD_011,Clothing,State_B,DEPT_01,110.5,21
2025-04-30,OUTLET_2,PROD_012,Electronics,State_B,DEPT_01,116.0,22
2025-04-30,OUTLET_2,PROD_013,Home,State_B,DEPT_01,121.5,28
2025-04-30,OUTLET_2,PROD_014,Clothing,State_B,DEPT_01,127.0,40
2025-04-30,OUTLET_2,PROD_015,Electronics,State_B,DEPT_01,132.5,14
2025-04-30,OUTLET_2,PROD_016,Home,State_B,DEPT_01,138.0,18
2025-04-30,OUTLET_2,PROD_017,Clothing,State_B,DEPT_01,143.5,27
2025-04-30,OUTLET_2,PROD_018,Electronics,State_B,DEPT_01,149.0,28
2025-04-30,OUTLET_2,PROD_019,Home,State_B,DEPT_01,154.5,32
2025-05-01,OUTLET_1,PROD_000,Electronics,State_A,DEPT_01,50.0,16
2025-05-01,OUTLET_1,PROD_001,Home,State_A,DEPT_01,55.5,22
2025-05-01,OUTLET_1,PROD_002,Clothing,State_A,DEPT_01,61.0,16
2025-05-01,OUTLET_1,PROD_003,Electronics,State_A,DEPT_01,66.5,27
2025-05-01,OUTLET_1,PROD_004,Home,State_A,DEPT_01,72.0,35
2025-05-01,OUTLET_1,PROD_005,Clothing,State_A,DEPT_01,77.5,13
2025-05-01,OUTLET_1,PROD_006,Electronics,State_A,DEPT_01,83.0,19
2025-05-01,OUTLET_1,PROD_007,Home,State_A,DEPT_01,88.5,21
2025-05-01,OUTLET_1,PROD_008,Clothing,State_A,DEPT_01,94.0,31
2025-05-01,OUTLET_1,PROD_009,Electronics,State_A,DEPT_01,99.5,39
2025-05-01,OUTLET_1,PROD_010,Home,State_A,DEPT_01,105.0,11
2025-05-01,OUTLET_1,PROD_011,Clothing,State_A,DEPT_01,110.5,21
2025-05-01,OUTLET_1,PROD_012,Electronics,State_A,DEPT_01,116.0,27
2025-05-01,OUTLET_1,PROD_013,Home,State_A,DEPT_01,121.5,29
2025-05-01,OUTLET_1,PROD_014,Clothing,State_A,DEPT_01,127.0,36
2025-05-01,OUTLET_1,PROD_015,Electronics,State_A,DEPT_01,132.5,12
2025-05-01,OUTLET_1,PROD_016,Home,State_A,DEPT_01,138.0,23
2025-05-01,OUTLET_1,PROD_017,Clothing,State_A,DEPT_01,143.5,27
2025-05-01,OUTLET_1,PROD_018,Electronics,State_A,DEPT_01,149.0,33
2025-05-01,OUTLET_1,PROD_019,Home,State_A,DEPT_01,154.5,30
2025-05-01,OUTLET_2,PROD_000,Electronics,State_B,DEPT_01,50.0,15
2025-05-01,OUTLET_2,PROD_001,Home,State_B,DEPT_01,55.5,17
2025-05-01,OUTLET_2,PROD_002,Clothing,State_B,DEPT_01,61.0,29
2025-05-01,OUTLET_2,PROD_003,Electronics,State_B,DEPT_01,66.5,27
2025-05-01,OUTLET_2,PROD_004,Home,State_B,DEPT_01,72.0,35
2025-05-01,OUTLET_2,PROD_005,Clothing,State_B,DEPT_01,77.5,8
2025-05-01,OUTLET_2,PROD_006,Electronics,State_B,DEPT_01,83.0,20
2025-05-01,OUTLET_2,PROD_007,Home,State_B,DEPT_01,88.5,20
2025-05-01,OUTLET_2,PROD_008,Clothing,State_B,DEPT_01,94.0,31
2025-05-01,OUTLET_2,PROD_009,Electronics,State_B,DEPT_01,99.5,33
2025-05-01,OUTLET_2,PROD_010,Home,State_B,DEPT_01,105.0,13
2025-05-01,OUTLET_2,PROD_011,Clothing,State_B,DEPT_01,110.5,24
2025-05-01,OUTLET_2,PROD_012,Electronics,State_B,DEPT_01,116.0,31
2025-05-01,OUTLET_2,PROD_013,Home,State_B,DEPT_01,121.5,25
2025-05-01,OUTLET_2,PROD_014,Clothing,State_B,DEPT_01,127.0,33
2025-05-01,OUTLET_2,PROD_015,Electronics,State_B,DEPT_01,132.5,16
2025-05-01,OUTLET_2,PROD_016,Home,State_B,DEPT_01,138.0,20
2025-05-01,OUTLET_2,PROD_017,Clothing,State_B,DEPT_01,143.5,26
2025-05-01,OUTLET_2,PROD_018,Electronics,State_B,DEPT_01,149.0,29
2025-05-01,OUTLET_2,PROD_019,Home,State_B,DEPT_01,154.5,37
2025-05-02,OUTLET_1,PROD_000,Electronics,State_A,DEPT_01,50.0,14
2025-05-02,OUTLET_1,PROD_001,Home,State_A,DEPT_01,55.5,20
2025-05-02,OUTLET_1,PROD_002,Clothing,State_A,DEPT_01,61.0,20
2025-05-02,OUTLET_1,PROD_003,Electronics,State_A,DEPT_01,66.5,29
2025-05-02,OUTLET_1,PROD_004,Home,State_A,DEPT_01,72.0,36
2025-05-02,OUTLET_1,PROD_005,Clothing,State_A,DEPT_01,77.5,15
2025-05-02,OUTLET_1,PROD_006,Electronics,State_A,DEPT_01,83.0,25
2025-05-02,OUTLET_1,PROD_007,Home,State_A,DEPT_01,88.5,24
2025-05-02,OUTLET_1,PROD_008,Clothing,State_A,DEPT_01,94.0,30
2025-05-02,OUTLET_1,PROD_009,Electronics,State_A,DEPT_01,99.5,34
2025-05-02,OUTLET_1,PROD_010,Home,State_A,DEPT_01,105.0,14
2025-05-02,OUTLET_1,PROD_011,Clothing,State_A,DEPT_01,110.5,22
2025-05-02,OUTLET_1,PROD_012,Electronics,State_A,DEPT_01,116.0,24
2025-05-02,OUTLET_1,PROD_013,Home,State_A,DEPT_01,121.5,25
2025-05-02,OUTLET_1,PROD_014,Clothing,State_A,DEPT_01,127.0,39
2025-05-02,OUTLET_1,PROD_015,Electronics,State_A,DEPT_01,132.5,12
2025-05-02,OUTLET_1,PROD_016,Home,State_A,DEPT_01,138.0,14
2025-05-02,OUTLET_1,PROD_017,Clothing,State_A,DEPT_01,143.5,26
2025-05-02,OUTLET_1,PROD_018,Electronics,State_A,DEPT_01,149.0,34
2025-05-02,OUTLET_1,PROD_019,Home,State_A,DEPT_01,154.5,36
2025-05-02,OUTLET_2,PROD_000,Electronics,State_B,DEPT_01,50.0,18
2025-05-02,OUTLET_2,PROD_001,Home,State_B,DEPT_01,55.5,16
2025-05-02,OUTLET_2,PROD_002,Clothing,State_B,DEPT_01,61.0,20
2025-05-02,OUTLET_2,PROD_003,Electronics,State_B,DEPT_01,66.5,28
2025-05-02,OUTLET_2,PROD_004,Home,State_B,DEPT_01,72.0,66
2025-05-02,OUTLET_2,PROD_005,Clothing,State_B,DEPT_01,77.5,16
2025-05-02,OUTLET_2,PROD_006,Electronics,State_B,DEPT_01,83.0,14
2025-05-02,OUTLET_2,PROD_007,Home,State_B,DEPT_01,88.5,22
2025-05-02,OUTLET_2,PROD_008,Clothing,State_B,DEPT_01,94.0,26
2025-05-02,OUTLET_2,PROD_009,Electronics,State_B,DEPT_01,99.5,31
2025-05-02,OUTLET_2,PROD_010,Home,State_B,DEPT_01,105.0,10
2025-05-02,OUTLET_2,PROD_011,Clothing,State_B,DEPT_01,110.5,21
2025-05-02,OUTLET_2,PROD_012,Electronics,State_B,DEPT_01,116.0,25
2025-05-02,OUTLET_2,PROD_013,Home,State_B,DEPT_01,121.5,24
2025-05-02,OUTLET_2,PROD_014,Clothing,State_B,DEPT_01,127.0,34
2025-05-02,OUTLET_2,PROD_015,Electronics,State_B,DEPT_01,132.5,15
2025-05-02,OUTLET_2,PROD_016,Home,State_B,DEPT_01,138.0,24
2025-05-02,OUTLET_2,PROD_017,Clothing,State_B,DEPT_01,143.5,25
2025-05-02,OUTLET_2,PROD_018,Electronics,State_B,DEPT_01,149.0,28
2025-05-02,OUTLET_2,PROD_019,Home,State_B,DEPT_01,154.5,30
2025-05-03,OUTLET_1,PROD_000,Electronics,State_A,DEPT_01,50.0,10
2025-05-03,OUTLET_1,PROD_001,Home,State_A,DEPT_01,55.5,11
2025-05-03,OUTLET_1,PROD_002,Clothing,State_A,DEPT_01,61.0,26
2025-05-03,OUTLET_1,PROD_003,Electronics,State_A,DEPT_01,66.5,32
2025-05-03,OUTLET_1,PROD_004,Home,State_A,DEPT_01,72.0,29
2025-05-03,OUTLET_1,PROD_005,Clothing,State_A,DEPT_01,77.5,13
2025-05-03,OUTLET_1,PROD_006,Electronics,State_A,DEPT_01,83.0,18
2025-05-03,OUTLET_1,PROD_007,Home,State_A,DEPT_01,88.5,59
2025-05-03,OUTLET_1,PROD_008,Clothing,State_A,DEPT_01,94.0,30
2025-05-03,OUTLET_1,PROD_009,Electronics,State_A,DEPT_01,99.5,35
2025-05-03,OUTLET_1,PROD_010,Home,State_A,DEPT_01,105.0,14
2025-05-03,OUTLET_1,PROD_011,Clothing,State_A,DEPT_01,110.5,18
2025-05-03,OUTLET_1,PROD_012,Electronics,State_A,DEPT_01,116.0,28
2025-05-03,OUTLET_1,PROD_013,Home,State_A,DEPT_01,121.5,33
2025-05-03,OUTLET_1,PROD_014,Clothing,State_A,DEPT_01,127.0,39
2025-05-03,OUTLET_1,PROD_015,Electronics,State_A,DEPT_01,132.5,8
2025-05-03,OUTLET_1,PROD_016,Home,State_A,DEPT_01,138.0,24
2025-05-03,OUTLET_1,PROD_017,Clothing,State_A,DEPT_01,143.5,24
2025-05-03,OUTLET_1,PROD_018,Electronics,State_A,DEPT_01,149.0,27
2025-05-03,OUTLET_1,PROD_019,Home,State_A,DEPT_01,154.5,30
2025-05-03,OUTLET_2,PROD_000,Electronics,State_B,DEPT_01,50.0,16
2025-05-03,OUTLET_2,PROD_001,Home,State_B,DEPT_01,55.5,20
2025-05-03,OUTLET_2,PROD_002,Clothing,State_B,DEPT_01,61.0,25
2025-05-03,OUTLET_2,PROD_003,Electronics,State_B,DEPT_01,66.5,30
2025-05-03,OUTLET_2,PROD_004,Home,State_B,DEPT_01,72.0,36
2025-05-03,OUTLET_2,PROD_005,Clothing,State_B,DEPT_01,77.5,19
2025-05-03,OUTLET_2,PROD_006,Electronics,State_B,DEPT_01,83.0,65
2025-05-03,OUTLET_2,PROD_007,Home,State_B,DEPT_01,88.5,26
2025-05-03,OUTLET_2,PROD_008,Clothing,State_B,DEPT_01,94.0,28
2025-05-03,OUTLET_2,PROD_009,Electronics,State_B,DEPT_01,99.5,33
2025-05-03,OUTLET_2,PROD_010,Home,State_B,DEPT_01,105.0,13
2025-05-03,OUTLET_2,PROD_011,Clothing,State_B,DEPT_01,110.5,18
2025-05-03,OUTLET_2,PROD_012,Electronics,State_B,DEPT_01,116.0,23
2025-05-03,OUTLET_2,PROD_013,Home,State_B,DEPT_01,121.5,30
2025-05-03,OUTLET_2,PROD_014,Clothing,State_B,DEPT_01,127.0,36
2025-05-03,OUTLET_2,PROD_015,Electronics,State_B,DEPT_01,132.5,10
2025-05-03,OUTLET_2,PROD_016,Home,State_B,DEPT_01,138.0,19
2025-05-03,OUTLET_2,PROD_017,Clothing,State_B,DEPT_01,143.5,22
2025-05-03,OUTLET_2,PROD_018,Electronics,State_B,DEPT_01,149.0,22
2025-05-03,OUTLET_2,PROD_019,Home,State_B,DEPT_01,154.5,34
2025-05-04,OUTLET_1,PROD_000,Electronics,State_A,DEPT_01,50.0,14
2025-05-04,OUTLET_1,PROD_001,Home,State_A,DEPT_01,55.5,17
2025-05-04,OUTLET_1,PROD_002,Clothing,State_A,DEPT_01,61.0,22
2025-05-04,OUTLET_1,PROD_003,Electronics,State_A,DEPT_01,66.5,25
2025-05-04,OUTLET_1,PROD_004,Home,State_A,DEPT_01,72.0,29
2025-05-04,OUTLET_1,PROD_005,Clothing,State_A,DEPT_01,77.5,11
2025-05-04,OUTLET_1,PROD_006,Electronics,State_A,DEPT_01,83.0,16
2025-05-04,OUTLET_1,PROD_007,Home,State_A,DEPT_01,88.5,22
2025-05-04,OUTLET_1,PROD_008,Clothing,State_A,DEPT_01,94.0,24
2025-05-04,OUTLET_1,PROD_009,Electronics,State_A,DEPT_01,99.5,31
2025-05-04,OUTLET_1,PROD_010,Home,State_A,DEPT_01,105.0,14
2025-05-04,OUTLET_1,PROD_011,Clothing,State_A,DEPT_01,110.5,20
2025-05-04,OUTLET_1,PROD_012,Electronics,State_A,DEPT_01,116.0,22
2025-05-04,OUTLET_1,PROD_013,Home,State_A,DEPT_01,121.5,28
2025-05-04,OUTLET_1,PROD_014,Clothing,State_A,DEPT_01,127.0,39
2025-05-04,OUTLET_1,PROD_015,Electronics,State_A,DEPT_01,132.5,15
2025-05-04,OUTLET_1,PROD_016,Home,State_A,DEPT_01,138.0,26
2025-05-04,OUTLET_1,PROD_017,Clothing,State_A,DEPT_01,143.5,24
2025-05-04,OUTLET_1,PROD_018,Electronics,State_A,DEPT_01,149.0,24
2025-05-04,OUTLET_1,PROD_019,Home,State_A,DEPT_01,154.5,32
2025-05-04,OUTLET_2,PROD_000,Electronics,State_B,DEPT_01,50.0,12
2025-05-04,OUTLET_2,PROD_001,Home,State_B,DEPT_01,55.5,21
2025-05-04,OUTLET_2,PROD_002,Clothing,State_B,DEPT_01,61.0,26
2025-05-04,OUTLET_2,PROD_003,Electronics,State_B,DEPT_01,66.5,28
2025-05-04,OUTLET_2,PROD_004,Home,State_B,DEPT_01,72.0,34
2025-05-04,OUTLET_2,PROD_005,Clothing,State_B,DEPT_01,77.5,11
2025-05-04,OUTLET_2,PROD_006,Electronics,State_B,DEPT_01,83.0,21
2025-05-04,OUTLET_2,PROD_007,Home,State_B,DEPT_01,88.5,22
2025-05-04,OUTLET_2,PROD_008,Clothing,State_B,DEPT_01,94.0,24
2025-05-04,OUTLET_2,PROD_009,Electronics,State_B,DEPT_01,99.5,31
2025-05-04,OUTLET_2,PROD_010,Home,State_B,DEPT_01,105.0,12
2025-05-04,OUTLET_2,PROD_011,Clothing,State_B,DEPT_01,110.5,19
2025-05-04,OUTLET_2,PROD_012,Electronics,State_B,DEPT_01,116.0,30
2025-05-04,OUTLET_2,PROD_013,Home,State_B,DEPT_01,121.5,30
2025-05-04,OUTLET_2,PROD_014,Clothing,State_B,DEPT_01,127.0,28
2025-05-04,OUTLET_2,PROD_015,Electronics,State_B,DEPT_01,132.5,17
2025-05-04,OUTLET_2,PROD_016,Home,State_B,DEPT_01,138.0,19
2025-05-04,OUTLET_2,PROD_017,Clothing,State_B,DEPT_01,143.5,24
2025-05-04,OUTLET_2,PROD_018,Electronics,State_B,DEPT_01,149.0,66
2025-05-04,OUTLET_2,PROD_019,Home,State_B,DEPT_01,154.5,34
2025-05-05,OUTLET_1,PROD_000,Electronics,State_A,DEPT_01,50.0,15
2025-05-05,OUTLET_1,PROD_001,Home,State_A,DEPT_01,55.5,18
2025-05-05,OUTLET_1,PROD_002,Clothing,State_A,DEPT_01,61.0,23
2025-05-05,OUTLET_1,PROD_003,Electronics,State_A,DEPT_01,66.5,30
2025-05-05,OUTLET_1,PROD_004,Home,State_A,DEPT_01,72.0,30
2025-05-05,OUTLET_1,PROD_005,Clothing,State_A,DEPT_01,77.5,20
2025-05-05,OUTLET_1,PROD_006,Electronics,State_A,DEPT_01,83.0,16
2025-05-05,OUTLET_1,PROD_007,Home,State_A,DEPT_01,88.5,26
2025-05-05,OUTLET_1,PROD_008,Clothing,State_A,DEPT_01,94.0,26
2025-05-05,OUTLET_1,PROD_009,Electronics,State_A,DEPT_01,99.5,34
2025-05-05,OUTLET_1,PROD_010,Home,State_A,DEPT_01,105.0,16
2025-05-05,OUTLET_1,PROD_011,Clothing,State_A,DEPT_01,110.5,14
2025-05-05,OUTLET_1,PROD_012,Electronics,State_A,DEPT_01,116.0,21
2025-05-05,OUTLET_1,PROD_013,Home,State_A,DEPT_01,121.5,26
2025-05-05,OUTLET_1,PROD_014,Clothing,State_A,DEPT_01,127.0,33
2025-05-05,OUTLET_1,PROD_015,Electronics,State_A,DEPT_01,132.5,15
2025-05-05,OUTLET_1,PROD_016,Home,State_A,DEPT_01,138.0,24
2025-05-05,OUTLET_1,PROD_017,Clothing,State_A,DEPT_01,143.5,22
2025-05-05,OUTLET_1,PROD_018,Electronics,State_A,DEPT_01,149.0,34
2025-05-05,OUTLET_1,PROD_019,Home,State_A,DEPT_01,154.5,35
2025-05-05,OUTLET_2,PROD_000,Electronics,State_B,DEPT_01,50.0,10
2025-05-05,OUTLET_2,PROD_001,Home,State_B,DEPT_01,55.5,18
2025-05-05,OUTLET_2,PROD_002,Clothing,State_B,DEPT_01,61.0,20
2025-05-05,OUTLET_2,PROD_003,Electronics,State_B,DEPT_01,66.5,28
2025-05-05,OUTLET_2,PROD_004,Home,State_B,DEPT_01,72.0,33
2025-05-05,OUTLET_2,PROD_005,Clothing,State_B,DEPT_01,77.5,14
2025-05-05,OUTLET_2,PROD_006,Electronics,State_B,DEPT_01,83.0,21
2025-05-05,OUTLET_2,PROD_007,Home,State_B,DEPT_01,88.5,24
2025-05-05,OUTLET_2,PROD_008,Clothing,State_B,DEPT_01,94.0,26
2025-05-05,OUTLET_2,PROD_009,Electronics,State_B,DEPT_01,99.5,40
2025-05-05,OUTLET_2,PROD_010,Home,State_B,DEPT_01,105.0,18
2025-05-05,OUTLET_2,PROD_011,Clothing,State_B,DEPT_01,110.5,24
2025-05-05,OUTLET_2,PROD_012,Electronics,State_B,DEPT_01,116.0,23
2025-05-05,OUTLET_2,PROD_013,Home,State_B,DEPT_01,121.5,30
2025-05-05,OUTLET_2,PROD_014,Clothing,State_B,DEPT_01,127.0,33
2025-05-05,OUTLET_2,PROD_015,Electronics,State_B,DEPT_01,132.5,14
2025-05-05,OUTLET_2,PROD_016,Home,State_B,DEPT_01,138.0,19
2025-05-05,OUTLET_2,PROD_017,Clothing,State_B,DEPT_01,143.5,20
2025-05-05,OUTLET_2,PROD_018,Electronics,State_B,DEPT_01,149.0,28
2025-05-05,OUTLET_2,PROD_019,Home,State_B,DEPT_01,154.5,37
2025-05-06,OUTLET_1,PROD_000,Electronics,State_A,DEPT_01,50.0,16
2025-05-06,OUTLET_1,PROD_001,Home,State_A,DEPT_01,55.5,18
2025-05-06,OUTLET_1,PROD_002,Clothing,State_A,DEPT_01,61.0,24
2025-05-06,OUTLET_1,PROD_003,Electronics,State_A,DEPT_01,66.5,28
2025-05-06,OUTLET_1,PROD_004,Home,State_A,DEPT_01,72.0,36
2025-05-06,OUTLET_1,PROD_005,Clothing,State_A,DEPT_01,77.5,9
2025-05-06,OUTLET_1,PROD_006,Electronics,State_A,DEPT_01,83.0,20
2025-05-06,OUTLET_1,PROD_007,Home,State_A,DEPT_01,88.5,28
2025-05-06,OUTLET_1,PROD_008,Clothing,State_A,DEPT_01,94.0,27
2025-05-06,OUTLET_1,PROD_009,Electronics,State_A,DEPT_01,99.5,38
2025-05-06,OUTLET_1,PROD_010,Home,State_A,DEPT_01,105.0,15
2025-05-06,OUTLET_1,PROD_011,Clothing,State_A,DEPT_01,110.5,18
2025-05-06,OUTLET_1,PROD_012,Electronics,State_A,DEPT_01,116.0,23
2025-05-06,OUTLET_1,PROD_013,Home,State_A,DEPT_01,121.5,33
2025-05-06,OUTLET_1,PROD_014,Clothing,State_A,DEPT_01,127.0,33
2025-05-06,OUTLET_1,PROD_015,Electronics,State_A,DEPT_01,132.5,19
2025-05-06,OUTLET_1,PROD_016,Home,State_A,DEPT_01,138.0,23
2025-05-06,OUTLET_1,PROD_017,Clothing,State_A,DEPT_01,143.5,22
2025-05-06,OUTLET_1,PROD_018,Electronics,State_A,DEPT_01,149.0,28
2025-05-06,OUTLET_1,PROD_019,Home,State_A,DEPT_01,154.5,28
2025-05-06,OUTLET_2,PROD_000,Electronics,State_B,DEPT_01,50.0,14
2025-05-06,OUTLET_2,PROD_001,Home,State_B,DEPT_01,55.5,19
2025-05-06,OUTLET_2,PROD_002,Clothing,State_B,DEPT_01,61.0,27
2025-05-06,OUTLET_2,PROD_003,Electronics,State_B,DEPT_01,66.5,33
2025-05-06,OUTLET_2,PROD_004,Home,State_B,DEPT_01,72.0,36
2025-05-06,OUTLET_2,PROD_005,Clothing,State_B,DEPT_01,77.5,17
2025-05-06,OUTLET_2,PROD_006,Electronics,State_B,DEPT_01,83.0,18
2025-05-06,OUTLET_2,PROD_007,Home,State_B,DEPT_01,88.5,20
2025-05-06,OUTLET_2,PROD_008,Clothing,State_B,DEPT_01,94.0,30
2025-05-06,OUTLET_2,PROD_009,Electronics,State_B,DEPT_01,99.5,37
2025-05-06,OUTLET_2,PROD_010,Home,State_B,DEPT_01,105.0,6
2025-05-06,OUTLET_2,PROD_011,Clothing,State_B,DEPT_01,110.5,19
2025-05-06,OUTLET_2,PROD_012,Electronics,State_B,DEPT_01,116.0,19
2025-05-06,OUTLET_2,PROD_013,Home,State_B,DEPT_01,121.5,26
2025-05-06,OUTLET_2,PROD_014,Clothing,State_B,DEPT_01,127.0,34
2025-05-06,OUTLET_2,PROD_015,Electronics,State_B,DEPT_01,132.5,18
2025-05-06,OUTLET_2,PROD_016,Home,State_B,DEPT_01,138.0,19
2025-05-06,OUTLET_2,PROD_017,Clothing,State_B,DEPT_01,143.5,26
2025-05-06,OUTLET_2,PROD_018,Electronics,State_B,DEPT_01,149.0,30
2025-05-06,OUTLET_2,PROD_019,Home,State_B,DEPT_01,154.5,32
2025-05-07,OUTLET_1,PROD_000,Electronics,State_A,DEPT_01,50.0,15
2025-05-07,OUTLET_1,PROD_001,Home,State_A,DEPT_01,55.5,15
2025-05-07,OUTLET_1,PROD_002,Clothing,State_A,DEPT_01,61.0,24
2025-05-07,OUTLET_1,PROD_003,Electronics,State_A,DEPT_01,66.5,33
2025-05-07,OUTLET_1,PROD_004,Home,State_A,DEPT_01,72.0,34
2025-05-07,OUTLET_1,PROD_005,Clothing,State_A,DEPT_01,77.5,14
2025-05-07,OUTLET_1,PROD_006,Electronics,State_A,DEPT_01,83.0,18
2025-05-07,OUTLET_1,PROD_007,Home,State_A,DEPT_01,88.5,19
2025-05-07,OUTLET_1,PROD_008,Clothing,State_A,DEPT_01,94.0,28
2025-05-07,OUTLET_1,PROD_009,Electronics,State_A,DEPT_01,99.5,36
2025-05-07,OUTLET_1,PROD_010,Home,State_A,DEPT_01,105.0,15
2025-05-07,OUTLET_1,PROD_011,Clothing,State_A,DEPT_01,110.5,15
2025-05-07,OUTLET_1,PROD_012,Electronics,State_A,DEPT_01,116.0,18
2025-05-07,OUTLET_1,PROD_013,Home,State_A,DEPT_01,121.5,27
2025-05-07,OUTLET_1,PROD_014,Clothing,State_A,DEPT_01,127.0,33
2025-05-07,OUTLET_1,PROD_015,Electronics,State_A,DEPT_01,132.5,13
2025-05-07,OUTLET_1,PROD_016,Home,State_A,DEPT_01,138.0,18
2025-05-07,OUTLET_1,PROD_017,Clothing,State_A,DEPT_01,143.5,24
2025-05-07,OUTLET_1,PROD_018,Electronics,State_A,DEPT_01,149.0,30
2025-05-07,OUTLET_1,PROD_019,Home,State_A,DEPT_01,154.5,32
2025-05-07,OUTLET_2,PROD_000,Electronics,State_B,DEPT_01,50.0,11
2025-05-07,OUTLET_2,PROD_001,Home,State_B,DEPT_01,55.5,20
2025-05-07,OUTLET_2,PROD_002,Clothing,State_B,DEPT_01,61.0,26
2025-05-07,OUTLET_2,PROD_003,Electronics,State_B,DEPT_01,66.5,27
2025-05-07,OUTLET_2,PROD_004,Home,State_B,DEPT_01,72.0,40
2025-05-07,OUTLET_2,PROD_005,Clothing,State_B,DEPT_01,77.5,18
2025-05-07,OUTLET_2,PROD_006,Electronics,State_B,DEPT_01,83.0,15
2025-05-07,OUTLET_2,PROD_007,Home,State_B,DEPT_01,88.5,19
2025-05-07,OUTLET_2,PROD_008,Clothing,State_B,DEPT_01,94.0,28
2025-05-07,OUTLET_2,PROD_009,Electronics,State_B,DEPT_01,99.5,34
2025-05-07,OUTLET_2,PROD_010,Home,State_B,DEPT_01,105.0,20
2025-05-07,OUTLET_2,PROD_011,Clothing,State_B,DEPT_01,110.5,25
2025-05-07,OUTLET_2,PROD_012,Electronics,State_B,DEPT_01,116.0,26
2025-05-07,OUTLET_2,PROD_013,Home,State_B,DEPT_01,121.5,28
2025-05-07,OUTLET_2,PROD_014,Clothing,State_B,DEPT_01,127.0,37
2025-05-07,OUTLET_2,PROD_015,Electronics,State_B,DEPT_01,132.5,14
2025-05-07,OUTLET_2,PROD_016,Home,State_B,DEPT_01,138.0,15
2025-05-07,OUTLET_2,PROD_017,Clothing,State_B,DEPT_01,143.5,20
2025-05-07,OUTLET_2,PROD_018,Electronics,State_B,DEPT_01,149.0,28
2025-05-07,OUTLET_2,PROD_019,Home,State_B,DEPT_01,154.5,37
2025-05-08,OUTLET_1,PROD_000,Electronics,State_A,DEPT_01,50.0,11
2025-05-08,OUTLET_1,PROD_001,Home,State_A,DEPT_01,55.5,18
2025-05-08,OUTLET_1,PROD_002,Clothing,State_A,DEPT_01,61.0,28
2025-05-08,OUTLET_1,PROD_003,Electronics,State_A,DEPT_01,66.5,30
2025-05-08,OUTLET_1,PROD_004,Home,State_A,DEPT_01,72.0,39
2025-05-08,OUTLET_1,PROD_005,Clothing,State_A,DEPT_01,77.5,15
2025-05-08,OUTLET_1,PROD_006,Electronics,State_A,DEPT_01,83.0,22
2025-05-08,OUTLET_1,PROD_007,Home,State_A,DEPT_01,88.5,23
2025-05-08,OUTLET_1,PROD_008,Clothing,State_A,DEPT_01,94.0,33
2025-05-08,OUTLET_1,PROD_009,Electronics,State_A,DEPT_01,99.5,36
2025-05-08,OUTLET_1,PROD_010,Home,State_A,DEPT_01,105.0,13
2025-05-08,OUTLET_1,PROD_011,Clothing,State_A,DEPT_01,110.5,23
2025-05-08,OUTLET_1,PROD_012,Electronics,State_A,DEPT_01,116.0,26
2025-05-08,OUTLET_1,PROD_013,Home,State_A,DEPT_01,121.5,29
2025-05-08,OUTLET_1,PROD_014,Clothing,State_A,DEPT_01,127.0,35
2025-05-08,OUTLET_1,PROD_015,Electronics,State_A,DEPT_01,132.5,11
2025-05-08,OUTLET_1,PROD_016,Home,State_A,DEPT_01,138.0,22
2025-05-08,OUTLET_1,PROD_017,Clothing,State_A,DEPT_01,143.5,30
2025-05-08,OUTLET_1,PROD_018,Electronics,State_A,DEPT_01,149.0,24
2025-05-08,OUTLET_1,PROD_019,Home,State_A,DEPT_01,154.5,32
2025-05-08,OUTLET_2,PROD_000,Electronics,State_B,DEPT_01,50.0,12
2025-05-08,OUTLET_2,PROD_001,Home,State_B,DEPT_01,55.5,21
2025-05-08,OUTLET_2,PROD_002,Clothing,State_B,DEPT_01,61.0,24
2025-05-08,OUTLET_2,PROD_003,Electronics,State_B,DEPT_01,66.5,27
2025-05-08,OUTLET_2,PROD_004,Home,State_B,DEPT_01,72.0,33
2025-05-08,OUTLET_2,PROD_005,Clothing,State_B,DEPT_01,77.5,12
2025-05-08,OUTLET_2,PROD_006,Electronics,State_B,DEPT_01,83.0,21
2025-05-08,OUTLET_2,PROD_007,Home,State_B,DEPT_01,88.5,24
2025-05-08,OUTLET_2,PROD_008,Clothing,State_B,DEPT_01,94.0,28
2025-05-08,OUTLET_2,PROD_009,Electronics,State_B,DEPT_01,99.5,32
2025-05-08,OUTLET_2,PROD_010,Home,State_B,DEPT_01,105.0,18
2025-05-08,OUTLET_2,PROD_011,Clothing,State_B,DEPT_01,110.5,22
2025-05-08,OUTLET_2,PROD_012,Electronics,State_B,DEPT_01,116.0,26
2025-05-08,OUTLET_2,PROD_013,Home,State_B,DEPT_01,121.5,32
2025-05-08,OUTLET_2,PROD_014,Clothing,State_B,DEPT_01,127.0,30
2025-05-08,OUTLET_2,PROD_015,Electronics,State_B,DEPT_01,132.5,11
2025-05-08,OUTLET_2,PROD_016,Home,State_B,DEPT_01,138.0,15
2025-05-08,OUTLET_2,PROD_017,Clothing,State_B,DEPT_01,143.5,24
2025-05-08,OUTLET_2,PROD_018,Electronics,State_B,DEPT_01,149.0,32
2025-05-08,OUTLET_2,PROD_019,Home,State_B,DEPT_01,154.5,32
2025-05-09,OUTLET_1,PROD_000,Electronics,State_A,DEPT_01,50.0,17
2025-05-09,OUTLET_1,PROD_001,Home,State_A,DEPT_01,55.5,17
2025-05-09,OUTLET_1,PROD_002,Clothing,State_A,DEPT_01,61.0,23
2025-05-09,OUTLET_1,PROD_003,Electronics,State_A,DEPT_01,66.5,27
2025-05-09,OUTLET_1,PROD_004,Home,State_A,DEPT_01,72.0,33
2025-05-09,OUTLET_1,PROD_005,Clothing,State_A,DEPT_01,77.5,13
2025-05-09,OUTLET_1,PROD_006,Electronics,State_A,DEPT_01,83.0,13
2025-05-09,OUTLET_1,PROD_007,Home,State_A,DEPT_01,88.5,25
2025-05-09,OUTLET_1,PROD_008,Clothing,State_A,DEPT_01,94.0,28
2025-05-09,OUTLET_1,PROD_009,Electronics,State_A,DEPT_01,99.5,38
2025-05-09,OUTLET_1,PROD_010,Home,State_A,DEPT_01,105.0,15
2025-05-09,OUTLET_1,PROD_011,Clothing,State_A,DEPT_01,110.5,20
2025-05-09,OUTLET_1,PROD_012,Electronics,State_A,DEPT_01,116.0,28
2025-05-09,OUTLET_1,PROD_013,Home,State_A,DEPT_01,121.5,33
2025-05-09,OUTLET_1,PROD_014,Clothing,State_A,DEPT_01,127.0,38
2025-05-09,OUTLET_1,PROD_015,Electronics,State_A,DEPT_01,132.5,12
2025-05-09,OUTLET_1,PROD_016,Home,State_A,DEPT_01,138.0,15
2025-05-09,OUTLET_1,PROD_017,Clothing,State_A,DEPT_01,143.5,18
2025-05-09,OUTLET_1,PROD_018,Electronics,State_A,DEPT_01,149.0,32
2025-05-09,OUTLET_1,PROD_019,Home,State_A,DEPT_01,154.5,28
2025-05-09,OUTLET_2,PROD_000,Electronics,State_B,DEPT_01,50.0,14
2025-05-09,OUTLET_2,PROD_001,Home,State_B,DEPT_01,55.5,61
2025-05-09,OUTLET_2,PROD_002,Clothing,State_B,DEPT_01,61.0,22
2025-05-09,OUTLET_2,PROD_003,Electronics,State_B,DEPT_01,66.5,32
2025-05-09,OUTLET_2,PROD_004,Home,State_B,DEPT_01,72.0,33
2025-05-09,OUTLET_2,PROD_005,Clothing,State_B,DEPT_01,77.5,13
2025-05-09,OUTLET_2,PROD_006,Electronics,State_B,DEPT_01,83.0,54
2025-05-09,OUTLET_2,PROD_007,Home,State_B,DEPT_01,88.5,25
2025-05-09,OUTLET_2,PROD_008,Clothing,State_B,DEPT_01,94.0,26
2025-05-09,OUTLET_2,PROD_009,Electronics,State_B,DEPT_01,99.5,30
2025-05-09,OUTLET_2,PROD_010,Home,State_B,DEPT_01,105.0,12
2025-05-09,OUTLET_2,PROD_011,Clothing,State_B,DEPT_01,110.5,17
2025-05-09,OUTLET_2,PROD_012,Electronics,State_B,DEPT_01,116.0,21
2025-05-09,OUTLET_2,PROD_013,Home,State_B,DEPT_01,121.5,28
2025-05-09,OUTLET_2,PROD_014,Clothing,State_B,DEPT_01,127.0,30
2025-05-09,OUTLET_2,PROD_015,Electronics,State_B,DEPT_01,132.5,16
2025-05-09,OUTLET_2,PROD_016,Home,State_B,DEPT_01,138.0,18
2025-05-09,OUTLET_2,PROD_017,Clothing,State_B,DEPT_01,143.5,24
2025-05-09,OUTLET_2,PROD_018,Electronics,State_B,DEPT_01,149.0,26
2025-05-09,OUTLET_2,PROD_019,Home,State_B,DEPT_01,154.5,33
2025-05-10,OUTLET_1,PROD_000,Electronics,State_A,DEPT_01,50.0,57
2025-05-10,OUTLET_1,PROD_001,Home,State_A,DEPT_01,55.5,19
2025-05-10,OUTLET_1,PROD_002,Clothing,State_A,DEPT_01,61.0,31
2025-05-10,OUTLET_1,PROD_003,Electronics,State_A,DEPT_01,66.5,33
2025-05-10,OUTLET_1,PROD_004,Home,State_A,DEPT_01,72.0,31
2025-05-10,OUTLET_1,PROD_005,Clothing,State_A,DEPT_01,77.5,15
2025-05-10,OUTLET_1,PROD_006,Electronics,State_A,DEPT_01,83.0,20
2025-05-10,OUTLET_1,PROD_007,Home,State_A,DEPT_01,88.5,21
2025-05-10,OUTLET_1,PROD_008,Clothing,State_A,DEPT_01,94.0,30
2025-05-10,OUTLET_1,PROD_009,Electronics,State_A,DEPT_01,99.5,32
2025-05-10,OUTLET_1,PROD_010,Home,State_A,DEPT_01,105.0,13
2025-05-10,OUTLET_1,PROD_011,Clothing,State_A,DEPT_01,110.5,15
2025-05-10,OUTLET_1,PROD_012,Electronics,State_A,DEPT_01,116.0,25
2025-05-10,OUTLET_1,PROD_013,Home,State_A,DEPT_01,121.5,27
2025-05-10,OUTLET_1,PROD_014,Clothing,State_A,DEPT_01,127.0,38
2025-05-10,OUTLET_1,PROD_015,Electronics,State_A,DEPT_01,132.5,13
2025-05-10,OUTLET_1,PROD_016,Home,State_A,DEPT_01,138.0,23
2025-05-10,OUTLET_1,PROD_017,Clothing,State_A,DEPT_01,143.5,22
2025-05-10,OUTLET_1,PROD_018,Electronics,State_A,DEPT_01,149.0,27
2025-05-10,OUTLET_1,PROD_019,Home,State_A,DEPT_01,154.5,36
2025-05-10,OUTLET_2,PROD_000,Electronics,State_B,DEPT_01,50.0,11
2025-05-10,OUTLET_2,PROD_001,Home,State_B,DEPT_01,55.5,19
2025-05-10,OUTLET_2,PROD_002,Clothing,State_B,DEPT_01,61.0,21
2025-05-10,OUTLET_2,PROD_003,Electronics,State_B,DEPT_01,66.5,35
2025-05-10,OUTLET_2,PROD_004,Home,State_B,DEPT_01,72.0,38
2025-05-10,OUTLET_2,PROD_005,Clothing,State_B,DEPT_01,77.5,14
2025-05-10,OUTLET_2,PROD_006,Electronics,State_B,DEPT_01,83.0,17
2025-05-10,OUTLET_2,PROD_007,Home,State_B,DEPT_01,88.5,20
2025-05-10,OUTLET_2,PROD_008,Clothing,State_B,DEPT_01,94.0,27
2025-05-10,OUTLET_2,PROD_009,Electronics,State_B,DEPT_01,99.5,34
2025-05-10,OUTLET_2,PROD_010,Home,State_B,DEPT_01,105.0,10
2025-05-10,OUTLET_2,PROD_011,Clothing,State_B,DEPT_01,110.5,20
2025-05-10,OUTLET_2,PROD_012,Electronics,State_B,DEPT_01,116.0,27
2025-05-10,OUTLET_2,PROD_013,Home,State_B,DEPT_01,121.5,31
2025-05-10,OUTLET_2,PROD_014,Clothing,State_B,DEPT_01,127.0,31
2025-05-10,OUTLET_2,PROD_015,Electronics,State_B,DEPT_01,132.5,16
2025-05-10,OUTLET_2,PROD_016,Home,State_B,DEPT_01,138.0,19
2025-05-10,OUTLET_2,PROD_017,Clothing,State_B,DEPT_01,143.5,26
2025-05-10,OUTLET_2,PROD_018,Electronics,State_B,DEPT_01,149.0,31
2025-05-10,OUTLET_2,PROD_019,Home,State_B,DEPT_01,154.5,37
2025-05-11,OUTLET_1,PROD_000,Electronics,State_A,DEPT_01,50.0,12
2025-05-11,OUTLET_1,PROD_001,Home,State_A,DEPT_01,55.5,23
2025-05-11,OUTLET_1,PROD_002,Clothing,State_A,DEPT_01,61.0,21
2025-05-11,OUTLET_1,PROD_003,Electronics,State_A,DEPT_01,66.5,25
2025-05-11,OUTLET_1,PROD_004,Home,State_A,DEPT_01,72.0,33
2025-05-11,OUTLET_1,PROD_005,Clothing,State_A,DEPT_01,77.5,11
2025-05-11,OUTLET_1,PROD_006,Electronics,State_A,DEPT_01,83.0,20
2025-05-11,OUTLET_1,PROD_007,Home,State_A,DEPT_01,88.5,22
2025-05-11,OUTLET_1,PROD_008,Clothing,State_A,DEPT_01,94.0,30
2025-05-11,OUTLET_1,PROD_009,Electronics,State_A,DEPT_01,99.5,32
2025-05-11,OUTLET_1,PROD_010,Home,State_A,DEPT_01,105.0,15
2025-05-11,OUTLET_1,PROD_011,Clothing,State_A,DEPT_01,110.5,20
2025-05-11,OUTLET_1,PROD_012,Electronics,State_A,DEPT_01,116.0,22
2025-05-11,OUTLET_1,PROD_013,Home,State_A,DEPT_01,121.5,30
2025-05-11,OUTLET_1,PROD_014,Clothing,State_A,DEPT_01,127.0,28
2025-05-11,OUTLET_1,PROD_015,Electronics,State_A,DEPT_01,132.5,8
2025-05-11,OUTLET_1,PROD_016,Home,State_A,DEPT_01,138.0,17
2025-05-11,OUTLET_1,PROD_017,Clothing,State_A,DEPT_01,143.5,24
2025-05-11,OUTLET_1,PROD_018,Electronics,State_A,DEPT_01,149.0,28
2025-05-11,OUTLET_1,PROD_019,Home,State_A,DEPT_01,154.5,35
2025-05-11,OUTLET_2,PROD_000,Electronics,State_B,DEPT_01,50.0,14
2025-05-11,OUTLET_2,PROD_001,Home,State_B,DEPT_01,55.5,19
2025-05-11,OUTLET_2,PROD_002,Clothing,State_B,DEPT_01,61.0,21
2025-05-11,OUTLET_2,PROD_003,Electronics,State_B,DEPT_01,66.5,31
2025-05-11,OUTLET_2,PROD_004,Home,State_B,DEPT_01,72.0,33
2025-05-11,OUTLET_2,PROD_005,Clothing,State_B,DEPT_01,77.5,65
2025-05-11,OUTLET_2,PROD_006,Electronics,State_B,DEPT_01,83.0,45
2025-05-11,OUTLET_2,PROD_007,Home,State_B,DEPT_01,88.5,28
2025-05-11,OUTLET_2,PROD_008,Clothing,State_B,DEPT_01,94.0,27
2025-05-11,OUTLET_2,PROD_009,Electronics,State_B,DEPT_01,99.5,33
2025-05-11,OUTLET_2,PROD_010,Home,State_B,DEPT_01,105.0,12
2025-05-11,OUTLET_2,PROD_011,Clothing,State_B,DEPT_01,110.5,20
2025-05-11,OUTLET_2,PROD_012,Electronics,State_B,DEPT_01,116.0,20
2025-05-11,OUTLET_2,PROD_013,Home,State_B,DEPT_01,121.5,28
2025-05-11,OUTLET_2,PROD_014,Clothing,State_B,DEPT_01,127.0,33
2025-05-11,OUTLET_2,PROD_015,Electronics,State_B,DEPT_01,132.5,15
2025-05-11,OUTLET_2,PROD_016,Home,State_B,DEPT_01,138.0,16
2025-05-11,OUTLET_2,PROD_017,Clothing,State_B,DEPT_01,143.5,17
2025-05-11,OUTLET_2,PROD_018,Electronics,State_B,DEPT_01,149.0,28
2025-05-11,OUTLET_2,PROD_019,Home,State_B,DEPT_01,154.5,29
2025-05-12,OUTLET_1,PROD_000,Electronics,State_A,DEPT_01,50.0,15
2025-05-12,OUTLET_1,PROD_001,Home,State_A,DEPT_01,55.5,21
2025-05-12,OUTLET_1,PROD_002,Clothing,State_A,DEPT_01,61.0,23
2025-05-12,OUTLET_1,PROD_003,Electronics,State_A,DEPT_01,66.5,65
2025-05-12,OUTLET_1,PROD_004,Home,State_A,DEPT_01,72.0,25
2025-05-12,OUTLET_1,PROD_005,Clothing,State_A,DEPT_01,77.5,11
2025-05-12,OUTLET_1,PROD_006,Electronics,State_A,DEPT_01,83.0,14
2025-05-12,OUTLET_1,PROD_007,Home,State_A,DEPT_01,88.5,25
2025-05-12,OUTLET_1,PROD_008,Clothing,State_A,DEPT_01,94.0,29
2025-05-12,OUTLET_1,PROD_009,Electronics,State_A,DEPT_01,99.5,34
2025-05-12,OUTLET_1,PROD_010,Home,State_A,DEPT_01,105.0,13
2025-05-12,OUTLET_1,PROD_011,Clothing,State_A,DEPT_01,110.5,17
2025-05-12,OUTLET_1,PROD_012,Electronics,State_A,DEPT_01,116.0,21
2025-05-12,OUTLET_1,PROD_013,Home,State_A,DEPT_01,121.5,29
2025-05-12,OUTLET_1,PROD_014,Clothing,State_A,DEPT_01,127.0,35
2025-05-12,OUTLET_1,PROD_015,Electronics,State_A,DEPT_01,132.5,12
2025-05-12,OUTLET_1,PROD_016,Home,State_A,DEPT_01,138.0,16
2025-05-12,OUTLET_1,PROD_017,Clothing,State_A,DEPT_01,143.5,23
2025-05-12,OUTLET_1,PROD_018,Electronics,State_A,DEPT_01,149.0,27
2025-05-12,OUTLET_1,PROD_019,Home,State_A,DEPT_01,154.5,36
2025-05-12,OUTLET_2,PROD_000,Electronics,State_B,DEPT_01,50.0,16
2025-05-12,OUTLET_2,PROD_001,Home,State_B,DEPT_01,55.5,20
2025-05-12,OUTLET_2,PROD_002,Clothing,State_B,DEPT_01,61.0,23
2025-05-12,OUTLET_2,PROD_003,Electronics,State_B,DEPT_01,66.5,30
2025-05-12,OUTLET_2,PROD_004,Home,State_B,DEPT_01,72.0,32
2025-05-12,OUTLET_2,PROD_005,Clothing,State_B,DEPT_01,77.5,16
2025-05-12,OUTLET_2,PROD_006,Electronics,State_B,DEPT_01,83.0,21
2025-05-12,OUTLET_2,PROD_007,Home,State_B,DEPT_01,88.5,23
2025-05-12,OUTLET_2,PROD_008,Clothing,State_B,DEPT_01,94.0,27
2025-05-12,OUTLET_2,PROD_009,Electronics,State_B,DEPT_01,99.5,34
2025-05-12,OUTLET_2,PROD_010,Home,State_B,DEPT_01,105.0,10
2025-05-12,OUTLET_2,PROD_011,Clothing,State_B,DEPT_01,110.5,19
2025-05-12,OUTLET_2,PROD_012,Electronics,State_B,DEPT_01,116.0,23
2025-05-12,OUTLET_2,PROD_013,Home,State_B,DEPT_01,121.5,31
2025-05-12,OUTLET_2,PROD_014,Clothing,State_B,DEPT_01,127.0,33
2025-05-12,OUTLET_2,PROD_015,Electronics,State_B,DEPT_01,132.5,13
2025-05-12,OUTLET_2,PROD_016,Home,State_B,DEPT_01,138.0,14
2025-05-12,OUTLET_2,PROD_017,Clothing,State_B,DEPT_01,143.5,25
2025-05-12,OUTLET_2,PROD_018,Electronics,State_B,DEPT_01,149.0,29
2025-05-12,OUTLET_2,PROD_019,Home,State_B,DEPT_01,154.5,33
2025-05-13,OUTLET_1,PROD_000,Electronics,State_A,DEPT_01,50.0,13
2025-05-13,OUTLET_1,PROD_001,Home,State_A,DEPT_01,55.5,18
2025-05-13,OUTLET_1,PROD_002,Clothing,State_A,DEPT_01,61.0,23
2025-05-13,OUTLET_1,PROD_003,Electronics,State_A,DEPT_01,66.5,30
2025-05-13,OUTLET_1,PROD_004,Home,State_A,DEPT_01,72.0,36
2025-05-13,OUTLET_1,PROD_005,Clothing,State_A,DEPT_01,77.5,12
2025-05-13,OUTLET_1,PROD_006,Electronics,State_A,DEPT_01,83.0,16
2025-05-13,OUTLET_1,PROD_007,Home,State_A,DEPT_01,88.5,24
2025-05-13,OUTLET_1,PROD_008,Clothing,State_A,DEPT_01,94.0,28
2025-05-13,OUTLET_1,PROD_009,Electronics,State_A,DEPT_01,99.5,31
2025-05-13,OUTLET_1,PROD_010,Home,State_A,DEPT_01,105.0,13
2025-05-13,OUTLET_1,PROD_011,Clothing,State_A,DEPT_01,110.5,20
2025-05-13,OUTLET_1,PROD_012,Electronics,State_A,DEPT_01,116.0,18
2025-05-13,OUTLET_1,PROD_013,Home,State_A,DEPT_01,121.5,35
2025-05-13,OUTLET_1,PROD_014,Clothing,State_A,DEPT_01,127.0,37
2025-05-13,OUTLET_1,PROD_015,Electronics,State_A,DEPT_01,132.5,11
2025-05-13,OUTLET_1,PROD_016,Home,State_A,DEPT_01,138.0,14
2025-05-13,OUTLET_1,PROD_017,Clothing,State_A,DEPT_01,143.5,24
2025-05-13,OUTLET_1,PROD_018,Electronics,State_A,DEPT_01,149.0,30
2025-05-13,OUTLET_1,PROD_019,Home,State_A,DEPT_01,154.5,30
2025-05-13,OUTLET_2,PROD_000,Electronics,State_B,DEPT_01,50.0,18
2025-05-13,OUTLET_2,PROD_001,Home,State_B,DEPT_01,55.5,17
2025-05-13,OUTLET_2,PROD_002,Clothing,State_B,DEPT_01,61.0,22
2025-05-13,OUTLET_2,PROD_003,Electronics,State_B,DEPT_01,66.5,26
2025-05-13,OUTLET_2,PROD_004,Home,State_B,DEPT_01,72.0,36
2025-05-13,OUTLET_2,PROD_005,Clothing,State_B,DEPT_01,77.5,16
2025-05-13,OUTLET_2,PROD_006,Electronics,State_B,DEPT_01,83.0,15
2025-05-13,OUTLET_2,PROD_007,Home,State_B,DEPT_01,88.5,23
2025-05-13,OUTLET_2,PROD_008,Clothing,State_B,DEPT_01,94.0,29
2025-05-13,OUTLET_2,PROD_009,Electronics,State_B,DEPT_01,99.5,37
2025-05-13,OUTLET_2,PROD_010,Home,State_B,DEPT_01,105.0,8
2025-05-13,OUTLET_2,PROD_011,Clothing,State_B,DEPT_01,110.5,16
2025-05-13,OUTLET_2,PROD_012,Electronics,State_B,DEPT_01,116.0,22
2025-05-13,OUTLET_2,PROD_013,Home,State_B,DEPT_01,121.5,22
2025-05-13,OUTLET_2,PROD_014,Clothing,State_B,DEPT_01,127.0,33
2025-05-13,OUTLET_2,PROD_015,Electronics,State_B,DEPT_01,132.5,15
2025-05-13,OUTLET_2,PROD_016,Home,State_B,DEPT_01,138.0,17
2025-05-13,OUTLET_2,PROD_017,Clothing,State_B,DEPT_01,143.5,23
2025-05-13,OUTLET_2,PROD_018,Electronics,State_B,DEPT_01,149.0,27
2025-05-13,OUTLET_2,PROD_019,Home,State_B,DEPT_01,154.5,34
2025-05-14,OUTLET_1,PROD_000,Electronics,State_A,DEPT_01,50.0,16
2025-05-14,OUTLET_1,PROD_001,Home,State_A,DEPT_01,55.5,14
2025-05-14,OUTLET_1,PROD_002,Clothing,State_A,DEPT_01,61.0,18
2025-05-14,OUTLET_1,PROD_003,Electronics,State_A,DEPT_01,66.5,29
2025-05-14,OUTLET_1,PROD_004,Home,State_A,DEPT_01,72.0,34
2025-05-14,OUTLET_1,PROD_005,Clothing,State_A,DEPT_01,77.5,16
2025-05-14,OUTLET_1,PROD_006,Electronics,State_A,DEPT_01,83.0,19
2025-05-14,OUTLET_1,PROD_007,Home,State_A,DEPT_01,88.5,25
2025-05-14,OUTLET_1,PROD_008,Clothing,State_A,DEPT_01,94.0,26
2025-05-14,OUTLET_1,PROD_009,Electronics,State_A,DEPT_01,99.5,36
2025-05-14,OUTLET_1,PROD_010,Home,State_A,DEPT_01,105.0,11
2025-05-14,OUTLET_1,PROD_011,Clothing,State_A,DEPT_01,110.5,13
2025-05-14,OUTLET_1,PROD_012,Electronics,State_A,DEPT_01,116.0,20
2025-05-14,OUTLET_1,PROD_013,Home,State_A,DEPT_01,121.5,63
2025-05-14,OUTLET_1,PROD_014,Clothing,State_A,DEPT_01,127.0,37
2025-05-14,OUTLET_1,PROD_015,Electronics,State_A,DEPT_01,132.5,11
2025-05-14,OUTLET_1,PROD_016,Home,State_A,DEPT_01,138.0,17
2025-05-14,OUTLET_1,PROD_017,Clothing,State_A,DEPT_01,143.5,25
2025-05-14,OUTLET_1,PROD_018,Electronics,State_A,DEPT_01,149.0,29
2025-05-14,OUTLET_1,PROD_019,Home,State_A,DEPT_01,154.5,27
2025-05-14,OUTLET_2,PROD_000,Electronics,State_B,DEPT_01,50.0,9
2025-05-14,OUTLET_2,PROD_001,Home,State_B,DEPT_01,55.5,19
2025-05-14,OUTLET_2,PROD_002,Clothing,State_B,DEPT_01,61.0,20
2025-05-14,OUTLET_2,PROD_003,Electronics,State_B,DEPT_01,66.5,26
2025-05-14,OUTLET_2,PROD_004,Home,State_B,DEPT_01,72.0,35
2025-05-14,OUTLET_2,PROD_005,Clothing,State_B,DEPT_01,77.5,17
2025-05-14,OUTLET_2,PROD_006,Electronics,State_B,DEPT_01,83.0,23
2025-05-14,OUTLET_2,PROD_007,Home,State_B,DEPT_01,88.5,22
2025-05-14,OUTLET_2,PROD_008,Clothing,State_B,DEPT_01,94.0,30
2025-05-14,OUTLET_2,PROD_009,Electronics,State_B,DEPT_01,99.5,36
2025-05-14,OUTLET_2,PROD_010,Home,State_B,DEPT_01,105.0,11
2025-05-14,OUTLET_2,PROD_011,Clothing,State_B,DEPT_01,110.5,20
2025-05-14,OUTLET_2,PROD_012,Electronics,State_B,DEPT_01,116.0,25
2025-05-14,OUTLET_2,PROD_013,Home,State_B,DEPT_01,121.5,30
2025-05-14,OUTLET_2,PROD_014,Clothing,State_B,DEPT_01,127.0,35
2025-05-14,OUTLET_2,PROD_015,Electronics,State_B,DEPT_01,132.5,17
2025-05-14,OUTLET_2,PROD_016,Home,State_B,DEPT_01,138.0,13
2025-05-14,OUTLET_2,PROD_017,Clothing,State_B,DEPT_01,143.5,22
2025-05-14,OUTLET_2,PROD_018,Electronics,State_B,DEPT_01,149.0,32
2025-05-14,OUTLET_2,PROD_019,Home,State_B,DEPT_01,154.5,29
2025-05-15,OUTLET_1,PROD_000,Electronics,State_A,DEPT_01,50.0,7
2025-05-15,OUTLET_1,PROD_001,Home,State_A,DEPT_01,55.5,14
2025-05-15,OUTLET_1,PROD_002,Clothing,State_A,DEPT_01,61.0,27
2025-05-15,OUTLET_1,PROD_003,Electronics,State_A,DEPT_01,66.5,29
2025-05-15,OUTLET_1,PROD_004,Home,State_A,DEPT_01,72.0,37
2025-05-15,OUTLET_1,PROD_005,Clothing,State_A,DEPT_01,77.5,12
2025-05-15,OUTLET_1,PROD_006,Electronics,State_A,DEPT_01,83.0,21
2025-05-15,OUTLET_1,PROD_007,Home,State_A,DEPT_01,88.5,23
2025-05-15,OUTLET_1,PROD_008,Clothing,State_A,DEPT_01,94.0,30
2025-05-15,OUTLET_1,PROD_009,Electronics,State_A,DEPT_01,99.5,30
2025-05-15,OUTLET_1,PROD_010,Home,State_A,DEPT_01,105.0,14
2025-05-15,OUTLET_1,PROD_011,Clothing,State_A,DEPT_01,110.5,19
2025-05-15,OUTLET_1,PROD_012,Electronics,State_A,DEPT_01,116.0,24
2025-05-15,OUTLET_1,PROD_013,Home,State_A,DEPT_01,121.5,35
2025-05-15,OUTLET_1,PROD_014,Clothing,State_A,DEPT_01,127.0,35
2025-05-15,OUTLET_1,PROD_015,Electronics,State_A,DEPT_01,132.5,19
2025-05-15,OUTLET_1,PROD_016,Home,State_A,DEPT_01,138.0,15
2025-05-15,OUTLET_1,PROD_017,Clothing,State_A,DEPT_01,143.5,23
2025-05-15,OUTLET_1,PROD_018,Electronics,State_A,DEPT_01,149.0,22
2025-05-15,OUTLET_1,PROD_019,Home,State_A,DEPT_01,154.5,27
2025-05-15,OUTLET_2,PROD_000,Electronics,State_B,DEPT_01,50.0,9
2025-05-15,OUTLET_2,PROD_001,Home,State_B,DEPT_01,55.5,16
2025-05-15,OUTLET_2,PROD_002,Clothing,State_B,DEPT_01,61.0,28
2025-05-15,OUTLET_2,PROD_003,Electronics,State_B,DEPT_01,66.5,32
2025-05-15,OUTLET_2,PROD_004,Home,State_B,DEPT_01,72.0,34
2025-05-15,OUTLET_2,PROD_005,Clothing,State_B,DEPT_01,77.5,11
2025-05-15,OUTLET_2,PROD_006,Electronics,State_B,DEPT_01,83.0,16
2025-05-15,OUTLET_2,PROD_007,Home,State_B,DEPT_01,88.5,23
2025-05-15,OUTLET_2,PROD_008,Clothing,State_B,DEPT_01,94.0,30
2025-05-15,OUTLET_2,PROD_009,Electronics,State_B,DEPT_01,99.5,37
2025-05-15,OUTLET_2,PROD_010,Home,State_B,DEPT_01,105.0,15
2025-05-15,OUTLET_2,PROD_011,Clothing,State_B,DEPT_01,110.5,13
2025-05-15,OUTLET_2,PROD_012,Electronics,State_B,DEPT_01,116.0,22
2025-05-15,OUTLET_2,PROD_013,Home,State_B,DEPT_01,121.5,24
2025-05-15,OUTLET_2,PROD_014,Clothing,State_B,DEPT_01,127.0,35
2025-05-15,OUTLET_2,PROD_015,Electronics,State_B,DEPT_01,132.5,17
2025-05-15,OUTLET_2,PROD_016,Home,State_B,DEPT_01,138.0,18
2025-05-15,OUTLET_2,PROD_017,Clothing,State_B,DEPT_01,143.5,23
2025-05-15,OUTLET_2,PROD_018,Electronics,State_B,DEPT_01,149.0,25
2025-05-15,OUTLET_2,PROD_019,Home,State_B,DEPT_01,154.5,35
2025-05-16,OUTLET_1,PROD_000,Electronics,State_A,DEPT_01,50.0,17
2025-05-16,OUTLET_1,PROD_001,Home,State_A,DEPT_01,55.5,20
2025-05-16,OUTLET_1,PROD_002,Clothing,State_A,DEPT_01,61.0,22
2025-05-16,OUTLET_1,PROD_003,Electronics,State_A,DEPT_01,66.5,31
2025-05-16,OUTLET_1,PROD_004,Home,State_A,DEPT_01,72.0,33
2025-05-16,OUTLET_1,PROD_005,Clothing,State_A,DEPT_01,77.5,19
2025-05-16,OUTLET_1,PROD_006,Electronics,State_A,DEPT_01,83.0,16
2025-05-16,OUTLET_1,PROD_007,Home,State_A,DEPT_01,88.5,20
2025-05-16,OUTLET_1,PROD_008,Clothing,State_A,DEPT_01,94.0,29
2025-05-16,OUTLET_1,PROD_009,Electronics,State_A,DEPT_01,99.5,33
2025-05-16,OUTLET_1,PROD_010,Home,State_A,DEPT_01,105.0,19
2025-05-16,OUTLET_1,PROD_011,Clothing,State_A,DEPT_01,110.5,16
2025-05-16,OUTLET_1,PROD_012,Electronics,State_A,DEPT_01,116.0,21
2025-05-16,OUTLET_1,PROD_013,Home,State_A,DEPT_01,121.5,21
2025-05-16,OUTLET_1,PROD_014,Clothing,State_A,DEPT_01,127.0,36
2025-05-16,OUTLET_1,PROD_015,Electronics,State_A,DEPT_01,132.5,13
2025-05-16,OUTLET_1,PROD_016,Home,State_A,DEPT_01,138.0,16
2025-05-16,OUTLET_1,PROD_017,Clothing,State_A,DEPT_01,143.5,24
2025-05-16,OUTLET_1,PROD_018,Electronics,State_A,DEPT_01,149.0,31
2025-05-16,OUTLET_1,PROD_019,Home,State_A,DEPT_01,154.5,37
2025-05-16,OUTLET_2,PROD_000,Electronics,State_B,DEPT_01,50.0,15
2025-05-16,OUTLET_2,PROD_001,Home,State_B,DEPT_01,55.5,15
2025-05-16,OUTLET_2,PROD_002,Clothing,State_B,DEPT_01,61.0,20
2025-05-16,OUTLET_2,PROD_003,Electronics,State_B,DEPT_01,66.5,30
2025-05-16,OUTLET_2,PROD_004,Home,State_B,DEPT_01,72.0,31
2025-05-16,OUTLET_2,PROD_005,Clothing,State_B,DEPT_01,77.5,14
2025-05-16,OUTLET_2,PROD_006,Electronics,State_B,DEPT_01,83.0,19
2025-05-16,OUTLET_2,PROD_007,Home,State_B,DEPT_01,88.5,19
2025-05-16,OUTLET_2,PROD_008,Clothing,State_B,DEPT_01,94.0,27
2025-05-16,OUTLET_2,PROD_009,Electronics,State_B,DEPT_01,99.5,26
2025-05-16,OUTLET_2,PROD_010,Home,State_B,DEPT_01,105.0,12
2025-05-16,OUTLET_2,PROD_011,Clothing,State_B,DEPT_01,110.5,22
2025-05-16,OUTLET_2,PROD_012,Electronics,State_B,DEPT_01,116.0,23
2025-05-16,OUTLET_2,PROD_013,Home,State_B,DEPT_01,121.5,26
2025-05-16,OUTLET_2,PROD_014,Clothing,State_B,DEPT_01,127.0,38
2025-05-16,OUTLET_2,PROD_015,Electronics,State_B,DEPT_01,132.5,12
2025-05-16,OUTLET_2,PROD_016,Home,State_B,DEPT_01,138.0,18
2025-05-16,OUTLET_2,PROD_017,Clothing,State_B,DEPT_01,143.5,25
2025-05-16,OUTLET_2,PROD_018,Electronics,State_B,DEPT_01,149.0,31
2025-05-16,OUTLET_2,PROD_019,Home,State_B,DEPT_01,154.5,38
2025-05-17,OUTLET_1,PROD_000,Electronics,State_A,DEPT_01,50.0,12
2025-05-17,OUTLET_1,PROD_001,Home,State_A,DEPT_01,55.5,17
2025-05-17,OUTLET_1,PROD_002,Clothing,State_A,DEPT_01,61.0,24
2025-05-17,OUTLET_1,PROD_003,Electronics,State_A,DEPT_01,66.5,30
2025-05-17,OUTLET_1,PROD_004,Home,State_A,DEPT_01,72.0,34
2025-05-17,OUTLET_1,PROD_005,Clothing,State_A,DEPT_01,77.5,11
2025-05-17,OUTLET_1,PROD_006,Electronics,State_A,DEPT_01,83.0,23
2025-05-17,OUTLET_1,PROD_007,Home,State_A,DEPT_01,88.5,25
2025-05-17,OUTLET_1,PROD_008,Clothing,State_A,DEPT_01,94.0,34
2025-05-17,OUTLET_1,PROD_009,Electronics,State_A,DEPT_01,99.5,40
2025-05-17,OUTLET_1,PROD_010,Home,State_A,DEPT_01,105.0,9
2025-05-17,OUTLET_1,PROD_011,Clothing,State_A,DEPT_01,110.5,19
2025-05-17,OUTLET_1,PROD_012,Electronics,State_A,DEPT_01,116.0,21
2025-05-17,OUTLET_1,PROD_013,Home,State_A,DEPT_01,121.5,29
2025-05-17,OUTLET_1,PROD_014,Clothing,State_A,DEPT_01,127.0,31
2025-05-17,OUTLET_1,PROD_015,Electronics,State_A,DEPT_01,132.5,9
2025-05-17,OUTLET_1,PROD_016,Home,State_A,DEPT_01,138.0,21
2025-05-17,OUTLET_1,PROD_017,Clothing,State_A,DEPT_01,143.5,26
2025-05-17,OUTLET_1,PROD_018,Electronics,State_A,DEPT_01,149.0,29
2025-05-17,OUTLET_1,PROD_019,Home,State_A,DEPT_01,154.5,35
2025-05-17,OUTLET_2,PROD_000,Electronics,State_B,DEPT_01,50.0,19
2025-05-17,OUTLET_2,PROD_001,Home,State_B,DEPT_01,55.5,12
2025-05-17,OUTLET_2,PROD_002,Clothing,State_B,DEPT_01,61.0,20
2025-05-17,OUTLET_2,PROD_003,Electronics,State_B,DEPT_01,66.5,30
2025-05-17,OUTLET_2,PROD_004,Home,State_B,DEPT_01,72.0,29
2025-05-17,OUTLET_2,PROD_005,Clothing,State_B,DEPT_01,77.5,9
2025-05-17,OUTLET_2,PROD_006,Electronics,State_B,DEPT_01,83.0,16
2025-05-17,OUTLET_2,PROD_007,Home,State_B,DEPT_01,88.5,22
2025-05-17,OUTLET_2,PROD_008,Clothing,State_B,DEPT_01,94.0,25
2025-05-17,OUTLET_2,PROD_009,Electronics,State_B,DEPT_01,99.5,34
2025-05-17,OUTLET_2,PROD_010,Home,State_B,DEPT_01,105.0,13
2025-05-17,OUTLET_2,PROD_011,Clothing,State_B,DEPT_01,110.5,16
2025-05-17,OUTLET_2,PROD_012,Electronics,State_B,DEPT_01,116.0,30
2025-05-17,OUTLET_2,PROD_013,Home,State_B,DEPT_01,121.5,24
2025-05-17,OUTLET_2,PROD_014,Clothing,State_B,DEPT_01,127.0,31
2025-05-17,OUTLET_2,PROD_015,Electronics,State_B,DEPT_01,132.5,12
2025-05-17,OUTLET_2,PROD_016,Home,State_B,DEPT_01,138.0,20
2025-05-17,OUTLET_2,PROD_017,Clothing,State_B,DEPT_01,143.5,27
2025-05-17,OUTLET_2,PROD_018,Electronics,State_B,DEPT_01,149.0,23
2025-05-17,OUTLET_2,PROD_019,Home,State_B,DEPT_01,154.5,36
2025-05-18,OUTLET_1,PROD_000,Electronics,State_A,DEPT_01,50.0,9
2025-05-18,OUTLET_1,PROD_001,Home,State_A,DEPT_01,55.5,17
2025-05-18,OUTLET_1,PROD_002,Clothing,State_A,DEPT_01,61.0,24
2025-05-18,OUTLET_1,PROD_003,Electronics,State_A,DEPT_01,66.5,34
2025-05-18,OUTLET_1,PROD_004,Home,State_A,DEPT_01,72.0,33
2025-05-18,OUTLET_1,PROD_005,Clothing,State_A,DEPT_01,77.5,11
2025-05-18,OUTLET_1,PROD_006,Electronics,State_A,DEPT_01,83.0,18
2025-05-18,OUTLET_1,PROD_007,Home,State_A,DEPT_01,88.5,23
2025-05-18,OUTLET_1,PROD_008,Clothing,State_A,DEPT_01,94.0,29
2025-05-18,OUTLET_1,PROD_009,Electronics,State_A,DEPT_01,99.5,41
2025-05-18,OUTLET_1,PROD_010,Home,State_A,DEPT_01,105.0,14
2025-05-18,OUTLET_1,PROD_011,Clothing,State_A,DEPT_01,110.5,12
2025-05-18,OUTLET_1,PROD_012,Electronics,State_A,DEPT_01,116.0,25
2025-05-18,OUTLET_1,PROD_013,Home,State_A,DEPT_01,121.5,29
2025-05-18,OUTLET_1,PROD_014,Clothing,State_A,DEPT_01,127.0,33
2025-05-18,OUTLET_1,PROD_015,Electronics,State_A,DEPT_01,132.5,17
2025-05-18,OUTLET_1,PROD_016,Home,State_A,DEPT_01,138.0,21
2025-05-18,OUTLET_1,PROD_017,Clothing,State_A,DEPT_01,143.5,19
2025-05-18,OUTLET_1,PROD_018,Electronics,State_A,DEPT_01,149.0,27
2025-05-18,OUTLET_1,PROD_019,Home,State_A,DEPT_01,154.5,28
2025-05-18,OUTLET_2,PROD_000,Electronics,State_B,DEPT_01,50.0,8
2025-05-18,OUTLET_2,PROD_001,Home,State_B,DEPT_01,55.5,14
2025-05-18,OUTLET_2,PROD_002,Clothing,State_B,DEPT_01,61.0,24
2025-05-18,OUTLET_2,PROD_003,Electronics,State_B,DEPT_01,66.5,31
2025-05-18,OUTLET_2,PROD_004,Home,State_B,DEPT_01,72.0,36
2025-05-18,OUTLET_2,PROD_005,Clothing,State_B,DEPT_01,77.5,13
2025-05-18,OUTLET_2,PROD_006,Electronics,State_B,DEPT_01,83.0,15
2025-05-18,OUTLET_2,PROD_007,Home,State_B,DEPT_01,88.5,21
2025-05-18,OUTLET_2,PROD_008,Clothing,State_B,DEPT_01,94.0,30
2025-05-18,OUTLET_2,PROD_009,Electronics,State_B,DEPT_01,99.5,27
2025-05-18,OUTLET_2,PROD_010,Home,State_B,DEPT_01,105.0,13
2025-05-18,OUTLET_2,PROD_011,Clothing,State_B,DEPT_01,110.5,14
2025-05-18,OUTLET_2,PROD_012,Electronics,State_B,DEPT_01,116.0,24
2025-05-18,OUTLET_2,PROD_013,Home,State_B,DEPT_01,121.5,30
2025-05-18,OUTLET_2,PROD_014,Clothing,State_B,DEPT_01,127.0,31
2025-05-18,OUTLET_2,PROD_015,Electronics,State_B,DEPT_01,132.5,8
2025-05-18,OUTLET_2,PROD_016,Home,State_B,DEPT_01,138.0,17
2025-05-18,OUTLET_2,PROD_017,Clothing,State_B,DEPT_01,143.5,23
2025-05-18,OUTLET_2,PROD_018,Electronics,State_B,DEPT_01,149.0,70
2025-05-18,OUTLET_2,PROD_019,Home,State_B,DEPT_01,154.5,33
2025-05-19,OUTLET_1,PROD_000,Electronics,State_A,DEPT_01,50.0,16
2025-05-19,OUTLET_1,PROD_001,Home,State_A,DEPT_01,55.5,22
2025-05-19,OUTLET_1,PROD_002,Clothing,State_A,DEPT_01,61.0,21
2025-05-19,OUTLET_1,PROD_003,Electronics,State_A,DEPT_01,66.5,30
2025-05-19,OUTLET_1,PROD_004,Home,State_A,DEPT_01,72.0,37
2025-05-19,OUTLET_1,PROD_005,Clothing,State_A,DEPT_01,77.5,11
2025-05-19,OUTLET_1,PROD_006,Electronics,State_A,DEPT_01,83.0,15
2025-05-19,OUTLET_1,PROD_007,Home,State_A,DEPT_01,88.5,24
2025-05-19,OUTLET_1,PROD_008,Clothing,State_A,DEPT_01,94.0,23
2025-05-19,OUTLET_1,PROD_009,Electronics,State_A,DEPT_01,99.5,36
2025-05-19,OUTLET_1,PROD_010,Home,State_A,DEPT_01,105.0,10
2025-05-19,OUTLET_1,PROD_011,Clothing,State_A,DEPT_01,110.5,17
2025-05-19,OUTLET_1,PROD_012,Electronics,State_A,DEPT_01,116.0,25
2025-05-19,OUTLET_1,PROD_013,Home,State_A,DEPT_01,121.5,30
2025-05-19,OUTLET_1,PROD_014,Clothing,State_A,DEPT_01,127.0,35
2025-05-19,OUTLET_1,PROD_015,Electronics,State_A,DEPT_01,132.5,11
2025-05-19,OUTLET_1,PROD_016,Home,State_A,DEPT_01,138.0,19
2025-05-19,OUTLET_1,PROD_017,Clothing,State_A,DEPT_01,143.5,25
2025-05-19,OUTLET_1,PROD_018,Electronics,State_A,DEPT_01,149.0,26
2025-05-19,OUTLET_1,PROD_019,Home,State_A,DEPT_01,154.5,38
2025-05-19,OUTLET_2,PROD_000,Electronics,State_B,DEPT_01,50.0,12
2025-05-19,OUTLET_2,PROD_001,Home,State_B,DEPT_01,55.5,13
2025-05-19,OUTLET_2,PROD_002,Clothing,State_B,DEPT_01,61.0,22
2025-05-19,OUTLET_2,PROD_003,Electronics,State_B,DEPT_01,66.5,32
2025-05-19,OUTLET_2,PROD_004,Home,State_B,DEPT_01,72.0,30
2025-05-19,OUTLET_2,PROD_005,Clothing,State_B,DEPT_01,77.5,10
2025-05-19,OUTLET_2,PROD_006,Electronics,State_B,DEPT_01,83.0,19
2025-05-19,OUTLET_2,PROD_007,Home,State_B,DEPT_01,88.5,20
2025-05-19,OUTLET_2,PROD_008,Clothing,State_B,DEPT_01,94.0,25
2025-05-19,OUTLET_2,PROD_009,Electronics,State_B,DEPT_01,99.5,31
2025-05-19,OUTLET_2,PROD_010,Home,State_B,DEPT_01,105.0,18
2025-05-19,OUTLET_2,PROD_011,Clothing,State_B,DEPT_01,110.5,19
2025-05-19,OUTLET_2,PROD_012,Electronics,State_B,DEPT_01,116.0,23
2025-05-19,OUTLET_2,PROD_013,Home,State_B,DEPT_01,121.5,26
2025-05-19,OUTLET_2,PROD_014,Clothing,State_B,DEPT_01,127.0,35
2025-05-19,OUTLET_2,PROD_015,Electronics,State_B,DEPT_01,132.5,15
2025-05-19,OUTLET_2,PROD_016,Home,State_B,DEPT_01,138.0,23
2025-05-19,OUTLET_2,PROD_017,Clothing,State_B,DEPT_01,143.5,56
2025-05-19,OUTLET_2,PROD_018,Electronics,State_B,DEPT_01,149.0,30
2025-05-19,OUTLET_2,PROD_019,Home,State_B,DEPT_01,154.5,30
2025-05-20,OUTLET_1,PROD_000,Electronics,State_A,DEPT_01,50.0,14
2025-05-20,OUTLET_1,PROD_001,Home,State_A,DEPT_01,55.5,21
2025-05-20,OUTLET_1,PROD_002,Clothing,State_A,DEPT_01,61.0,23
2025-05-20,OUTLET_1,PROD_003,Electronics,State_A,DEPT_01,66.5,28
2025-05-20,OUTLET_1,PROD_004,Home,State_A,DEPT_01,72.0,31
2025-05-20,OUTLET_1,PROD_005,Clothing,State_A,DEPT_01,77.5,8
2025-05-20,OUTLET_1,PROD_006,Electronics,State_A,DEPT_01,83.0,22
2025-05-20,OUTLET_1,PROD_007,Home,State_A,DEPT_01,88.5,16
2025-05-20,OUTLET_1,PROD_008,Clothing,State_A,DEPT_01,94.0,28
2025-05-20,OUTLET_1,PROD_009,Electronics,State_A,DEPT_01,99.5,33
2025-05-20,OUTLET_1,PROD_010,Home,State_A,DEPT_01,105.0,16
2025-05-20,OUTLET_1,PROD_011,Clothing,State_A,DEPT_01,110.5,24
2025-05-20,OUTLET_1,PROD_012,Electronics,State_A,DEPT_01,116.0,27
2025-05-20,OUTLET_1,PROD_013,Home,State_A,DEPT_01,121.5,31
2025-05-20,OUTLET_1,PROD_014,Clothing,State_A,DEPT_01,127.0,31
2025-05-20,OUTLET_1,PROD_015,Electronics,State_A,DEPT_01,132.5,11
2025-05-20,OUTLET_1,PROD_016,Home,State_A,DEPT_01,138.0,17
2025-05-20,OUTLET_1,PROD_017,Clothing,State_A,DEPT_01,143.5,24
2025-05-20,OUTLET_1,PROD_018,Electronics,State_A,DEPT_01,149.0,32
2025-05-20,OUTLET_1,PROD_019,Home,State_A,DEPT_01,154.5,35
2025-05-20,OUTLET_2,PROD_000,Electronics,State_B,DEPT_01,50.0,18
2025-05-20,OUTLET_2,PROD_001,Home,State_B,DEPT_01,55.5,20
2025-05-20,OUTLET_2,PROD_002,Clothing,State_B,DEPT_01,61.0,22
2025-05-20,OUTLET_2,PROD_003,Electronics,State_B,DEPT_01,66.5,25
2025-05-20,OUTLET_2,PROD_004,Home,State_B,DEPT_01,72.0,34
2025-05-20,OUTLET_2,PROD_005,Clothing,State_B,DEPT_01,77.5,11
2025-05-20,OUTLET_2,PROD_006,Electronics,State_B,DEPT_01,83.0,20
2025-05-20,OUTLET_2,PROD_007,Home,State_B,DEPT_01,88.5,25
2025-05-20,OUTLET_2,PROD_008,Clothing,State_B,DEPT_01,94.0,24
2025-05-20,OUTLET_2,PROD_009,Electronics,State_B,DEPT_01,99.5,38
2025-05-20,OUTLET_2,PROD_010,Home,State_B,DEPT_01,105.0,10
2025-05-20,OUTLET_2,PROD_011,Clothing,State_B,DEPT_01,110.5,17
2025-05-20,OUTLET_2,PROD_012,Electronics,State_B,DEPT_01,116.0,23
2025-05-20,OUTLET_2,PROD_013,Home,State_B,DEPT_01,121.5,26
2025-05-20,OUTLET_2,PROD_014,Clothing,State_B,DEPT_01,127.0,29
2025-05-20,OUTLET_2,PROD_015,Electronics,State_B,DEPT_01,132.5,14
2025-05-20,OUTLET_2,PROD_016,Home,State_B,DEPT_01,138.0,23
2025-05-20,OUTLET_2,PROD_017,Clothing,State_B,DEPT_01,143.5,23
2025-05-20,OUTLET_2,PROD_018,Electronics,State_B,DEPT_01,149.0,25
2025-05-20,OUTLET_2,PROD_019,Home,State_B,DEPT_01,154.5,31
2025-05-21,OUTLET_1,PROD_000,Electronics,State_A,DEPT_01,50.0,13
2025-05-21,OUTLET_1,PROD_001,Home,State_A,DEPT_01,55.5,18
2025-05-21,OUTLET_1,PROD_002,Clothing,State_A,DEPT_01,61.0,23
2025-05-21,OUTLET_1,PROD_003,Electronics,State_A,DEPT_01,66.5,26
2025-05-21,OUTLET_1,PROD_004,Home,State_A,DEPT_01,72.0,36
2025-05-21,OUTLET_1,PROD_005,Clothing,State_A,DEPT_01,77.5,21
2025-05-21,OUTLET_1,PROD_006,Electronics,State_A,DEPT_01,83.0,19
2025-05-21,OUTLET_1,PROD_007,Home,State_A,DEPT_01,88.5,24
2025-05-21,OUTLET_1,PROD_008,Clothing,State_A,DEPT_01,94.0,30
2025-05-21,OUTLET_1,PROD_009,Electronics,State_A,DEPT_01,99.5,36
2025-05-21,OUTLET_1,PROD_010,Home,State_A,DEPT_01,105.0,6
2025-05-21,OUTLET_1,PROD_011,Clothing,State_A,DEPT_01,110.5,18
2025-05-21,OUTLET_1,PROD_012,Electronics,State_A,DEPT_01,116.0,16
2025-05-21,OUTLET_1,PROD_013,Home,State_A,DEPT_01,121.5,32
2025-05-21,OUTLET_1,PROD_014,Clothing,State_A,DEPT_01,127.0,30
2025-05-21,OUTLET_1,PROD_015,Electronics,State_A,DEPT_01,132.5,9
2025-05-21,OUTLET_1,PROD_016,Home,State_A,DEPT_01,138.0,23
2025-05-21,OUTLET_1,PROD_017,Clothing,State_A,DEPT_01,143.5,27
2025-05-21,OUTLET_1,PROD_018,Electronics,State_A,DEPT_01,149.0,26
2025-05-21,OUTLET_1,PROD_019,Home,State_A,DEPT_01,154.5,31
2025-05-21,OUTLET_2,PROD_000,Electronics,State_B,DEPT_01,50.0,11
2025-05-21,OUTLET_2,PROD_001,Home,State_B,DEPT_01,55.5,17
2025-05-21,OUTLET_2,PROD_002,Clothing,State_B,DEPT_01,61.0,27
2025-05-21,OUTLET_2,PROD_003,Electronics,State_B,DEPT_01,66.5,25
2025-05-21,OUTLET_2,PROD_004,Home,State_B,DEPT_01,72.0,33
2025-05-21,OUTLET_2,PROD_005,Clothing,State_B,DEPT_01,77.5,19
2025-05-21,OUTLET_2,PROD_006,Electronics,State_B,DEPT_01,83.0,17
2025-05-21,OUTLET_2,PROD_007,Home,State_B,DEPT_01,88.5,30
2025-05-21,OUTLET_2,PROD_008,Clothing,State_B,DEPT_01,94.0,25
2025-05-21,OUTLET_2,PROD_009,Electronics,State_B,DEPT_01,99.5,28
2025-05-21,OUTLET_2,PROD_010,Home,State_B,DEPT_01,105.0,10
2025-05-21,OUTLET_2,PROD_011,Clothing,State_B,DEPT_01,110.5,10
2025-05-21,OUTLET_2,PROD_012,Electronics,State_B,DEPT_01,116.0,24
2025-05-21,OUTLET_2,PROD_013,Home,State_B,DEPT_01,121.5,24
2025-05-21,OUTLET_2,PROD_014,Clothing,State_B,DEPT_01,127.0,38
2025-05-21,OUTLET_2,PROD_015,Electronics,State_B,DEPT_01,132.5,12
2025-05-21,OUTLET_2,PROD_016,Home,State_B,DEPT_01,138.0,60
2025-05-21,OUTLET_2,PROD_017,Clothing,State_B,DEPT_01,143.5,15
2025-05-21,OUTLET_2,PROD_018,Electronics,State_B,DEPT_01,149.0,28
2025-05-21,OUTLET_2,PROD_019,Home,State_B,DEPT_01,154.5,34
2025-05-22,OUTLET_1,PROD_000,Electronics,State_A,DEPT_01,50.0,9
2025-05-22,OUTLET_1,PROD_001,Home,State_A,DEPT_01,55.5,18
2025-05-22,OUTLET_1,PROD_002,Clothing,State_A,DEPT_01,61.0,25
2025-05-22,OUTLET_1,PROD_003,Electronics,State_A,DEPT_01,66.5,26
2025-05-22,OUTLET_1,PROD_004,Home,State_A,DEPT_01,72.0,32
2025-05-22,OUTLET_1,PROD_005,Clothing,State_A,DEPT_01,77.5,10
2025-05-22,OUTLET_1,PROD_006,Electronics,State_A,DEPT_01,83.0,13
2025-05-22,OUTLET_1,PROD_007,Home,State_A,DEPT_01,88.5,21
2025-05-22,OUTLET_1,PROD_008,Clothing,State_A,DEPT_01,94.0,24
2025-05-22,OUTLET_1,PROD_009,Electronics,State_A,DEPT_01,99.5,31
2025-05-22,OUTLET_1,PROD_010,Home,State_A,DEPT_01,105.0,8
2025-05-22,OUTLET_1,PROD_011,Clothing,State_A,DEPT_01,110.5,24
2025-05-22,OUTLET_1,PROD_012,Electronics,State_A,DEPT_01,116.0,23
2025-05-22,OUTLET_1,PROD_013,Home,State_A,DEPT_01,121.5,27
2025-05-22,OUTLET_1,PROD_014,Clothing,State_A,DEPT_01,127.0,28
2025-05-22,OUTLET_1,PROD_015,Electronics,State_A,DEPT_01,132.5,13
2025-05-22,OUTLET_1,PROD_016,Home,State_A,DEPT_01,138.0,12
2025-05-22,OUTLET_1,PROD_017,Clothing,State_A,DEPT_01,143.5,24
2025-05-22,OUTLET_1,PROD_018,Electronics,State_A,DEPT_01,149.0,26
2025-05-22,OUTLET_1,PROD_019,Home,State_A,DEPT_01,154.5,39
2025-05-22,OUTLET_2,PROD_000,Electronics,State_B,DEPT_01,50.0,13
2025-05-22,OUTLET_2,PROD_001,Home,State_B,DEPT_01,55.5,19
2025-05-22,OUTLET_2,PROD_002,Clothing,State_B,DEPT_01,61.0,21
2025-05-22,OUTLET_2,PROD_003,Electronics,State_B,DEPT_01,66.5,31
2025-05-22,OUTLET_2,PROD_004,Home,State_B,DEPT_01,72.0,36
2025-05-22,OUTLET_2,PROD_005,Clothing,State_B,DEPT_01,77.5,16
2025-05-22,OUTLET_2,PROD_006,Electronics,State_B,DEPT_01,83.0,24
2025-05-22,OUTLET_2,PROD_007,Home,State_B,DEPT_01,88.5,20
2025-05-22,OUTLET_2,PROD_008,Clothing,State_B,DEPT_01,94.0,30
2025-05-22,OUTLET_2,PROD_009,Electronics,State_B,DEPT_01,99.5,30
2025-05-22,OUTLET_2,PROD_010,Home,State_B,DEPT_01,105.0,10
2025-05-22,OUTLET_2,PROD_011,Clothing,State_B,DEPT_01,110.5,18
2025-05-22,OUTLET_2,PROD_012,Electronics,State_B,DEPT_01,116.0,23
2025-05-22,OUTLET_2,PROD_013,Home,State_B,DEPT_01,121.5,27
2025-05-22,OUTLET_2,PROD_014,Clothing,State_B,DEPT_01,127.0,29
2025-05-22,OUTLET_2,PROD_015,Electronics,State_B,DEPT_01,132.5,13
2025-05-22,OUTLET_2,PROD_016,Home,State_B,DEPT_01,138.0,18
2025-05-22,OUTLET_2,PROD_017,Clothing,State_B,DEPT_01,143.5,20
2025-05-22,OUTLET_2,PROD_018,Electronics,State_B,DEPT_01,149.0,32
2025-05-22,OUTLET_2,PROD_019,Home,State_B,DEPT_01,154.5,38
2025-05-23,OUTLET_1,PROD_000,Electronics,State_A,DEPT_01,50.0,13
2025-05-23,OUTLET_1,PROD_001,Home,State_A,DEPT_01,55.5,50
2025-05-23,OUTLET_1,PROD_002,Clothing,State_A,DEPT_01,61.0,20
2025-05-23,OUTLET_1,PROD_003,Electronics,State_A,DEPT_01,66.5,30
2025-05-23,OUTLET_1,PROD_004,Home,State_A,DEPT_01,72.0,35
2025-05-23,OUTLET_1,PROD_005,Clothing,State_A,DEPT_01,77.5,13
2025-05-23,OUTLET_1,PROD_006,Electronics,State_A,DEPT_01,83.0,19
2025-05-23,OUTLET_1,PROD_007,Home,State_A,DEPT_01,88.5,23
2025-05-23,OUTLET_1,PROD_008,Clothing,State_A,DEPT_01,94.0,27
2025-05-23,OUTLET_1,PROD_009,Electronics,State_A,DEPT_01,99.5,33
2025-05-23,OUTLET_1,PROD_010,Home,State_A,DEPT_01,105.0,16
2025-05-23,OUTLET_1,PROD_011,Clothing,State_A,DEPT_01,110.5,18
2025-05-23,OUTLET_1,PROD_012,Electronics,State_A,DEPT_01,116.0,22
2025-05-23,OUTLET_1,PROD_013,Home,State_A,DEPT_01,121.5,26
2025-05-23,OUTLET_1,PROD_014,Clothing,State_A,DEPT_01,127.0,33
2025-05-23,OUTLET_1,PROD_015,Electronics,State_A,DEPT_01,132.5,10
2025-05-23,OUTLET_1,PROD_016,Home,State_A,DEPT_01,138.0,20
2025-05-23,OUTLET_1,PROD_017,Clothing,State_A,DEPT_01,143.5,26
2025-05-23,OUTLET_1,PROD_018,Electronics,State_A,DEPT_01,149.0,29
2025-05-23,OUTLET_1,PROD_019,Home,State_A,DEPT_01,154.5,35
2025-05-23,OUTLET_2,PROD_000,Electronics,State_B,DEPT_01,50.0,11
2025-05-23,OUTLET_2,PROD_001,Home,State_B,DEPT_01,55.5,18
2025-05-23,OUTLET_2,PROD_002,Clothing,State_B,DEPT_01,61.0,20
2025-05-23,OUTLET_2,PROD_003,Electronics,State_B,DEPT_01,66.5,27
2025-05-23,OUTLET_2,PROD_004,Home,State_B,DEPT_01,72.0,36
2025-05-23,OUTLET_2,PROD_005,Clothing,State_B,DEPT_01,77.5,20
2025-05-23,OUTLET_2,PROD_006,Electronics,State_B,DEPT_01,83.0,15
2025-05-23,OUTLET_2,PROD_007,Home,State_B,DEPT_01,88.5,24
2025-05-23,OUTLET_2,PROD_008,Clothing,State_B,DEPT_01,94.0,32
2025-05-23,OUTLET_2,PROD_009,Electronics,State_B,DEPT_01,99.5,35
2025-05-23,OUTLET_2,PROD_010,Home,State_B,DEPT_01,105.0,12
2025-05-23,OUTLET_2,PROD_011,Clothing,State_B,DEPT_01,110.5,17
2025-05-23,OUTLET_2,PROD_012,Electronics,State_B,DEPT_01,116.0,22
2025-05-23,OUTLET_2,PROD_013,Home,State_B,DEPT_01,121.5,25
2025-05-23,OUTLET_2,PROD_014,Clothing,State_B,DEPT_01,127.0,35
2025-05-23,OUTLET_2,PROD_015,Electronics,State_B,DEPT_01,132.5,12
2025-05-23,OUTLET_2,PROD_016,Home,State_B,DEPT_01,138.0,18
2025-05-23,OUTLET_2,PROD_017,Clothing,State_B,DEPT_01,143.5,27
2025-05-23,OUTLET_2,PROD_018,Electronics,State_B,DEPT_01,149.0,28
2025-05-23,OUTLET_2,PROD_019,Home,State_B,DEPT_01,154.5,33
2025-05-24,OUTLET_1,PROD_000,Electronics,State_A,DEPT_01,50.0,14
2025-05-24,OUTLET_1,PROD_001,Home,State_A,DEPT_01,55.5,19
2025-05-24,OUTLET_1,PROD_002,Clothing,State_A,DEPT_01,61.0,23
2025-05-24,OUTLET_1,PROD_003,Electronics,State_A,DEPT_01,66.5,56
2025-05-24,OUTLET_1,PROD_004,Home,State_A,DEPT_01,72.0,38
2025-05-24,OUTLET_1,PROD_005,Clothing,State_A,DEPT_01,77.5,15
2025-05-24,OUTLET_1,PROD_006,Electronics,State_A,DEPT_01,83.0,18
2025-05-24,OUTLET_1,PROD_007,Home,State_A,DEPT_01,88.5,24
2025-05-24,OUTLET_1,PROD_008,Clothing,State_A,DEPT_01,94.0,29
2025-05-24,OUTLET_1,PROD_009,Electronics,State_A,DEPT_01,99.5,32
2025-05-24,OUTLET_1,PROD_010,Home,State_A,DEPT_01,105.0,13
2025-05-24,OUTLET_1,PROD_011,Clothing,State_A,DEPT_01,110.5,19
2025-05-24,OUTLET_1,PROD_012,Electronics,State_A,DEPT_01,116.0,21
2025-05-24,OUTLET_1,PROD_013,Home,State_A,DEPT_01,121.5,25
2025-05-24,OUTLET_1,PROD_014,Clothing,State_A,DEPT_01,127.0,30
2025-05-24,OUTLET_1,PROD_015,Electronics,State_A,DEPT_01,132.5,12
2025-05-24,OUTLET_1,PROD_016,Home,State_A,DEPT_01,138.0,11
2025-05-24,OUTLET_1,PROD_017,Clothing,State_A,DEPT_01,143.5,27
2025-05-24,OUTLET_1,PROD_018,Electronics,State_A,DEPT_01,149.0,33
2025-05-24,OUTLET_1,PROD_019,Home,State_A,DEPT_01,154.5,30
2025-05-24,OUTLET_2,PROD_000,Electronics,State_B,DEPT_01,50.0,18
2025-05-24,OUTLET_2,PROD_001,Home,State_B,DEPT_01,55.5,15
2025-05-24,OUTLET_2,PROD_002,Clothing,State_B,DEPT_01,61.0,23
2025-05-24,OUTLET_2,PROD_003,Electronics,State_B,DEPT_01,66.5,29
2025-05-24,OUTLET_2,PROD_004,Home,State_B,DEPT_01,72.0,33
2025-05-24,OUTLET_2,PROD_005,Clothing,State_B,DEPT_01,77.5,11
2025-05-24,OUTLET_2,PROD_006,Electronics,State_B,DEPT_01,83.0,16
2025-05-24,OUTLET_2,PROD_007,Home,State_B,DEPT_01,88.5,25
2025-05-24,OUTLET_2,PROD_008,Clothing,State_B,DEPT_01,94.0,31
2025-05-24,OUTLET_2,PROD_009,Electronics,State_B,DEPT_01,99.5,28
2025-05-24,OUTLET_2,PROD_010,Home,State_B,DEPT_01,105.0,13
2025-05-24,OUTLET_2,PROD_011,Clothing,State_B,DEPT_01,110.5,19
2025-05-24,OUTLET_2,PROD_012,Electronics,State_B,DEPT_01,116.0,23
2025-05-24,OUTLET_2,PROD_013,Home,State_B,DEPT_01,121.5,24
2025-05-24,OUTLET_2,PROD_014,Clothing,State_B,DEPT_01,127.0,34
2025-05-24,OUTLET_2,PROD_015,Electronics,State_B,DEPT_01,132.5,16
2025-05-24,OUTLET_2,PROD_016,Home,State_B,DEPT_01,138.0,15
2025-05-24,OUTLET_2,PROD_017,Clothing,State_B,DEPT_01,143.5,21
2025-05-24,OUTLET_2,PROD_018,Electronics,State_B,DEPT_01,149.0,28
2025-05-24,OUTLET_2,PROD_019,Home,State_B,DEPT_01,154.5,32
2025-05-25,OUTLET_1,PROD_000,Electronics,State_A,DEPT_01,50.0,11
2025-05-25,OUTLET_1,PROD_001,Home,State_A,DEPT_01,55.5,14
2025-05-25,OUTLET_1,PROD_002,Clothing,State_A,DEPT_01,61.0,21
2025-05-25,OUTLET_1,PROD_003,Electronics,State_A,DEPT_01,66.5,22
2025-05-25,OUTLET_1,PROD_004,Home,State_A,DEPT_01,72.0,34
2025-05-25,OUTLET_1,PROD_005,Clothing,State_A,DEPT_01,77.5,10
2025-05-25,OUTLET_1,PROD_006,Electronics,State_A,DEPT_01,83.0,20
2025-05-25,OUTLET_1,PROD_007,Home,State_A,DEPT_01,88.5,22
2025-05-25,OUTLET_1,PROD_008,Clothing,State_A,DEPT_01,94.0,28
2025-05-25,OUTLET_1,PROD_009,Electronics,State_A,DEPT_01,99.5,28
2025-05-25,OUTLET_1,PROD_010,Home,State_A,DEPT_01,105.0,15
2025-05-25,OUTLET_1,PROD_011,Clothing,State_A,DEPT_01,110.5,25
2025-05-25,OUTLET_1,PROD_012,Electronics,State_A,DEPT_01,116.0,21
2025-05-25,OUTLET_1,PROD_013,Home,State_A,DEPT_01,121.5,28
2025-05-25,OUTLET_1,PROD_014,Clothing,State_A,DEPT_01,127.0,33
2025-05-25,OUTLET_1,PROD_015,Electronics,State_A,DEPT_01,132.5,9
2025-05-25,OUTLET_1,PROD_016,Home,State_A,DEPT_01,138.0,14
2025-05-25,OUTLET_1,PROD_017,Clothing,State_A,DEPT_01,143.5,24
2025-05-25,OUTLET_1,PROD_018,Electronics,State_A,DEPT_01,149.0,25
2025-05-25,OUTLET_1,PROD_019,Home,State_A,DEPT_01,154.5,32
2025-05-25,OUTLET_2,PROD_000,Electronics,State_B,DEPT_01,50.0,13
2025-05-25,OUTLET_2,PROD_001,Home,State_B,DEPT_01,55.5,19
2025-05-25,OUTLET_2,PROD_002,Clothing,State_B,DEPT_01,61.0,22
2025-05-25,OUTLET_2,PROD_003,Electronics,State_B,DEPT_01,66.5,27
2025-05-25,OUTLET_2,PROD_004,Home,State_B,DEPT_01,72.0,40
2025-05-25,OUTLET_2,PROD_005,Clothing,State_B,DEPT_01,77.5,15
2025-05-25,OUTLET_2,PROD_006,Electronics,State_B,DEPT_01,83.0,17
2025-05-25,OUTLET_2,PROD_007,Home,State_B,DEPT_01,88.5,22
2025-05-25,OUTLET_2,PROD_008,Clothing,State_B,DEPT_01,94.0,33
2025-05-25,OUTLET_2,PROD_009,Electronics,State_B,DEPT_01,99.5,34
2025-05-25,OUTLET_2,PROD_010,Home,State_B,DEPT_01,105.0,16
2025-05-25,OUTLET_2,PROD_011,Clothing,State_B,DEPT_01,110.5,16
2025-05-25,OUTLET_2,PROD_012,Electronics,State_B,DEPT_01,116.0,21
2025-05-25,OUTLET_2,PROD_013,Home,State_B,DEPT_01,121.5,32
2025-05-25,OUTLET_2,PROD_014,Clothing,State_B,DEPT_01,127.0,32
2025-05-25,OUTLET_2,PROD_015,Electronics,State_B,DEPT_01,132.5,12
2025-05-25,OUTLET_2,PROD_016,Home,State_B,DEPT_01,138.0,16
2025-05-25,OUTLET_2,PROD_017,Clothing,State_B,DEPT_01,143.5,26
2025-05-25,OUTLET_2,PROD_018,Electronics,State_B,DEPT_01,149.0,52
2025-05-25,OUTLET_2,PROD_019,Home,State_B,DEPT_01,154.5,33
2025-05-26,OUTLET_1,PROD_000,Electronics,State_A,DEPT_01,50.0,10
2025-05-26,OUTLET_1,PROD_001,Home,State_A,DEPT_01,55.5,21
2025-05-26,OUTLET_1,PROD_002,Clothing,State_A,DEPT_01,61.0,22
2025-05-26,OUTLET_1,PROD_003,Electronics,State_A,DEPT_01,66.5,22
2025-05-26,OUTLET_1,PROD_004,Home,State_A,DEPT_01,72.0,34
2025-05-26,OUTLET_1,PROD_005,Clothing,State_A,DEPT_01,77.5,9
2025-05-26,OUTLET_1,PROD_006,Electronics,State_A,DEPT_01,83.0,19
2025-05-26,OUTLET_1,PROD_007,Home,State_A,DEPT_01,88.5,21
2025-05-26,OUTLET_1,PROD_008,Clothing,State_A,DEPT_01,94.0,23
2025-05-26,OUTLET_1,PROD_009,Electronics,State_A,DEPT_01,99.5,32
2025-05-26,OUTLET_1,PROD_010,Home,State_A,DEPT_01,105.0,15
2025-05-26,OUTLET_1,PROD_011,Clothing,State_A,DEPT_01,110.5,21
2025-05-26,OUTLET_1,PROD_012,Electronics,State_A,DEPT_01,116.0,18
2025-05-26,OUTLET_1,PROD_013,Home,State_A,DEPT_01,121.5,25
2025-05-26,OUTLET_1,PROD_014,Clothing,State_A,DEPT_01,127.0,35
2025-05-26,OUTLET_1,PROD_015,Electronics,State_A,DEPT_01,132.5,11
2025-05-26,OUTLET_1,PROD_016,Home,State_A,DEPT_01,138.0,15
2025-05-26,OUTLET_1,PROD_017,Clothing,State_A,DEPT_01,143.5,24
2025-05-26,OUTLET_1,PROD_018,Electronics,State_A,DEPT_01,149.0,25
2025-05-26,OUTLET_1,PROD_019,Home,State_A,DEPT_01,154.5,28
2025-05-26,OUTLET_2,PROD_000,Electronics,State_B,DEPT_01,50.0,12
2025-05-26,OUTLET_2,PROD_001,Home,State_B,DEPT_01,55.5,17
2025-05-26,OUTLET_2,PROD_002,Clothing,State_B,DEPT_01,61.0,20
2025-05-26,OUTLET_2,PROD_003,Electronics,State_B,DEPT_01,66.5,22
2025-05-26,OUTLET_2,PROD_004,Home,State_B,DEPT_01,72.0,33
2025-05-26,OUTLET_2,PROD_005,Clothing,State_B,DEPT_01,77.5,37
2025-05-26,OUTLET_2,PROD_006,Electronics,State_B,DEPT_01,83.0,15
2025-05-26,OUTLET_2,PROD_007,Home,State_B,DEPT_01,88.5,20
2025-05-26,OUTLET_2,PROD_008,Clothing,State_B,DEPT_01,94.0,27
2025-05-26,OUTLET_2,PROD_009,Electronics,State_B,DEPT_01,99.5,32
2025-05-26,OUTLET_2,PROD_010,Home,State_B,DEPT_01,105.0,16
2025-05-26,OUTLET_2,PROD_011,Clothing,State_B,DEPT_01,110.5,14
2025-05-26,OUTLET_2,PROD_012,Electronics,State_B,DEPT_01,116.0,22
2025-05-26,OUTLET_2,PROD_013,Home,State_B,DEPT_01,121.5,28
2025-05-26,OUTLET_2,PROD_014,Clothing,State_B,DEPT_01,127.0,37
2025-05-26,OUTLET_2,PROD_015,Electronics,State_B,DEPT_01,132.5,15
2025-05-26,OUTLET_2,PROD_016,Home,State_B,DEPT_01,138.0,15
2025-05-26,OUTLET_2,PROD_017,Clothing,State_B,DEPT_01,143.5,28
2025-05-26,OUTLET_2,PROD_018,Electronics,State_B,DEPT_01,149.0,28
2025-05-26,OUTLET_2,PROD_019,Home,State_B,DEPT_01,154.5,31
2025-05-27,OUTLET_1,PROD_000,Electronics,State_A,DEPT_01,50.0,8
2025-05-27,OUTLET_1,PROD_001,Home,State_A,DEPT_01,55.5,15
2025-05-27,OUTLET_1,PROD_002,Clothing,State_A,DEPT_01,61.0,23
2025-05-27,OUTLET_1,PROD_003,Electronics,State_A,DEPT_01,66.5,24
2025-05-27,OUTLET_1,PROD_004,Home,State_A,DEPT_01,72.0,30
2025-05-27,OUTLET_1,PROD_005,Clothing,State_A,DEPT_01,77.5,16
2025-05-27,OUTLET_1,PROD_006,Electronics,State_A,DEPT_01,83.0,18
2025-05-27,OUTLET_1,PROD_007,Home,State_A,DEPT_01,88.5,18
2025-05-27,OUTLET_1,PROD_008,Clothing,State_A,DEPT_01,94.0,29
2025-05-27,OUTLET_1,PROD_009,Electronics,State_A,DEPT_01,99.5,39
2025-05-27,OUTLET_1,PROD_010,Home,State_A,DEPT_01,105.0,7
2025-05-27,OUTLET_1,PROD_011,Clothing,State_A,DEPT_01,110.5,18
2025-05-27,OUTLET_1,PROD_012,Electronics,State_A,DEPT_01,116.0,22
2025-05-27,OUTLET_1,PROD_013,Home,State_A,DEPT_01,121.5,34
2025-05-27,OUTLET_1,PROD_014,Clothing,State_A,DEPT_01,127.0,35
2025-05-27,OUTLET_1,PROD_015,Electronics,State_A,DEPT_01,132.5,12
2025-05-27,OUTLET_1,PROD_016,Home,State_A,DEPT_01,138.0,20
2025-05-27,OUTLET_1,PROD_017,Clothing,State_A,DEPT_01,143.5,17
2025-05-27,OUTLET_1,PROD_018,Electronics,State_A,DEPT_01,149.0,27
2025-05-27,OUTLET_1,PROD_019,Home,State_A,DEPT_01,154.5,30
2025-05-27,OUTLET_2,PROD_000,Electronics,State_B,DEPT_01,50.0,13
2025-05-27,OUTLET_2,PROD_001,Home,State_B,DEPT_01,55.5,11
2025-05-27,OUTLET_2,PROD_002,Clothing,State_B,DEPT_01,61.0,24
2025-05-27,OUTLET_2,PROD_003,Electronics,State_B,DEPT_01,66.5,29
2025-05-27,OUTLET_2,PROD_004,Home,State_B,DEPT_01,72.0,35
2025-05-27,OUTLET_2,PROD_005,Clothing,State_B,DEPT_01,77.5,11
2025-05-27,OUTLET_2,PROD_006,Electronics,State_B,DEPT_01,83.0,19
2025-05-27,OUTLET_2,PROD_007,Home,State_B,DEPT_01,88.5,28
2025-05-27,OUTLET_2,PROD_008,Clothing,State_B,DEPT_01,94.0,26
2025-05-27,OUTLET_2,PROD_009,Electronics,State_B,DEPT_01,99.5,28
2025-05-27,OUTLET_2,PROD_010,Home,State_B,DEPT_01,105.0,14
2025-05-27,OUTLET_2,PROD_011,Clothing,State_B,DEPT_01,110.5,16
2025-05-27,OUTLET_2,PROD_012,Electronics,State_B,DEPT_01,116.0,19
2025-05-27,OUTLET_2,PROD_013,Home,State_B,DEPT_01,121.5,25
2025-05-27,OUTLET_2,PROD_014,Clothing,State_B,DEPT_01,127.0,28
2025-05-27,OUTLET_2,PROD_015,Electronics,State_B,DEPT_01,132.5,9
2025-05-27,OUTLET_2,PROD_016,Home,State_B,DEPT_01,138.0,18
2025-05-27,OUTLET_2,PROD_017,Clothing,State_B,DEPT_01,143.5,24
2025-05-27,OUTLET_2,PROD_018,Electronics,State_B,DEPT_01,149.0,25
2025-05-27,OUTLET_2,PROD_019,Home,State_B,DEPT_01,154.5,39
2025-05-28,OUTLET_1,PROD_000,Electronics,State_A,DEPT_01,50.0,13
2025-05-28,OUTLET_1,PROD_001,Home,State_A,DEPT_01,55.5,18
2025-05-28,OUTLET_1,PROD_002,Clothing,State_A,DEPT_01,61.0,24
2025-05-28,OUTLET_1,PROD_003,Electronics,State_A,DEPT_01,66.5,25
2025-05-28,OUTLET_1,PROD_004,Home,State_A,DEPT_01,72.0,35
2025-05-28,OUTLET_1,PROD_005,Clothing,State_A,DEPT_01,77.5,8
2025-05-28,OUTLET_1,PROD_006,Electronics,State_A,DEPT_01,83.0,14
2025-05-28,OUTLET_1,PROD_007,Home,State_A,DEPT_01,88.5,20
2025-05-28,OUTLET_1,PROD_008,Clothing,State_A,DEPT_01,94.0,28
2025-05-28,OUTLET_1,PROD_009,Electronics,State_A,DEPT_01,99.5,28
2025-05-28,OUTLET_1,PROD_010,Home,State_A,DEPT_01,105.0,9
2025-05-28,OUTLET_1,PROD_011,Clothing,State_A,DEPT_01,110.5,22
2025-05-28,OUTLET_1,PROD_012,Electronics,State_A,DEPT_01,116.0,26
2025-05-28,OUTLET_1,PROD_013,Home,State_A,DEPT_01,121.5,23
2025-05-28,OUTLET_1,PROD_014,Clothing,State_A,DEPT_01,127.0,30
2025-05-28,OUTLET_1,PROD_015,Electronics,State_A,DEPT_01,132.5,12
2025-05-28,OUTLET_1,PROD_016,Home,State_A,DEPT_01,138.0,19
2025-05-28,OUTLET_1,PROD_017,Clothing,State_A,DEPT_01,143.5,21
2025-05-28,OUTLET_1,PROD_018,Electronics,State_A,DEPT_01,149.0,26
2025-05-28,OUTLET_1,PROD_019,Home,State_A,DEPT_01,154.5,36
2025-05-28,OUTLET_2,PROD_000,Electronics,State_B,DEPT_01,50.0,10
2025-05-28,OUTLET_2,PROD_001,Home,State_B,DEPT_01,55.5,16
2025-05-28,OUTLET_2,PROD_002,Clothing,State_B,DEPT_01,61.0,15
2025-05-28,OUTLET_2,PROD_003,Electronics,State_B,DEPT_01,66.5,29
2025-05-28,OUTLET_2,PROD_004,Home,State_B,DEPT_01,72.0,34
2025-05-28,OUTLET_2,PROD_005,Clothing,State_B,DEPT_01,77.5,13
2025-05-28,OUTLET_2,PROD_006,Electronics,State_B,DEPT_01,83.0,18
2025-05-28,OUTLET_2,PROD_007,Home,State_B,DEPT_01,88.5,23
2025-05-28,OUTLET_2,PROD_008,Clothing,State_B,DEPT_01,94.0,27
2025-05-28,OUTLET_2,PROD_009,Electronics,State_B,DEPT_01,99.5,35
2025-05-28,OUTLET_2,PROD_010,Home,State_B,DEPT_01,105.0,14
2025-05-28,OUTLET_2,PROD_011,Clothing,State_B,DEPT_01,110.5,15
2025-05-28,OUTLET_2,PROD_012,Electronics,State_B,DEPT_01,116.0,21
2025-05-28,OUTLET_2,PROD_013,Home,State_B,DEPT_01,121.5,24
2025-05-28,OUTLET_2,PROD_014,Clothing,State_B,DEPT_01,127.0,31
2025-05-28,OUTLET_2,PROD_015,Electronics,State_B,DEPT_01,132.5,9
2025-05-28,OUTLET_2,PROD_016,Home,State_B,DEPT_01,138.0,20
2025-05-28,OUTLET_2,PROD_017,Clothing,State_B,DEPT_01,143.5,30
2025-05-28,OUTLET_2,PROD_018,Electronics,State_B,DEPT_01,149.0,24
2025-05-28,OUTLET_2,PROD_019,Home,State_B,DEPT_01,154.5,32
2025-05-29,OUTLET_1,PROD_000,Electronics,State_A,DEPT_01,50.0,11
2025-05-29,OUTLET_1,PROD_001,Home,State_A,DEPT_01,55.5,11
2025-05-29,OUTLET_1,PROD_002,Clothing,State_A,DEPT_01,61.0,20
2025-05-29,OUTLET_1,PROD_003,Electronics,State_A,DEPT_01,66.5,33
2025-05-29,OUTLET_1,PROD_004,Home,State_A,DEPT_01,72.0,66
2025-05-29,OUTLET_1,PROD_005,Clothing,State_A,DEPT_01,77.5,12
2025-05-29,OUTLET_1,PROD_006,Electronics,State_A,DEPT_01,83.0,19
2025-05-29,OUTLET_1,PROD_007,Home,State_A,DEPT_01,88.5,22
2025-05-29,OUTLET_1,PROD_008,Clothing,State_A,DEPT_01,94.0,30
2025-05-29,OUTLET_1,PROD_009,Electronics,State_A,DEPT_01,99.5,33
2025-05-29,OUTLET_1,PROD_010,Home,State_A,DEPT_01,105.0,14
2025-05-29,OUTLET_1,PROD_011,Clothing,State_A,DEPT_01,110.5,19
2025-05-29,OUTLET_1,PROD_012,Electronics,State_A,DEPT_01,116.0,22
2025-05-29,OUTLET_1,PROD_013,Home,State_A,DEPT_01,121.5,22
2025-05-29,OUTLET_1,PROD_014,Clothing,State_A,DEPT_01,127.0,38
2025-05-29,OUTLET_1,PROD_015,Electronics,State_A,DEPT_01,132.5,14
2025-05-29,OUTLET_1,PROD_016,Home,State_A,DEPT_01,138.0,14
2025-05-29,OUTLET_1,PROD_017,Clothing,State_A,DEPT_01,143.5,20
2025-05-29,OUTLET_1,PROD_018,Electronics,State_A,DEPT_01,149.0,26
2025-05-29,OUTLET_1,PROD_019,Home,State_A,DEPT_01,154.5,31
2025-05-29,OUTLET_2,PROD_000,Electronics,State_B,DEPT_01,50.0,13
2025-05-29,OUTLET_2,PROD_001,Home,State_B,DEPT_01,55.5,19
2025-05-29,OUTLET_2,PROD_002,Clothing,State_B,DEPT_01,61.0,19
2025-05-29,OUTLET_2,PROD_003,Electronics,State_B,DEPT_01,66.5,76
2025-05-29,OUTLET_2,PROD_004,Home,State_B,DEPT_01,72.0,30
2025-05-29,OUTLET_2,PROD_005,Clothing,State_B,DEPT_01,77.5,8
2025-05-29,OUTLET_2,PROD_006,Electronics,State_B,DEPT_01,83.0,16
2025-05-29,OUTLET_2,PROD_007,Home,State_B,DEPT_01,88.5,17
2025-05-29,OUTLET_2,PROD_008,Clothing,State_B,DEPT_01,94.0,27
2025-05-29,OUTLET_2,PROD_009,Electronics,State_B,DEPT_01,99.5,33
2025-05-29,OUTLET_2,PROD_010,Home,State_B,DEPT_01,105.0,16
2025-05-29,OUTLET_2,PROD_011,Clothing,State_B,DEPT_01,110.5,18
2025-05-29,OUTLET_2,PROD_012,Electronics,State_B,DEPT_01,116.0,26
2025-05-29,OUTLET_2,PROD_013,Home,State_B,DEPT_01,121.5,28
2025-05-29,OUTLET_2,PROD_014,Clothing,State_B,DEPT_01,127.0,29
2025-05-29,OUTLET_2,PROD_015,Electronics,State_B,DEPT_01,132.5,11
2025-05-29,OUTLET_2,PROD_016,Home,State_B,DEPT_01,138.0,15
2025-05-29,OUTLET_2,PROD_017,Clothing,State_B,DEPT_01,143.5,22
2025-05-29,OUTLET_2,PROD_018,Electronics,State_B,DEPT_01,149.0,21
2025-05-29,OUTLET_2,PROD_019,Home,State_B,DEPT_01,154.5,36
2025-05-30,OUTLET_1,PROD_000,Electronics,State_A,DEPT_01,50.0,14
2025-05-30,OUTLET_1,PROD_001,Home,State_A,DEPT_01,55.5,17
2025-05-30,OUTLET_1,PROD_002,Clothing,State_A,DEPT_01,61.0,30
2025-05-30,OUTLET_1,PROD_003,Electronics,State_A,DEPT_01,66.5,32
2025-05-30,OUTLET_1,PROD_004,Home,State_A,DEPT_01,72.0,34
2025-05-30,OUTLET_1,PROD_005,Clothing,State_A,DEPT_01,77.5,12
2025-05-30,OUTLET_1,PROD_006,Electronics,State_A,DEPT_01,83.0,16
2025-05-30,OUTLET_1,PROD_007,Home,State_A,DEPT_01,88.5,21
2025-05-30,OUTLET_1,PROD_008,Clothing,State_A,DEPT_01,94.0,25
2025-05-30,OUTLET_1,PROD_009,Electronics,State_A,DEPT_01,99.5,30
2025-05-30,OUTLET_1,PROD_010,Home,State_A,DEPT_01,105.0,12
2025-05-30,OUTLET_1,PROD_011,Clothing,State_A,DEPT_01,110.5,20
2025-05-30,OUTLET_1,PROD_012,Electronics,State_A,DEPT_01,116.0,22
2025-05-30,OUTLET_1,PROD_013,Home,State_A,DEPT_01,121.5,23
2025-05-30,OUTLET_1,PROD_014,Clothing,State_A,DEPT_01,127.0,31
2025-05-30,OUTLET_1,PROD_015,Electronics,State_A,DEPT_01,132.5,9
2025-05-30,OUTLET_1,PROD_016,Home,State_A,DEPT_01,138.0,22
2025-05-30,OUTLET_1,PROD_017,Clothing,State_A,DEPT_01,143.5,16
2025-05-30,OUTLET_1,PROD_018,Electronics,State_A,DEPT_01,149.0,27
2025-05-30,OUTLET_1,PROD_019,Home,State_A,DEPT_01,154.5,29
2025-05-30,OUTLET_2,PROD_000,Electronics,State_B,DEPT_01,50.0,11
2025-05-30,OUTLET_2,PROD_001,Home,State_B,DEPT_01,55.5,17
2025-05-30,OUTLET_2,PROD_002,Clothing,State_B,DEPT_01,61.0,25
2025-05-30,OUTLET_2,PROD_003,Electronics,State_B,DEPT_01,66.5,26
2025-05-30,OUTLET_2,PROD_004,Home,State_B,DEPT_01,72.0,32
2025-05-30,OUTLET_2,PROD_005,Clothing,State_B,DEPT_01,77.5,4
2025-05-30,OUTLET_2,PROD_006,Electronics,State_B,DEPT_01,83.0,21
2025-05-30,OUTLET_2,PROD_007,Home,State_B,DEPT_01,88.5,26
2025-05-30,OUTLET_2,PROD_008,Clothing,State_B,DEPT_01,94.0,34
2025-05-30,OUTLET_2,PROD_009,Electronics,State_B,DEPT_01,99.5,29
2025-05-30,OUTLET_2,PROD_010,Home,State_B,DEPT_01,105.0,19
2025-05-30,OUTLET_2,PROD_011,Clothing,State_B,DEPT_01,110.5,16
2025-05-30,OUTLET_2,PROD_012,Electronics,State_B,DEPT_01,116.0,27
2025-05-30,OUTLET_2,PROD_013,Home,State_B,DEPT_01,121.5,29
2025-05-30,OUTLET_2,PROD_014,Clothing,State_B,DEPT_01,127.0,31
2025-05-30,OUTLET_2,PROD_015,Electronics,State_B,DEPT_01,132.5,18
2025-05-30,OUTLET_2,PROD_016,Home,State_B,DEPT_01,138.0,23
2025-05-30,OUTLET_2,PROD_017,Clothing,State_B,DEPT_01,143.5,26
2025-05-30,OUTLET_2,PROD_018,Electronics,State_B,DEPT_01,149.0,23
2025-05-30,OUTLET_2,PROD_019,Home,State_B,DEPT_01,154.5,31
2025-05-31,OUTLET_1,PROD_000,Electronics,State_A,DEPT_01,50.0,14
2025-05-31,OUTLET_1,PROD_001,Home,State_A,DEPT_01,55.5,13
2025-05-31,OUTLET_1,PROD_002,Clothing,State_A,DEPT_01,61.0,22
2025-05-31,OUTLET_1,PROD_003,Electronics,State_A,DEPT_01,66.5,30
2025-05-31,OUTLET_1,PROD_004,Home,State_A,DEPT_01,72.0,32
2025-05-31,OUTLET_1,PROD_005,Clothing,State_A,DEPT_01,77.5,13
2025-05-31,OUTLET_1,PROD_006,Electronics,State_A,DEPT_01,83.0,11
2025-05-31,OUTLET_1,PROD_007,Home,State_A,DEPT_01,88.5,25
2025-05-31,OUTLET_1,PROD_008,Clothing,State_A,DEPT_01,94.0,28
2025-05-31,OUTLET_1,PROD_009,Electronics,State_A,DEPT_01,99.5,32
2025-05-31,OUTLET_1,PROD_010,Home,State_A,DEPT_01,105.0,17
2025-05-31,OUTLET_1,PROD_011,Clothing,State_A,DEPT_01,110.5,17
2025-05-31,OUTLET_1,PROD_012,Electronics,State_A,DEPT_01,116.0,22
2025-05-31,OUTLET_1,PROD_013,Home,State_A,DEPT_01,121.5,31
2025-05-31,OUTLET_1,PROD_014,Clothing,State_A,DEPT_01,127.0,33
2025-05-31,OUTLET_1,PROD_015,Electronics,State_A,DEPT_01,132.5,9
2025-05-31,OUTLET_1,PROD_016,Home,State_A,DEPT_01,138.0,14
2025-05-31,OUTLET_1,PROD_017,Clothing,State_A,DEPT_01,143.5,20
2025-05-31,OUTLET_1,PROD_018,Electronics,State_A,DEPT_01,149.0,30
2025-05-31,OUTLET_1,PROD_019,Home,State_A,DEPT_01,154.5,35
2025-05-31,OUTLET_2,PROD_000,Electronics,State_B,DEPT_01,50.0,13
2025-05-31,OUTLET_2,PROD_001,Home,State_B,DEPT_01,55.5,14
2025-05-31,OUTLET_2,PROD_002,Clothing,State_B,DEPT_01,61.0,21
2025-05-31,OUTLET_2,PROD_003,Electronics,State_B,DEPT_01,66.5,31
2025-05-31,OUTLET_2,PROD_004,Home,State_B,DEPT_01,72.0,32
2025-05-31,OUTLET_2,PROD_005,Clothing,State_B,DEPT_01,77.5,11
2025-05-31,OUTLET_2,PROD_006,Electronics,State_B,DEPT_01,83.0,15
2025-05-31,OUTLET_2,PROD_007,Home,State_B,DEPT_01,88.5,25
2025-05-31,OUTLET_2,PROD_008,Clothing,State_B,DEPT_01,94.0,25
2025-05-31,OUTLET_2,PROD_009,Electronics,State_B,DEPT_01,99.5,34
2025-05-31,OUTLET_2,PROD_010,Home,State_B,DEPT_01,105.0,11
2025-05-31,OUTLET_2,PROD_011,Clothing,State_B,DEPT_01,110.5,19
2025-05-31,OUTLET_2,PROD_012,Electronics,State_B,DEPT_01,116.0,23
2025-05-31,OUTLET_2,PROD_013,Home,State_B,DEPT_01,121.5,27
2025-05-31,OUTLET_2,PROD_014,Clothing,State_B,DEPT_01,127.0,31
2025-05-31,OUTLET_2,PROD_015,Electronics,State_B,DEPT_01,132.5,13
2025-05-31,OUTLET_2,PROD_016,Home,State_B,DEPT_01,138.0,18
2025-05-31,OUTLET_2,PROD_017,Clothing,State_B,DEPT_01,143.5,20
2025-05-31,OUTLET_2,PROD_018,Electronics,State_B,DEPT_01,149.0,31
2025-05-31,OUTLET_2,PROD_019,Home,State_B,DEPT_01,154.5,35
2025-06-01,OUTLET_1,PROD_000,Electronics,State_A,DEPT_01,50.0,9
2025-06-01,OUTLET_1,PROD_001,Home,State_A,DEPT_01,55.5,14
2025-06-01,OUTLET_1,PROD_002,Clothing,State_A,DEPT_01,61.0,17
2025-06-01,OUTLET_1,PROD_003,Electronics,State_A,DEPT_01,66.5,29
2025-06-01,OUTLET_1,PROD_004,Home,State_A,DEPT_01,72.0,31
2025-06-01,OUTLET_1,PROD_005,Clothing,State_A,DEPT_01,77.5,12
2025-06-01,OUTLET_1,PROD_006,Electronics,State_A,DEPT_01,83.0,14
2025-06-01,OUTLET_1,PROD_007,Home,State_A,DEPT_01,88.5,22
2025-06-01,OUTLET_1,PROD_008,Clothing,State_A,DEPT_01,94.0,28
2025-06-01,OUTLET_1,PROD_009,Electronics,State_A,DEPT_01,99.5,28
2025-06-01,OUTLET_1,PROD_010,Home,State_A,DEPT_01,105.0,13
2025-06-01,OUTLET_1,PROD_011,Clothing,State_A,DEPT_01,110.5,18
2025-06-01,OUTLET_1,PROD_012,Electronics,State_A,DEPT_01,116.0,26
2025-06-01,OUTLET_1,PROD_013,Home,State_A,DEPT_01,121.5,57
2025-06-01,OUTLET_1,PROD_014,Clothing,State_A,DEPT_01,127.0,29
2025-06-01,OUTLET_1,PROD_015,Electronics,State_A,DEPT_01,132.5,9
2025-06-01,OUTLET_1,PROD_016,Home,State_A,DEPT_01,138.0,19
2025-06-01,OUTLET_1,PROD_017,Clothing,State_A,DEPT_01,143.5,24
2025-06-01,OUTLET_1,PROD_018,Electronics,State_A,DEPT_01,149.0,28
2025-06-01,OUTLET_1,PROD_019,Home,State_A,DEPT_01,154.5,29
2025-06-01,OUTLET_2,PROD_000,Electronics,State_B,DEPT_01,50.0,15
2025-06-01,OUTLET_2,PROD_001,Home,State_B,DEPT_01,55.5,18
2025-06-01,OUTLET_2,PROD_002,Clothing,State_B,DEPT_01,61.0,17
2025-06-01,OUTLET_2,PROD_003,Electronics,State_B,DEPT_01,66.5,31
2025-06-01,OUTLET_2,PROD_004,Home,State_B,DEPT_01,72.0,35
2025-06-01,OUTLET_2,PROD_005,Clothing,State_B,DEPT_01,77.5,4
2025-06-01,OUTLET_2,PROD_006,Electronics,State_B,DEPT_01,83.0,10
2025-06-01,OUTLET_2,PROD_007,Home,State_B,DEPT_01,88.5,19
2025-06-01,OUTLET_2,PROD_008,Clothing,State_B,DEPT_01,94.0,26
2025-06-01,OUTLET_2,PROD_009,Electronics,State_B,DEPT_01,99.5,32
2025-06-01,OUTLET_2,PROD_010,Home,State_B,DEPT_01,105.0,11
2025-06-01,OUTLET_2,PROD_011,Clothing,State_B,DEPT_01,110.5,20
2025-06-01,OUTLET_2,PROD_012,Electronics,State_B,DEPT_01,116.0,19
2025-06-01,OUTLET_2,PROD_013,Home,State_B,DEPT_01,121.5,27
2025-06-01,OUTLET_2,PROD_014,Clothing,State_B,DEPT_01,127.0,40
2025-06-01,OUTLET_2,PROD_015,Electronics,State_B,DEPT_01,132.5,14
2025-06-01,OUTLET_2,PROD_016,Home,State_B,DEPT_01,138.0,15
2025-06-01,OUTLET_2,PROD_017,Clothing,State_B,DEPT_01,143.5,24
2025-06-01,OUTLET_2,PROD_018,Electronics,State_B,DEPT_01,149.0,27
2025-06-01,OUTLET_2,PROD_019,Home,State_B,DEPT_01,154.5,33
2025-06-02,OUTLET_1,PROD_000,Electronics,State_A,DEPT_01,50.0,13
2025-06-02,OUTLET_1,PROD_001,Home,State_A,DEPT_01,55.5,16
2025-06-02,OUTLET_1,PROD_002,Clothing,State_A,DEPT_01,61.0,21
2025-06-02,OUTLET_1,PROD_003,Electronics,State_A,DEPT_01,66.5,23
2025-06-02,OUTLET_1,PROD_004,Home,State_A,DEPT_01,72.0,30
2025-06-02,OUTLET_1,PROD_005,Clothing,State_A,DEPT_01,77.5,9
2025-06-02,OUTLET_1,PROD_006,Electronics,State_A,DEPT_01,83.0,19
2025-06-02,OUTLET_1,PROD_007,Home,State_A,DEPT_01,88.5,24
2025-06-02,OUTLET_1,PROD_008,Clothing,State_A,DEPT_01,94.0,24
2025-06-02,OUTLET_1,PROD_009,Electronics,State_A,DEPT_01,99.5,28
2025-06-02,OUTLET_1,PROD_010,Home,State_A,DEPT_01,105.0,14
2025-06-02,OUTLET_1,PROD_011,Clothing,State_A,DEPT_01,110.5,11
2025-06-02,OUTLET_1,PROD_012,Electronics,State_A,DEPT_01,116.0,17
2025-06-02,OUTLET_1,PROD_013,Home,State_A,DEPT_01,121.5,27
2025-06-02,OUTLET_1,PROD_014,Clothing,State_A,DEPT_01,127.0,29
2025-06-02,OUTLET_1,PROD_015,Electronics,State_A,DEPT_01,132.5,9
2025-06-02,OUTLET_1,PROD_016,Home,State_A,DEPT_01,138.0,23
2025-06-02,OUTLET_1,PROD_017,Clothing,State_A,DEPT_01,143.5,22
2025-06-02,OUTLET_1,PROD_018,Electronics,State_A,DEPT_01,149.0,26
2025-06-02,OUTLET_1,PROD_019,Home,State_A,DEPT_01,154.5,28
2025-06-02,OUTLET_2,PROD_000,Electronics,State_B,DEPT_01,50.0,7
2025-06-02,OUTLET_2,PROD_001,Home,State_B,DEPT_01,55.5,16
2025-06-02,OUTLET_2,PROD_002,Clothing,State_B,DEPT_01,61.0,23
2025-06-02,OUTLET_2,PROD_003,Electronics,State_B,DEPT_01,66.5,28
2025-06-02,OUTLET_2,PROD_004,Home,State_B,DEPT_01,72.0,30
2025-06-02,OUTLET_2,PROD_005,Clothing,State_B,DEPT_01,77.5,8
2025-06-02,OUTLET_2,PROD_006,Electronics,State_B,DEPT_01,83.0,22
2025-06-02,OUTLET_2,PROD_007,Home,State_B,DEPT_01,88.5,22
2025-06-02,OUTLET_2,PROD_008,Clothing,State_B,DEPT_01,94.0,33
2025-06-02,OUTLET_2,PROD_009,Electronics,State_B,DEPT_01,99.5,40
2025-06-02,OUTLET_2,PROD_010,Home,State_B,DEPT_01,105.0,14
2025-06-02,OUTLET_2,PROD_011,Clothing,State_B,DEPT_01,110.5,22
2025-06-02,OUTLET_2,PROD_012,Electronics,State_B,DEPT_01,116.0,22
2025-06-02,OUTLET_2,PROD_013,Home,State_B,DEPT_01,121.5,24
2025-06-02,OUTLET_2,PROD_014,Clothing,State_B,DEPT_01,127.0,34
2025-06-02,OUTLET_2,PROD_015,Electronics,State_B,DEPT_01,132.5,11
2025-06-02,OUTLET_2,PROD_016,Home,State_B,DEPT_01,138.0,21
2025-06-02,OUTLET_2,PROD_017,Clothing,State_B,DEPT_01,143.5,20
2025-06-02,OUTLET_2,PROD_018,Electronics,State_B,DEPT_01,149.0,27
2025-06-02,OUTLET_2,PROD_019,Home,State_B,DEPT_01,154.5,32
2025-06-03,OUTLET_1,PROD_000,Electronics,State_A,DEPT_01,50.0,14
2025-06-03,OUTLET_1,PROD_001,Home,State_A,DEPT_01,55.5,16
2025-06-03,OUTLET_1,PROD_002,Clothing,State_A,DEPT_01,61.0,23
2025-06-03,OUTLET_1,PROD_003,Electronics,State_A,DEPT_01,66.5,26
2025-06-03,OUTLET_1,PROD_004,Home,State_A,DEPT_01,72.0,31
2025-06-03,OUTLET_1,PROD_005,Clothing,State_A,DEPT_01,77.5,13
2025-06-03,OUTLET_1,PROD_006,Electronics,State_A,DEPT_01,83.0,14
2025-06-03,OUTLET_1,PROD_007,Home,State_A,DEPT_01,88.5,20
2025-06-03,OUTLET_1,PROD_008,Clothing,State_A,DEPT_01,94.0,26
2025-06-03,OUTLET_1,PROD_009,Electronics,State_A,DEPT_01,99.5,32
2025-06-03,OUTLET_1,PROD_010,Home,State_A,DEPT_01,105.0,8
2025-06-03,OUTLET_1,PROD_011,Clothing,State_A,DEPT_01,110.5,13
2025-06-03,OUTLET_1,PROD_012,Electronics,State_A,DEPT_01,116.0,18
2025-06-03,OUTLET_1,PROD_013,Home,State_A,DEPT_01,121.5,33
2025-06-03,OUTLET_1,PROD_014,Clothing,State_A,DEPT_01,127.0,35
2025-06-03,OUTLET_1,PROD_015,Electronics,State_A,DEPT_01,132.5,15
2025-06-03,OUTLET_1,PROD_016,Home,State_A,DEPT_01,138.0,21
2025-06-03,OUTLET_1,PROD_017,Clothing,State_A,DEPT_01,143.5,19
2025-06-03,OUTLET_1,PROD_018,Electronics,State_A,DEPT_01,149.0,32
2025-06-03,OUTLET_1,PROD_019,Home,State_A,DEPT_01,154.5,27
2025-06-03,OUTLET_2,PROD_000,Electronics,State_B,DEPT_01,50.0,11
2025-06-03,OUTLET_2,PROD_001,Home,State_B,DEPT_01,55.5,14
2025-06-03,OUTLET_2,PROD_002,Clothing,State_B,DEPT_01,61.0,27
2025-06-03,OUTLET_2,PROD_003,Electronics,State_B,DEPT_01,66.5,28
2025-06-03,OUTLET_2,PROD_004,Home,State_B,DEPT_01,72.0,33
2025-06-03,OUTLET_2,PROD_005,Clothing,State_B,DEPT_01,77.5,9
2025-06-03,OUTLET_2,PROD_006,Electronics,State_B,DEPT_01,83.0,15
2025-06-03,OUTLET_2,PROD_007,Home,State_B,DEPT_01,88.5,19
2025-06-03,OUTLET_2,PROD_008,Clothing,State_B,DEPT_01,94.0,27
2025-06-03,OUTLET_2,PROD_009,Electronics,State_B,DEPT_01,99.5,31
2025-06-03,OUTLET_2,PROD_010,Home,State_B,DEPT_01,105.0,12
2025-06-03,OUTLET_2,PROD_011,Clothing,State_B,DEPT_01,110.5,20
2025-06-03,OUTLET_2,PROD_012,Electronics,State_B,DEPT_01,116.0,56
2025-06-03,OUTLET_2,PROD_013,Home,State_B,DEPT_01,121.5,29
2025-06-03,OUTLET_2,PROD_014,Clothing,State_B,DEPT_01,127.0,34
2025-06-03,OUTLET_2,PROD_015,Electronics,State_B,DEPT_01,132.5,10
2025-06-03,OUTLET_2,PROD_016,Home,State_B,DEPT_01,138.0,15
2025-06-03,OUTLET_2,PROD_017,Clothing,State_B,DEPT_01,143.5,24
2025-06-03,OUTLET_2,PROD_018,Electronics,State_B,DEPT_01,149.0,21
2025-06-03,OUTLET_2,PROD_019,Home,State_B,DEPT_01,154.5,35
2025-06-04,OUTLET_1,PROD_000,Electronics,State_A,DEPT_01,50.0,16
2025-06-04,OUTLET_1,PROD_001,Home,State_A,DEPT_01,55.5,16
2025-06-04,OUTLET_1,PROD_002,Clothing,State_A,DEPT_01,61.0,26
2025-06-04,OUTLET_1,PROD_003,Electronics,State_A,DEPT_01,66.5,28
2025-06-04,OUTLET_1,PROD_004,Home,State_A,DEPT_01,72.0,28
2025-06-04,OUTLET_1,PROD_005,Clothing,State_A,DEPT_01,77.5,12
2025-06-04,OUTLET_1,PROD_006,Electronics,State_A,DEPT_01,83.0,15
2025-06-04,OUTLET_1,PROD_007,Home,State_A,DEPT_01,88.5,22
2025-06-04,OUTLET_1,PROD_008,Clothing,State_A,DEPT_01,94.0,23
2025-06-04,OUTLET_1,PROD_009,Electronics,State_A,DEPT_01,99.5,36
2025-06-04,OUTLET_1,PROD_010,Home,State_A,DEPT_01,105.0,13
2025-06-04,OUTLET_1,PROD_011,Clothing,State_A,DEPT_01,110.5,15
2025-06-04,OUTLET_1,PROD_012,Electronics,State_A,DEPT_01,116.0,22
2025-06-04,OUTLET_1,PROD_013,Home,State_A,DEPT_01,121.5,27
2025-06-04,OUTLET_1,PROD_014,Clothing,State_A,DEPT_01,127.0,23
2025-06-04,OUTLET_1,PROD_015,Electronics,State_A,DEPT_01,132.5,17
2025-06-04,OUTLET_1,PROD_016,Home,State_A,DEPT_01,138.0,17
2025-06-04,OUTLET_1,PROD_017,Clothing,State_A,DEPT_01,143.5,22
2025-06-04,OUTLET_1,PROD_018,Electronics,State_A,DEPT_01,149.0,23
2025-06-04,OUTLET_1,PROD_019,Home,State_A,DEPT_01,154.5,32
2025-06-04,OUTLET_2,PROD_000,Electronics,State_B,DEPT_01,50.0,13
2025-06-04,OUTLET_2,PROD_001,Home,State_B,DEPT_01,55.5,14
2025-06-04,OUTLET_2,PROD_002,Clothing,State_B,DEPT_01,61.0,24
2025-06-04,OUTLET_2,PROD_003,Electronics,State_B,DEPT_01,66.5,21
2025-06-04,OUTLET_2,PROD_004,Home,State_B,DEPT_01,72.0,31
2025-06-04,OUTLET_2,PROD_005,Clothing,State_B,DEPT_01,77.5,8
2025-06-04,OUTLET_2,PROD_006,Electronics,State_B,DEPT_01,83.0,17
2025-06-04,OUTLET_2,PROD_007,Home,State_B,DEPT_01,88.5,21
2025-06-04,OUTLET_2,PROD_008,Clothing,State_B,DEPT_01,94.0,28
2025-06-04,OUTLET_2,PROD_009,Electronics,State_B,DEPT_01,99.5,32
2025-06-04,OUTLET_2,PROD_010,Home,State_B,DEPT_01,105.0,13
2025-06-04,OUTLET_2,PROD_011,Clothing,State_B,DEPT_01,110.5,17
2025-06-04,OUTLET_2,PROD_012,Electronics,State_B,DEPT_01,116.0,25
2025-06-04,OUTLET_2,PROD_013,Home,State_B,DEPT_01,121.5,29
2025-06-04,OUTLET_2,PROD_014,Clothing,State_B,DEPT_01,127.0,30
2025-06-04,OUTLET_2,PROD_015,Electronics,State_B,DEPT_01,132.5,15
2025-06-04,OUTLET_2,PROD_016,Home,State_B,DEPT_01,138.0,18
2025-06-04,OUTLET_2,PROD_017,Clothing,State_B,DEPT_01,143.5,25
2025-06-04,OUTLET_2,PROD_018,Electronics,State_B,DEPT_01,149.0,24
2025-06-04,OUTLET_2,PROD_019,Home,State_B,DEPT_01,154.5,28
2025-06-05,OUTLET_1,PROD_000,Electronics,State_A,DEPT_01,50.0,8
2025-06-05,OUTLET_1,PROD_001,Home,State_A,DEPT_01,55.5,21
2025-06-05,OUTLET_1,PROD_002,Clothing,State_A,DEPT_01,61.0,25
2025-06-05,OUTLET_1,PROD_003,Electronics,State_A,DEPT_01,66.5,29
2025-06-05,OUTLET_1,PROD_004,Home,State_A,DEPT_01,72.0,28
2025-06-05,OUTLET_1,PROD_005,Clothing,State_A,DEPT_01,77.5,14
2025-06-05,OUTLET_1,PROD_006,Electronics,State_A,DEPT_01,83.0,13
2025-06-05,OUTLET_1,PROD_007,Home,State_A,DEPT_01,88.5,14
2025-06-05,OUTLET_1,PROD_008,Clothing,State_A,DEPT_01,94.0,25
2025-06-05,OUTLET_1,PROD_009,Electronics,State_A,DEPT_01,99.5,31
2025-06-05,OUTLET_1,PROD_010,Home,State_A,DEPT_01,105.0,16
2025-06-05,OUTLET_1,PROD_011,Clothing,State_A,DEPT_01,110.5,14
2025-06-05,OUTLET_1,PROD_012,Electronics,State_A,DEPT_01,116.0,29
2025-06-05,OUTLET_1,PROD_013,Home,State_A,DEPT_01,121.5,27
2025-06-05,OUTLET_1,PROD_014,Clothing,State_A,DEPT_01,127.0,31
2025-06-05,OUTLET_1,PROD_015,Electronics,State_A,DEPT_01,132.5,11
2025-06-05,OUTLET_1,PROD_016,Home,State_A,DEPT_01,138.0,13
2025-06-05,OUTLET_1,PROD_017,Clothing,State_A,DEPT_01,143.5,21
2025-06-05,OUTLET_1,PROD_018,Electronics,State_A,DEPT_01,149.0,27
2025-06-05,OUTLET_1,PROD_019,Home,State_A,DEPT_01,154.5,35
2025-06-05,OUTLET_2,PROD_000,Electronics,State_B,DEPT_01,50.0,11
2025-06-05,OUTLET_2,PROD_001,Home,State_B,DEPT_01,55.5,17
2025-06-05,OUTLET_2,PROD_002,Clothing,State_B,DEPT_01,61.0,24
2025-06-05,OUTLET_2,PROD_003,Electronics,State_B,DEPT_01,66.5,26
2025-06-05,OUTLET_2,PROD_004,Home,State_B,DEPT_01,72.0,35
2025-06-05,OUTLET_2,PROD_005,Clothing,State_B,DEPT_01,77.5,13
2025-06-05,OUTLET_2,PROD_006,Electronics,State_B,DEPT_01,83.0,19
2025-06-05,OUTLET_2,PROD_007,Home,State_B,DEPT_01,88.5,17
2025-06-05,OUTLET_2,PROD_008,Clothing,State_B,DEPT_01,94.0,26
2025-06-05,OUTLET_2,PROD_009,Electronics,State_B,DEPT_01,99.5,30
2025-06-05,OUTLET_2,PROD_010,Home,State_B,DEPT_01,105.0,6
2025-06-05,OUTLET_2,PROD_011,Clothing,State_B,DEPT_01,110.5,22
2025-06-05,OUTLET_2,PROD_012,Electronics,State_B,DEPT_01,116.0,24
2025-06-05,OUTLET_2,PROD_013,Home,State_B,DEPT_01,121.5,22
2025-06-05,OUTLET_2,PROD_014,Clothing,State_B,DEPT_01,127.0,36
2025-06-05,OUTLET_2,PROD_015,Electronics,State_B,DEPT_01,132.5,12
2025-06-05,OUTLET_2,PROD_016,Home,State_B,DEPT_01,138.0,18
2025-06-05,OUTLET_2,PROD_017,Clothing,State_B,DEPT_01,143.5,20
2025-06-05,OUTLET_2,PROD_018,Electronics,State_B,DEPT_01,149.0,30
2025-06-05,OUTLET_2,PROD_019,Home,State_B,DEPT_01,154.5,31
2025-06-06,OUTLET_1,PROD_000,Electronics,State_A,DEPT_01,50.0,13
2025-06-06,OUTLET_1,PROD_001,Home,State_A,DEPT_01,55.5,20
2025-06-06,OUTLET_1,PROD_002,Clothing,State_A,DEPT_01,61.0,24
2025-06-06,OUTLET_1,PROD_003,Electronics,State_A,DEPT_01,66.5,25
2025-06-06,OUTLET_1,PROD_004,Home,State_A,DEPT_01,72.0,31
2025-06-06,OUTLET_1,PROD_005,Clothing,State_A,DEPT_01,77.5,43
2025-06-06,OUTLET_1,PROD_006,Electronics,State_A,DEPT_01,83.0,17
2025-06-06,OUTLET_1,PROD_007,Home,State_A,DEPT_01,88.5,25
2025-06-06,OUTLET_1,PROD_008,Clothing,State_A,DEPT_01,94.0,24
2025-06-06,OUTLET_1,PROD_009,Electronics,State_A,DEPT_01,99.5,35
2025-06-06,OUTLET_1,PROD_010,Home,State_A,DEPT_01,105.0,8
2025-06-06,OUTLET_1,PROD_011,Clothing,State_A,DEPT_01,110.5,13
2025-06-06,OUTLET_1,PROD_012,Electronics,State_A,DEPT_01,116.0,22
2025-06-06,OUTLET_1,PROD_013,Home,State_A,DEPT_01,121.5,26
2025-06-06,OUTLET_1,PROD_014,Clothing,State_A,DEPT_01,127.0,31
2025-06-06,OUTLET_1,PROD_015,Electronics,State_A,DEPT_01,132.5,13
2025-06-06,OUTLET_1,PROD_016,Home,State_A,DEPT_01,138.0,14
2025-06-06,OUTLET_1,PROD_017,Clothing,State_A,DEPT_01,143.5,23
2025-06-06,OUTLET_1,PROD_018,Electronics,State_A,DEPT_01,149.0,26
2025-06-06,OUTLET_1,PROD_019,Home,State_A,DEPT_01,154.5,34
2025-06-06,OUTLET_2,PROD_000,Electronics,State_B,DEPT_01,50.0,8
2025-06-06,OUTLET_2,PROD_001,Home,State_B,DEPT_01,55.5,14
2025-06-06,OUTLET_2,PROD_002,Clothing,State_B,DEPT_01,61.0,27
2025-06-06,OUTLET_2,PROD_003,Electronics,State_B,DEPT_01,66.5,28
2025-06-06,OUTLET_2,PROD_004,Home,State_B,DEPT_01,72.0,30
2025-06-06,OUTLET_2,PROD_005,Clothing,State_B,DEPT_01,77.5,15
2025-06-06,OUTLET_2,PROD_006,Electronics,State_B,DEPT_01,83.0,21
2025-06-06,OUTLET_2,PROD_007,Home,State_B,DEPT_01,88.5,20
2025-06-06,OUTLET_2,PROD_008,Clothing,State_B,DEPT_01,94.0,27
2025-06-06,OUTLET_2,PROD_009,Electronics,State_B,DEPT_01,99.5,37
2025-06-06,OUTLET_2,PROD_010,Home,State_B,DEPT_01,105.0,9
2025-06-06,OUTLET_2,PROD_011,Clothing,State_B,DEPT_01,110.5,14
2025-06-06,OUTLET_2,PROD_012,Electronics,State_B,DEPT_01,116.0,22
2025-06-06,OUTLET_2,PROD_013,Home,State_B,DEPT_01,121.5,23
2025-06-06,OUTLET_2,PROD_014,Clothing,State_B,DEPT_01,127.0,32
2025-06-06,OUTLET_2,PROD_015,Electronics,State_B,DEPT_01,132.5,12
2025-06-06,OUTLET_2,PROD_016,Home,State_B,DEPT_01,138.0,13
2025-06-06,OUTLET_2,PROD_017,Clothing,State_B,DEPT_01,143.5,20
2025-06-06,OUTLET_2,PROD_018,Electronics,State_B,DEPT_01,149.0,32
2025-06-06,OUTLET_2,PROD_019,Home,State_B,DEPT_01,154.5,33
2025-06-07,OUTLET_1,PROD_000,Electronics,State_A,DEPT_01,50.0,9
2025-06-07,OUTLET_1,PROD_001,Home,State_A,DEPT_01,55.5,16
2025-06-07,OUTLET_1,PROD_002,Clothing,State_A,DEPT_01,61.0,24
2025-06-07,OUTLET_1,PROD_003,Electronics,State_A,DEPT_01,66.5,27
2025-06-07,OUTLET_1,PROD_004,Home,State_A,DEPT_01,72.0,33
2025-06-07,OUTLET_1,PROD_005,Clothing,State_A,DEPT_01,77.5,14
2025-06-07,OUTLET_1,PROD_006,Electronics,State_A,DEPT_01,83.0,22
2025-06-07,OUTLET_1,PROD_007,Home,State_A,DEPT_01,88.5,22
2025-06-07,OUTLET_1,PROD_008,Clothing,State_A,DEPT_01,94.0,27
2025-06-07,OUTLET_1,PROD_009,Electronics,State_A,DEPT_01,99.5,33
2025-06-07,OUTLET_1,PROD_010,Home,State_A,DEPT_01,105.0,15
2025-06-07,OUTLET_1,PROD_011,Clothing,State_A,DEPT_01,110.5,15
2025-06-07,OUTLET_1,PROD_012,Electronics,State_A,DEPT_01,116.0,20
2025-06-07,OUTLET_1,PROD_013,Home,State_A,DEPT_01,121.5,29
2025-06-07,OUTLET_1,PROD_014,Clothing,State_A,DEPT_01,127.0,35
2025-06-07,OUTLET_1,PROD_015,Electronics,State_A,DEPT_01,132.5,14
2025-06-07,OUTLET_1,PROD_016,Home,State_A,DEPT_01,138.0,18
2025-06-07,OUTLET_1,PROD_017,Clothing,State_A,DEPT_01,143.5,23
2025-06-07,OUTLET_1,PROD_018,Electronics,State_A,DEPT_01,149.0,29
2025-06-07,OUTLET_1,PROD_019,Home,State_A,DEPT_01,154.5,77
2025-06-07,OUTLET_2,PROD_000,Electronics,State_B,DEPT_01,50.0,8
2025-06-07,OUTLET_2,PROD_001,Home,State_B,DEPT_01,55.5,16
2025-06-07,OUTLET_2,PROD_002,Clothing,State_B,DEPT_01,61.0,16
2025-06-07,OUTLET_2,PROD_003,Electronics,State_B,DEPT_01,66.5,26
2025-06-07,OUTLET_2,PROD_004,Home,State_B,DEPT_01,72.0,32
2025-06-07,OUTLET_2,PROD_005,Clothing,State_B,DEPT_01,77.5,11
2025-06-07,OUTLET_2,PROD_006,Electronics,State_B,DEPT_01,83.0,18
2025-06-07,OUTLET_2,PROD_007,Home,State_B,DEPT_01,88.5,25
2025-06-07,OUTLET_2,PROD_008,Clothing,State_B,DEPT_01,94.0,27
2025-06-07,OUTLET_2,PROD_009,Electronics,State_B,DEPT_01,99.5,31
2025-06-07,OUTLET_2,PROD_010,Home,State_B,DEPT_01,105.0,13
2025-06-07,OUTLET_2,PROD_011,Clothing,State_B,DEPT_01,110.5,17
2025-06-07,OUTLET_2,PROD_012,Electronics,State_B,DEPT_01,116.0,24
2025-06-07,OUTLET_2,PROD_013,Home,State_B,DEPT_01,121.5,27
2025-06-07,OUTLET_2,PROD_014,Clothing,State_B,DEPT_01,127.0,28
2025-06-07,OUTLET_2,PROD_015,Electronics,State_B,DEPT_01,132.5,15
2025-06-07,OUTLET_2,PROD_016,Home,State_B,DEPT_01,138.0,12
2025-06-07,OUTLET_2,PROD_017,Clothing,State_B,DEPT_01,143.5,24
2025-06-07,OUTLET_2,PROD_018,Electronics,State_B,DEPT_01,149.0,28
2025-06-07,OUTLET_2,PROD_019,Home,State_B,DEPT_01,154.5,33
2025-06-08,OUTLET_1,PROD_000,Electronics,State_A,DEPT_01,50.0,12
2025-06-08,OUTLET_1,PROD_001,Home,State_A,DEPT_01,55.5,23
2025-06-08,OUTLET_1,PROD_002,Clothing,State_A,DEPT_01,61.0,19
2025-06-08,OUTLET_1,PROD_003,Electronics,State_A,DEPT_01,66.5,26
2025-06-08,OUTLET_1,PROD_004,Home,State_A,DEPT_01,72.0,35
2025-06-08,OUTLET_1,PROD_005,Clothing,State_A,DEPT_01,77.5,13
2025-06-08,OUTLET_1,PROD_006,Electronics,State_A,DEPT_01,83.0,18
2025-06-08,OUTLET_1,PROD_007,Home,State_A,DEPT_01,88.5,25
2025-06-08,OUTLET_1,PROD_008,Clothing,State_A,DEPT_01,94.0,31
2025-06-08,OUTLET_1,PROD_009,Electronics,State_A,DEPT_01,99.5,34
2025-06-08,OUTLET_1,PROD_010,Home,State_A,DEPT_01,105.0,17
2025-06-08,OUTLET_1,PROD_011,Clothing,State_A,DEPT_01,110.5,18
2025-06-08,OUTLET_1,PROD_012,Electronics,State_A,DEPT_01,116.0,24
2025-06-08,OUTLET_1,PROD_013,Home,State_A,DEPT_01,121.5,29
2025-06-08,OUTLET_1,PROD_014,Clothing,State_A,DEPT_01,127.0,35
2025-06-08,OUTLET_1,PROD_015,Electronics,State_A,DEPT_01,132.5,9
2025-06-08,OUTLET_1,PROD_016,Home,State_A,DEPT_01,138.0,13
2025-06-08,OUTLET_1,PROD_017,Clothing,State_A,DEPT_01,143.5,18
2025-06-08,OUTLET_1,PROD_018,Electronics,State_A,DEPT_01,149.0,25
2025-06-08,OUTLET_1,PROD_019,Home,State_A,DEPT_01,154.5,35
2025-06-08,OUTLET_2,PROD_000,Electronics,State_B,DEPT_01,50.0,21
2025-06-08,OUTLET_2,PROD_001,Home,State_B,DEPT_01,55.5,16
2025-06-08,OUTLET_2,PROD_002,Clothing,State_B,DEPT_01,61.0,21
2025-06-08,OUTLET_2,PROD_003,Electronics,State_B,DEPT_01,66.5,23
2025-06-08,OUTLET_2,PROD_004,Home,State_B,DEPT_01,72.0,28
2025-06-08,OUTLET_2,PROD_005,Clothing,State_B,DEPT_01,77.5,10
2025-06-08,OUTLET_2,PROD_006,Electronics,State_B,DEPT_01,83.0,14
2025-06-08,OUTLET_2,PROD_007,Home,State_B,DEPT_01,88.5,64
2025-06-08,OUTLET_2,PROD_008,Clothing,State_B,DEPT_01,94.0,28
2025-06-08,OUTLET_2,PROD_009,Electronics,State_B,DEPT_01,99.5,35
2025-06-08,OUTLET_2,PROD_010,Home,State_B,DEPT_01,105.0,14
2025-06-08,OUTLET_2,PROD_011,Clothing,State_B,DEPT_01,110.5,20
2025-06-08,OUTLET_2,PROD_012,Electronics,State_B,DEPT_01,116.0,27
2025-06-08,OUTLET_2,PROD_013,Home,State_B,DEPT_01,121.5,27
2025-06-08,OUTLET_2,PROD_014,Clothing,State_B,DEPT_01,127.0,31
2025-06-08,OUTLET_2,PROD_015,Electronics,State_B,DEPT_01,132.5,8
2025-06-08,OUTLET_2,PROD_016,Home,State_B,DEPT_01,138.0,15
2025-06-08,OUTLET_2,PROD_017,Clothing,State_B,DEPT_01,143.5,49
2025-06-08,OUTLET_2,PROD_018,Electronics,State_B,DEPT_01,149.0,25
2025-06-08,OUTLET_2,PROD_019,Home,State_B,DEPT_01,154.5,28
2025-06-09,OUTLET_1,PROD_000,Electronics,State_A,DEPT_01,50.0,9
2025-06-09,OUTLET_1,PROD_001,Home,State_A,DEPT_01,55.5,21
2025-06-09,OUTLET_1,PROD_002,Clothing,State_A,DEPT_01,61.0,19
2025-06-09,OUTLET_1,PROD_003,Electronics,State_A,DEPT_01,66.5,20
2025-06-09,OUTLET_1,PROD_004,Home,State_A,DEPT_01,72.0,31
2025-06-09,OUTLET_1,PROD_005,Clothing,State_A,DEPT_01,77.5,9
2025-06-09,OUTLET_1,PROD_006,Electronics,State_A,DEPT_01,83.0,15
2025-06-09,OUTLET_1,PROD_007,Home,State_A,DEPT_01,88.5,24
2025-06-09,OUTLET_1,PROD_008,Clothing,State_A,DEPT_01,94.0,26
2025-06-09,OUTLET_1,PROD_009,Electronics,State_A,DEPT_01,99.5,30
2025-06-09,OUTLET_1,PROD_010,Home,State_A,DEPT_01,105.0,1
2025-06-09,OUTLET_1,PROD_011,Clothing,State_A,DEPT_01,110.5,15
2025-06-09,OUTLET_1,PROD_012,Electronics,State_A,DEPT_01,116.0,21
2025-06-09,OUTLET_1,PROD_013,Home,State_A,DEPT_01,121.5,27
2025-06-09,OUTLET_1,PROD_014,Clothing,State_A,DEPT_01,127.0,26
2025-06-09,OUTLET_1,PROD_015,Electronics,State_A,DEPT_01,132.5,8
2025-06-09,OUTLET_1,PROD_016,Home,State_A,DEPT_01,138.0,18
2025-06-09,OUTLET_1,PROD_017,Clothing,State_A,DEPT_01,143.5,21
2025-06-09,OUTLET_1,PROD_018,Electronics,State_A,DEPT_01,149.0,25
2025-06-09,OUTLET_1,PROD_019,Home,State_A,DEPT_01,154.5,33
2025-06-09,OUTLET_2,PROD_000,Electronics,State_B,DEPT_01,50.0,10
2025-06-09,OUTLET_2,PROD_001,Home,State_B,DEPT_01,55.5,19
2025-06-09,OUTLET_2,PROD_002,Clothing,State_B,DEPT_01,61.0,20
2025-06-09,OUTLET_2,PROD_003,Electronics,State_B,DEPT_01,66.5,24
2025-06-09,OUTLET_2,PROD_004,Home,State_B,DEPT_01,72.0,39
2025-06-09,OUTLET_2,PROD_005,Clothing,State_B,DEPT_01,77.5,13
2025-06-09,OUTLET_2,PROD_006,Electronics,State_B,DEPT_01,83.0,14
2025-06-09,OUTLET_2,PROD_007,Home,State_B,DEPT_01,88.5,20
2025-06-09,OUTLET_2,PROD_008,Clothing,State_B,DEPT_01,94.0,25
2025-06-09,OUTLET_2,PROD_009,Electronics,State_B,DEPT_01,99.5,27
2025-06-09,OUTLET_2,PROD_010,Home,State_B,DEPT_01,105.0,10
2025-06-09,OUTLET_2,PROD_011,Clothing,State_B,DEPT_01,110.5,17
2025-06-09,OUTLET_2,PROD_012,Electronics,State_B,DEPT_01,116.0,25
2025-06-09,OUTLET_2,PROD_013,Home,State_B,DEPT_01,121.5,26
2025-06-09,OUTLET_2,PROD_014,Clothing,State_B,DEPT_01,127.0,30
2025-06-09,OUTLET_2,PROD_015,Electronics,State_B,DEPT_01,132.5,16
2025-06-09,OUTLET_2,PROD_016,Home,State_B,DEPT_01,138.0,20
2025-06-09,OUTLET_2,PROD_017,Clothing,State_B,DEPT_01,143.5,22
2025-06-09,OUTLET_2,PROD_018,Electronics,State_B,DEPT_01,149.0,26
2025-06-09,OUTLET_2,PROD_019,Home,State_B,DEPT_01,154.5,32
2025-06-10,OUTLET_1,PROD_000,Electronics,State_A,DEPT_01,50.0,10
2025-06-10,OUTLET_1,PROD_001,Home,State_A,DEPT_01,55.5,16
2025-06-10,OUTLET_1,PROD_002,Clothing,State_A,DEPT_01,61.0,48
2025-06-10,OUTLET_1,PROD_003,Electronics,State_A,DEPT_01,66.5,30
2025-06-10,OUTLET_1,PROD_004,Home,State_A,DEPT_01,72.0,33
2025-06-10,OUTLET_1,PROD_005,Clothing,State_A,DEPT_01,77.5,12
2025-06-10,OUTLET_1,PROD_006,Electronics,State_A,DEPT_01,83.0,13
2025-06-10,OUTLET_1,PROD_007,Home,State_A,DEPT_01,88.5,23
2025-06-10,OUTLET_1,PROD_008,Clothing,State_A,DEPT_01,94.0,29
2025-06-10,OUTLET_1,PROD_009,Electronics,State_A,DEPT_01,99.5,30
2025-06-10,OUTLET_1,PROD_010,Home,State_A,DEPT_01,105.0,12
2025-06-10,OUTLET_1,PROD_011,Clothing,State_A,DEPT_01,110.5,8
2025-06-10,OUTLET_1,PROD_012,Electronics,State_A,DEPT_01,116.0,23
2025-06-10,OUTLET_1,PROD_013,Home,State_A,DEPT_01,121.5,34
2025-06-10,OUTLET_1,PROD_014,Clothing,State_A,DEPT_01,127.0,30
2025-06-10,OUTLET_1,PROD_015,Electronics,State_A,DEPT_01,132.5,13
2025-06-10,OUTLET_1,PROD_016,Home,State_A,DEPT_01,138.0,15
2025-06-10,OUTLET_1,PROD_017,Clothing,State_A,DEPT_01,143.5,23
2025-06-10,OUTLET_1,PROD_018,Electronics,State_A,DEPT_01,149.0,26
2025-06-10,OUTLET_1,PROD_019,Home,State_A,DEPT_01,154.5,28
2025-06-10,OUTLET_2,PROD_000,Electronics,State_B,DEPT_01,50.0,7
2025-06-10,OUTLET_2,PROD_001,Home,State_B,DEPT_01,55.5,20
2025-06-10,OUTLET_2,PROD_002,Clothing,State_B,DEPT_01,61.0,16
2025-06-10,OUTLET_2,PROD_003,Electronics,State_B,DEPT_01,66.5,28
2025-06-10,OUTLET_2,PROD_004,Home,State_B,DEPT_01,72.0,30
2025-06-10,OUTLET_2,PROD_005,Clothing,State_B,DEPT_01,77.5,14
2025-06-10,OUTLET_2,PROD_006,Electronics,State_B,DEPT_01,83.0,19
2025-06-10,OUTLET_2,PROD_007,Home,State_B,DEPT_01,88.5,20
2025-06-10,OUTLET_2,PROD_008,Clothing,State_B,DEPT_01,94.0,33
2025-06-10,OUTLET_2,PROD_009,Electronics,State_B,DEPT_01,99.5,31
2025-06-10,OUTLET_2,PROD_010,Home,State_B,DEPT_01,105.0,14
2025-06-10,OUTLET_2,PROD_011,Clothing,State_B,DEPT_01,110.5,15
2025-06-10,OUTLET_2,PROD_012,Electronics,State_B,DEPT_01,116.0,21
2025-06-10,OUTLET_2,PROD_013,Home,State_B,DEPT_01,121.5,25
2025-06-10,OUTLET_2,PROD_014,Clothing,State_B,DEPT_01,127.0,31
2025-06-10,OUTLET_2,PROD_015,Electronics,State_B,DEPT_01,132.5,6
2025-06-10,OUTLET_2,PROD_016,Home,State_B,DEPT_01,138.0,15
2025-06-10,OUTLET_2,PROD_017,Clothing,State_B,DEPT_01,143.5,22
2025-06-10,OUTLET_2,PROD_018,Electronics,State_B,DEPT_01,149.0,24
2025-06-10,OUTLET_2,PROD_019,Home,State_B,DEPT_01,154.5,32
2025-06-11,OUTLET_1,PROD_000,Electronics,State_A,DEPT_01,50.0,16
2025-06-11,OUTLET_1,PROD_001,Home,State_A,DEPT_01,55.5,17
2025-06-11,OUTLET_1,PROD_002,Clothing,State_A,DEPT_01,61.0,21
2025-06-11,OUTLET_1,PROD_003,Electronics,State_A,DEPT_01,66.5,26
2025-06-11,OUTLET_1,PROD_004,Home,State_A,DEPT_01,72.0,31
2025-06-11,OUTLET_1,PROD_005,Clothing,State_A,DEPT_01,77.5,12
2025-06-11,OUTLET_1,PROD_006,Electronics,State_A,DEPT_01,83.0,15
2025-06-11,OUTLET_1,PROD_007,Home,State_A,DEPT_01,88.5,18
2025-06-11,OUTLET_1,PROD_008,Clothing,State_A,DEPT_01,94.0,22
2025-06-11,OUTLET_1,PROD_009,Electronics,State_A,DEPT_01,99.5,34
2025-06-11,OUTLET_1,PROD_010,Home,State_A,DEPT_01,105.0,17
2025-06-11,OUTLET_1,PROD_011,Clothing,State_A,DEPT_01,110.5,21
2025-06-11,OUTLET_1,PROD_012,Electronics,State_A,DEPT_01,116.0,18
2025-06-11,OUTLET_1,PROD_013,Home,State_A,DEPT_01,121.5,31
2025-06-11,OUTLET_1,PROD_014,Clothing,State_A,DEPT_01,127.0,35
2025-06-11,OUTLET_1,PROD_015,Electronics,State_A,DEPT_01,132.5,13
2025-06-11,OUTLET_1,PROD_016,Home,State_A,DEPT_01,138.0,16
2025-06-11,OUTLET_1,PROD_017,Clothing,State_A,DEPT_01,143.5,22
2025-06-11,OUTLET_1,PROD_018,Electronics,State_A,DEPT_01,149.0,60
2025-06-11,OUTLET_1,PROD_019,Home,State_A,DEPT_01,154.5,35
2025-06-11,OUTLET_2,PROD_000,Electronics,State_B,DEPT_01,50.0,12
2025-06-11,OUTLET_2,PROD_001,Home,State_B,DEPT_01,55.5,16
2025-06-11,OUTLET_2,PROD_002,Clothing,State_B,DEPT_01,61.0,24
2025-06-11,OUTLET_2,PROD_003,Electronics,State_B,DEPT_01,66.5,26
2025-06-11,OUTLET_2,PROD_004,Home,State_B,DEPT_01,72.0,33
2025-06-11,OUTLET_2,PROD_005,Clothing,State_B,DEPT_01,77.5,17
2025-06-11,OUTLET_2,PROD_006,Electronics,State_B,DEPT_01,83.0,19
2025-06-11,OUTLET_2,PROD_007,Home,State_B,DEPT_01,88.5,20
2025-06-11,OUTLET_2,PROD_008,Clothing,State_B,DEPT_01,94.0,23
2025-06-11,OUTLET_2,PROD_009,Electronics,State_B,DEPT_01,99.5,31
2025-06-11,OUTLET_2,PROD_010,Home,State_B,DEPT_01,105.0,46
2025-06-11,OUTLET_2,PROD_011,Clothing,State_B,DEPT_01,110.5,17
2025-06-11,OUTLET_2,PROD_012,Electronics,State_B,DEPT_01,116.0,24
2025-06-11,OUTLET_2,PROD_013,Home,State_B,DEPT_01,121.5,26
2025-06-11,OUTLET_2,PROD_014,Clothing,State_B,DEPT_01,127.0,32
2025-06-11,OUTLET_2,PROD_015,Electronics,State_B,DEPT_01,132.5,10
2025-06-11,OUTLET_2,PROD_016,Home,State_B,DEPT_01,138.0,19
2025-06-11,OUTLET_2,PROD_017,Clothing,State_B,DEPT_01,143.5,18
2025-06-11,OUTLET_2,PROD_018,Electronics,State_B,DEPT_01,149.0,27
2025-06-11,OUTLET_2,PROD_019,Home,State_B,DEPT_01,154.5,31
2025-06-12,OUTLET_1,PROD_000,Electronics,State_A,DEPT_01,50.0,11
2025-06-12,OUTLET_1,PROD_001,Home,State_A,DEPT_01,55.5,22
2025-06-12,OUTLET_1,PROD_002,Clothing,State_A,DEPT_01,61.0,21
2025-06-12,OUTLET_1,PROD_003,Electronics,State_A,DEPT_01,66.5,28
2025-06-12,OUTLET_1,PROD_004,Home,State_A,DEPT_01,72.0,33
2025-06-12,OUTLET_1,PROD_005,Clothing,State_A,DEPT_01,77.5,14
2025-06-12,OUTLET_1,PROD_006,Electronics,State_A,DEPT_01,83.0,12
2025-06-12,OUTLET_1,PROD_007,Home,State_A,DEPT_01,88.5,26
2025-06-12,OUTLET_1,PROD_008,Clothing,State_A,DEPT_01,94.0,34
2025-06-12,OUTLET_1,PROD_009,Electronics,State_A,DEPT_01,99.5,36
2025-06-12,OUTLET_1,PROD_010,Home,State_A,DEPT_01,105.0,9
2025-06-12,OUTLET_1,PROD_011,Clothing,State_A,DEPT_01,110.5,21
2025-06-12,OUTLET_1,PROD_012,Electronics,State_A,DEPT_01,116.0,23
2025-06-12,OUTLET_1,PROD_013,Home,State_A,DEPT_01,121.5,26
2025-06-12,OUTLET_1,PROD_014,Clothing,State_A,DEPT_01,127.0,35
2025-06-12,OUTLET_1,PROD_015,Electronics,State_A,DEPT_01,132.5,13
2025-06-12,OUTLET_1,PROD_016,Home,State_A,DEPT_01,138.0,16
2025-06-12,OUTLET_1,PROD_017,Clothing,State_A,DEPT_01,143.5,20
2025-06-12,OUTLET_1,PROD_018,Electronics,State_A,DEPT_01,149.0,24
2025-06-12,OUTLET_1,PROD_019,Home,State_A,DEPT_01,154.5,32
2025-06-12,OUTLET_2,PROD_000,Electronics,State_B,DEPT_01,50.0,10
2025-06-12,OUTLET_2,PROD_001,Home,State_B,DEPT_01,55.5,18
2025-06-12,OUTLET_2,PROD_002,Clothing,State_B,DEPT_01,61.0,25
2025-06-12,OUTLET_2,PROD_003,Electronics,State_B,DEPT_01,66.5,26
2025-06-12,OUTLET_2,PROD_004,Home,State_B,DEPT_01,72.0,30
2025-06-12,OUTLET_2,PROD_005,Clothing,State_B,DEPT_01,77.5,13
2025-06-12,OUTLET_2,PROD_006,Electronics,State_B,DEPT_01,83.0,15
2025-06-12,OUTLET_2,PROD_007,Home,State_B,DEPT_01,88.5,23
2025-06-12,OUTLET_2,PROD_008,Clothing,State_B,DEPT_01,94.0,23
2025-06-12,OUTLET_2,PROD_009,Electronics,State_B,DEPT_01,99.5,34
2025-06-12,OUTLET_2,PROD_010,Home,State_B,DEPT_01,105.0,13
2025-06-12,OUTLET_2,PROD_011,Clothing,State_B,DEPT_01,110.5,16
2025-06-12,OUTLET_2,PROD_012,Electronics,State_B,DEPT_01,116.0,22
2025-06-12,OUTLET_2,PROD_013,Home,State_B,DEPT_01,121.5,28
2025-06-12,OUTLET_2,PROD_014,Clothing,State_B,DEPT_01,127.0,36
2025-06-12,OUTLET_2,PROD_015,Electronics,State_B,DEPT_01,132.5,8
2025-06-12,OUTLET_2,PROD_016,Home,State_B,DEPT_01,138.0,17
2025-06-12,OUTLET_2,PROD_017,Clothing,State_B,DEPT_01,143.5,17
2025-06-12,OUTLET_2,PROD_018,Electronics,State_B,DEPT_01,149.0,23
2025-06-12,OUTLET_2,PROD_019,Home,State_B,DEPT_01,154.5,35
2025-06-13,OUTLET_1,PROD_000,Electronics,State_A,DEPT_01,50.0,8
2025-06-13,OUTLET_1,PROD_001,Home,State_A,DEPT_01,55.5,18
2025-06-13,OUTLET_1,PROD_002,Clothing,State_A,DEPT_01,61.0,20
2025-06-13,OUTLET_1,PROD_003,Electronics,State_A,DEPT_01,66.5,22
2025-06-13,OUTLET_1,PROD_004,Home,State_A,DEPT_01,72.0,28
2025-06-13,OUTLET_1,PROD_005,Clothing,State_A,DEPT_01,77.5,9
2025-06-13,OUTLET_1,PROD_006,Electronics,State_A,DEPT_01,83.0,19
2025-06-13,OUTLET_1,PROD_007,Home,State_A,DEPT_01,88.5,19
2025-06-13,OUTLET_1,PROD_008,Clothing,State_A,DEPT_01,94.0,25
2025-06-13,OUTLET_1,PROD_009,Electronics,State_A,DEPT_01,99.5,30
2025-06-13,OUTLET_1,PROD_010,Home,State_A,DEPT_01,105.0,10
2025-06-13,OUTLET_1,PROD_011,Clothing,State_A,DEPT_01,110.5,20
2025-06-13,OUTLET_1,PROD_012,Electronics,State_A,DEPT_01,116.0,16
2025-06-13,OUTLET_1,PROD_013,Home,State_A,DEPT_01,121.5,29
2025-06-13,OUTLET_1,PROD_014,Clothing,State_A,DEPT_01,127.0,31
2025-06-13,OUTLET_1,PROD_015,Electronics,State_A,DEPT_01,132.5,13
2025-06-13,OUTLET_1,PROD_016,Home,State_A,DEPT_01,138.0,13
2025-06-13,OUTLET_1,PROD_017,Clothing,State_A,DEPT_01,143.5,19
2025-06-13,OUTLET_1,PROD_018,Electronics,State_A,DEPT_01,149.0,26
2025-06-13,OUTLET_1,PROD_019,Home,State_A,DEPT_01,154.5,29
2025-06-13,OUTLET_2,PROD_000,Electronics,State_B,DEPT_01,50.0,8
2025-06-13,OUTLET_2,PROD_001,Home,State_B,DEPT_01,55.5,11
2025-06-13,OUTLET_2,PROD_002,Clothing,State_B,DEPT_01,61.0,19
2025-06-13,OUTLET_2,PROD_003,Electronics,State_B,DEPT_01,66.5,26
2025-06-13,OUTLET_2,PROD_004,Home,State_B,DEPT_01,72.0,30
2025-06-13,OUTLET_2,PROD_005,Clothing,State_B,DEPT_01,77.5,11
2025-06-13,OUTLET_2,PROD_006,Electronics,State_B,DEPT_01,83.0,17
2025-06-13,OUTLET_2,PROD_007,Home,State_B,DEPT_01,88.5,16
2025-06-13,OUTLET_2,PROD_008,Clothing,State_B,DEPT_01,94.0,27
2025-06-13,OUTLET_2,PROD_009,Electronics,State_B,DEPT_01,99.5,30
2025-06-13,OUTLET_2,PROD_010,Home,State_B,DEPT_01,105.0,13
2025-06-13,OUTLET_2,PROD_011,Clothing,State_B,DEPT_01,110.5,13
2025-06-13,OUTLET_2,PROD_012,Electronics,State_B,DEPT_01,116.0,24
2025-06-13,OUTLET_2,PROD_013,Home,State_B,DEPT_01,121.5,31
2025-06-13,OUTLET_2,PROD_014,Clothing,State_B,DEPT_01,127.0,32
2025-06-13,OUTLET_2,PROD_015,Electronics,State_B,DEPT_01,132.5,6
2025-06-13,OUTLET_2,PROD_016,Home,State_B,DEPT_01,138.0,14
2025-06-13,OUTLET_2,PROD_017,Clothing,State_B,DEPT_01,143.5,19
2025-06-13,OUTLET_2,PROD_018,Electronics,State_B,DEPT_01,149.0,25
2025-06-13,OUTLET_2,PROD_019,Home,State_B,DEPT_01,154.5,33
2025-06-14,OUTLET_1,PROD_000,Electronics,State_A,DEPT_01,50.0,8
2025-06-14,OUTLET_1,PROD_001,Home,State_A,DEPT_01,55.5,20
2025-06-14,OUTLET_1,PROD_002,Clothing,State_A,DEPT_01,61.0,23
2025-06-14,OUTLET_1,PROD_003,Electronics,State_A,DEPT_01,66.5,27
2025-06-14,OUTLET_1,PROD_004,Home,State_A,DEPT_01,72.0,28
2025-06-14,OUTLET_1,PROD_005,Clothing,State_A,DEPT_01,77.5,17
2025-06-14,OUTLET_1,PROD_006,Electronics,State_A,DEPT_01,83.0,22
2025-06-14,OUTLET_1,PROD_007,Home,State_A,DEPT_01,88.5,19
2025-06-14,OUTLET_1,PROD_008,Clothing,State_A,DEPT_01,94.0,23
2025-06-14,OUTLET_1,PROD_009,Electronics,State_A,DEPT_01,99.5,30
2025-06-14,OUTLET_1,PROD_010,Home,State_A,DEPT_01,105.0,12
2025-06-14,OUTLET_1,PROD_011,Clothing,State_A,DEPT_01,110.5,11
2025-06-14,OUTLET_1,PROD_012,Electronics,State_A,DEPT_01,116.0,18
2025-06-14,OUTLET_1,PROD_013,Home,State_A,DEPT_01,121.5,27
2025-06-14,OUTLET_1,PROD_014,Clothing,State_A,DEPT_01,127.0,34
2025-06-14,OUTLET_1,PROD_015,Electronics,State_A,DEPT_01,132.5,12
2025-06-14,OUTLET_1,PROD_016,Home,State_A,DEPT_01,138.0,18
2025-06-14,OUTLET_1,PROD_017,Clothing,State_A,DEPT_01,143.5,24
2025-06-14,OUTLET_1,PROD_018,Electronics,State_A,DEPT_01,149.0,29
2025-06-14,OUTLET_1,PROD_019,Home,State_A,DEPT_01,154.5,32
2025-06-14,OUTLET_2,PROD_000,Electronics,State_B,DEPT_01,50.0,9
2025-06-14,OUTLET_2,PROD_001,Home,State_B,DEPT_01,55.5,10
2025-06-14,OUTLET_2,PROD_002,Clothing,State_B,DEPT_01,61.0,25
2025-06-14,OUTLET_2,PROD_003,Electronics,State_B,DEPT_01,66.5,26
2025-06-14,OUTLET_2,PROD_004,Home,State_B,DEPT_01,72.0,31
2025-06-14,OUTLET_2,PROD_005,Clothing,State_B,DEPT_01,77.5,14
2025-06-14,OUTLET_2,PROD_006,Electronics,State_B,DEPT_01,83.0,12
2025-06-14,OUTLET_2,PROD_007,Home,State_B,DEPT_01,88.5,47
2025-06-14,OUTLET_2,PROD_008,Clothing,State_B,DEPT_01,94.0,23
2025-06-14,OUTLET_2,PROD_009,Electronics,State_B,DEPT_01,99.5,33
2025-06-14,OUTLET_2,PROD_010,Home,State_B,DEPT_01,105.0,9
2025-06-14,OUTLET_2,PROD_011,Clothing,State_B,DEPT_01,110.5,16
2025-06-14,OUTLET_2,PROD_012,Electronics,State_B,DEPT_01,116.0,22
2025-06-14,OUTLET_2,PROD_013,Home,State_B,DEPT_01,121.5,21
2025-06-14,OUTLET_2,PROD_014,Clothing,State_B,DEPT_01,127.0,31
2025-06-14,OUTLET_2,PROD_015,Electronics,State_B,DEPT_01,132.5,12
2025-06-14,OUTLET_2,PROD_016,Home,State_B,DEPT_01,138.0,22
2025-06-14,OUTLET_2,PROD_017,Clothing,State_B,DEPT_01,143.5,21
2025-06-14,OUTLET_2,PROD_018,Electronics,State_B,DEPT_01,149.0,28
2025-06-14,OUTLET_2,PROD_019,Home,State_B,DEPT_01,154.5,29
2025-06-15,OUTLET_1,PROD_000,Electronics,State_A,DEPT_01,50.0,14
2025-06-15,OUTLET_1,PROD_001,Home,State_A,DEPT_01,55.5,12
2025-06-15,OUTLET_1,PROD_002,Clothing,State_A,DEPT_01,61.0,22
2025-06-15,OUTLET_1,PROD_003,Electronics,State_A,DEPT_01,66.5,26
2025-06-15,OUTLET_1,PROD_004,Home,State_A,DEPT_01,72.0,35
2025-06-15,OUTLET_1,PROD_005,Clothing,State_A,DEPT_01,77.5,12
2025-06-15,OUTLET_1,PROD_006,Electronics,State_A,DEPT_01,83.0,15
2025-06-15,OUTLET_1,PROD_007,Home,State_A,DEPT_01,88.5,24
2025-06-15,OUTLET_1,PROD_008,Clothing,State_A,DEPT_01,94.0,27
2025-06-15,OUTLET_1,PROD_009,Electronics,State_A,DEPT_01,99.5,28
2025-06-15,OUTLET_1,PROD_010,Home,State_A,DEPT_01,105.0,10
2025-06-15,OUTLET_1,PROD_011,Clothing,State_A,DEPT_01,110.5,13
2025-06-15,OUTLET_1,PROD_012,Electronics,State_A,DEPT_01,116.0,22
2025-06-15,OUTLET_1,PROD_013,Home,State_A,DEPT_01,121.5,27
2025-06-15,OUTLET_1,PROD_014,Clothing,State_A,DEPT_01,127.0,36
2025-06-15,OUTLET_1,PROD_015,Electronics,State_A,DEPT_01,132.5,10
2025-06-15,OUTLET_1,PROD_016,Home,State_A,DEPT_01,138.0,15
2025-06-15,OUTLET_1,PROD_017,Clothing,State_A,DEPT_01,143.5,16
2025-06-15,OUTLET_1,PROD_018,Electronics,State_A,DEPT_01,149.0,25
2025-06-15,OUTLET_1,PROD_019,Home,State_A,DEPT_01,154.5,30
2025-06-15,OUTLET_2,PROD_000,Electronics,State_B,DEPT_01,50.0,11
2025-06-15,OUTLET_2,PROD_001,Home,State_B,DEPT_01,55.5,15
2025-06-15,OUTLET_2,PROD_002,Clothing,State_B,DEPT_01,61.0,20
2025-06-15,OUTLET_2,PROD_003,Electronics,State_B,DEPT_01,66.5,26
2025-06-15,OUTLET_2,PROD_004,Home,State_B,DEPT_01,72.0,31
2025-06-15,OUTLET_2,PROD_005,Clothing,State_B,DEPT_01,77.5,10
2025-06-15,OUTLET_2,PROD_006,Electronics,State_B,DEPT_01,83.0,15
2025-06-15,OUTLET_2,PROD_007,Home,State_B,DEPT_01,88.5,27
2025-06-15,OUTLET_2,PROD_008,Clothing,State_B,DEPT_01,94.0,25
2025-06-15,OUTLET_2,PROD_009,Electronics,State_B,DEPT_01,99.5,30
2025-06-15,OUTLET_2,PROD_010,Home,State_B,DEPT_01,105.0,6
2025-06-15,OUTLET_2,PROD_011,Clothing,State_B,DEPT_01,110.5,19
2025-06-15,OUTLET_2,PROD_012,Electronics,State_B,DEPT_01,116.0,14
2025-06-15,OUTLET_2,PROD_013,Home,State_B,DEPT_01,121.5,23
2025-06-15,OUTLET_2,PROD_014,Clothing,State_B,DEPT_01,127.0,33
2025-06-15,OUTLET_2,PROD_015,Electronics,State_B,DEPT_01,132.5,5
2025-06-15,OUTLET_2,PROD_016,Home,State_B,DEPT_01,138.0,14
2025-06-15,OUTLET_2,PROD_017,Clothing,State_B,DEPT_01,143.5,21
2025-06-15,OUTLET_2,PROD_018,Electronics,State_B,DEPT_01,149.0,25
2025-06-15,OUTLET_2,PROD_019,Home,State_B,DEPT_01,154.5,29
2025-06-16,OUTLET_1,PROD_000,Electronics,State_A,DEPT_01,50.0,13
2025-06-16,OUTLET_1,PROD_001,Home,State_A,DEPT_01,55.5,18
2025-06-16,OUTLET_1,PROD_002,Clothing,State_A,DEPT_01,61.0,23
2025-06-16,OUTLET_1,PROD_003,Electronics,State_A,DEPT_01,66.5,24
2025-06-16,OUTLET_1,PROD_004,Home,State_A,DEPT_01,72.0,31
2025-06-16,OUTLET_1,PROD_005,Clothing,State_A,DEPT_01,77.5,9
2025-06-16,OUTLET_1,PROD_006,Electronics,State_A,DEPT_01,83.0,23
2025-06-16,OUTLET_1,PROD_007,Home,State_A,DEPT_01,88.5,22
2025-06-16,OUTLET_1,PROD_008,Clothing,State_A,DEPT_01,94.0,24
2025-06-16,OUTLET_1,PROD_009,Electronics,State_A,DEPT_01,99.5,37
2025-06-16,OUTLET_1,PROD_010,Home,State_A,DEPT_01,105.0,10
2025-06-16,OUTLET_1,PROD_011,Clothing,State_A,DEPT_01,110.5,17
2025-06-16,OUTLET_1,PROD_012,Electronics,State_A,DEPT_01,116.0,23
2025-06-16,OUTLET_1,PROD_013,Home,State_A,DEPT_01,121.5,60
2025-06-16,OUTLET_1,PROD_014,Clothing,State_A,DEPT_01,127.0,28
2025-06-16,OUTLET_1,PROD_015,Electronics,State_A,DEPT_01,132.5,13
2025-06-16,OUTLET_1,PROD_016,Home,State_A,DEPT_01,138.0,14
2025-06-16,OUTLET_1,PROD_017,Clothing,State_A,DEPT_01,143.5,20
2025-06-16,OUTLET_1,PROD_018,Electronics,State_A,DEPT_01,149.0,30
2025-06-16,OUTLET_1,PROD_019,Home,State_A,DEPT_01,154.5,29
2025-06-16,OUTLET_2,PROD_000,Electronics,State_B,DEPT_01,50.0,6
2025-06-16,OUTLET_2,PROD_001,Home,State_B,DEPT_01,55.5,10
2025-06-16,OUTLET_2,PROD_002,Clothing,State_B,DEPT_01,61.0,24
2025-06-16,OUTLET_2,PROD_003,Electronics,State_B,DEPT_01,66.5,23
2025-06-16,OUTLET_2,PROD_004,Home,State_B,DEPT_01,72.0,36
2025-06-16,OUTLET_2,PROD_005,Clothing,State_B,DEPT_01,77.5,10
2025-06-16,OUTLET_2,PROD_006,Electronics,State_B,DEPT_01,83.0,34
2025-06-16,OUTLET_2,PROD_007,Home,State_B,DEPT_01,88.5,17
2025-06-16,OUTLET_2,PROD_008,Clothing,State_B,DEPT_01,94.0,27
2025-06-16,OUTLET_2,PROD_009,Electronics,State_B,DEPT_01,99.5,31
2025-06-16,OUTLET_2,PROD_010,Home,State_B,DEPT_01,105.0,11
2025-06-16,OUTLET_2,PROD_011,Clothing,State_B,DEPT_01,110.5,10
2025-06-16,OUTLET_2,PROD_012,Electronics,State_B,DEPT_01,116.0,22
2025-06-16,OUTLET_2,PROD_013,Home,State_B,DEPT_01,121.5,24
2025-06-16,OUTLET_2,PROD_014,Clothing,State_B,DEPT_01,127.0,28
2025-06-16,OUTLET_2,PROD_015,Electronics,State_B,DEPT_01,132.5,16
2025-06-16,OUTLET_2,PROD_016,Home,State_B,DEPT_01,138.0,17
2025-06-16,OUTLET_2,PROD_017,Clothing,State_B,DEPT_01,143.5,21
2025-06-16,OUTLET_2,PROD_018,Electronics,State_B,DEPT_01,149.0,23
2025-06-16,OUTLET_2,PROD_019,Home,State_B,DEPT_01,154.5,28
2025-06-17,OUTLET_1,PROD_000,Electronics,State_A,DEPT_01,50.0,17
2025-06-17,OUTLET_1,PROD_001,Home,State_A,DEPT_01,55.5,18
2025-06-17,OUTLET_1,PROD_002,Clothing,State_A,DEPT_01,61.0,21
2025-06-17,OUTLET_1,PROD_003,Electronics,State_A,DEPT_01,66.5,22
2025-06-17,OUTLET_1,PROD_004,Home,State_A,DEPT_01,72.0,29
2025-06-17,OUTLET_1,PROD_005,Clothing,State_A,DEPT_01,77.5,12
2025-06-17,OUTLET_1,PROD_006,Electronics,State_A,DEPT_01,83.0,19
2025-06-17,OUTLET_1,PROD_007,Home,State_A,DEPT_01,88.5,21
2025-06-17,OUTLET_1,PROD_008,Clothing,State_A,DEPT_01,94.0,29
2025-06-17,OUTLET_1,PROD_009,Electronics,State_A,DEPT_01,99.5,31
2025-06-17,OUTLET_1,PROD_010,Home,State_A,DEPT_01,105.0,14
2025-06-17,OUTLET_1,PROD_011,Clothing,State_A,DEPT_01,110.5,41
2025-06-17,OUTLET_1,PROD_012,Electronics,State_A,DEPT_01,116.0,22
2025-06-17,OUTLET_1,PROD_013,Home,State_A,DEPT_01,121.5,26
2025-06-17,OUTLET_1,PROD_014,Clothing,State_A,DEPT_01,127.0,31
2025-06-17,OUTLET_1,PROD_015,Electronics,State_A,DEPT_01,132.5,10
2025-06-17,OUTLET_1,PROD_016,Home,State_A,DEPT_01,138.0,36
2025-06-17,OUTLET_1,PROD_017,Clothing,State_A,DEPT_01,143.5,24
2025-06-17,OUTLET_1,PROD_018,Electronics,State_A,DEPT_01,149.0,29
2025-06-17,OUTLET_1,PROD_019,Home,State_A,DEPT_01,154.5,25
2025-06-17,OUTLET_2,PROD_000,Electronics,State_B,DEPT_01,50.0,11
2025-06-17,OUTLET_2,PROD_001,Home,State_B,DEPT_01,55.5,16
2025-06-17,OUTLET_2,PROD_002,Clothing,State_B,DEPT_01,61.0,20
2025-06-17,OUTLET_2,PROD_003,Electronics,State_B,DEPT_01,66.5,25
2025-06-17,OUTLET_2,PROD_004,Home,State_B,DEPT_01,72.0,29
2025-06-17,OUTLET_2,PROD_005,Clothing,State_B,DEPT_01,77.5,13
2025-06-17,OUTLET_2,PROD_006,Electronics,State_B,DEPT_01,83.0,18
2025-06-17,OUTLET_2,PROD_007,Home,State_B,DEPT_01,88.5,19
2025-06-17,OUTLET_2,PROD_008,Clothing,State_B,DEPT_01,94.0,24
2025-06-17,OUTLET_2,PROD_009,Electronics,State_B,DEPT_01,99.5,32
2025-06-17,OUTLET_2,PROD_010,Home,State_B,DEPT_01,105.0,14
2025-06-17,OUTLET_2,PROD_011,Clothing,State_B,DEPT_01,110.5,17
2025-06-17,OUTLET_2,PROD_012,Electronics,State_B,DEPT_01,116.0,17
2025-06-17,OUTLET_2,PROD_013,Home,State_B,DEPT_01,121.5,29
2025-06-17,OUTLET_2,PROD_014,Clothing,State_B,DEPT_01,127.0,30
2025-06-17,OUTLET_2,PROD_015,Electronics,State_B,DEPT_01,132.5,10
2025-06-17,OUTLET_2,PROD_016,Home,State_B,DEPT_01,138.0,20
2025-06-17,OUTLET_2,PROD_017,Clothing,State_B,DEPT_01,143.5,19
2025-06-17,OUTLET_2,PROD_018,Electronics,State_B,DEPT_01,149.0,31
2025-06-17,OUTLET_2,PROD_019,Home,State_B,DEPT_01,154.5,28
2025-06-18,OUTLET_1,PROD_000,Electronics,State_A,DEPT_01,50.0,10
2025-06-18,OUTLET_1,PROD_001,Home,State_A,DEPT_01,55.5,18
2025-06-18,OUTLET_1,PROD_002,Clothing,State_A,DEPT_01,61.0,23
2025-06-18,OUTLET_1,PROD_003,Electronics,State_A,DEPT_01,66.5,47
2025-06-18,OUTLET_1,PROD_004,Home,State_A,DEPT_01,72.0,27
2025-06-18,OUTLET_1,PROD_005,Clothing,State_A,DEPT_01,77.5,16
2025-06-18,OUTLET_1,PROD_006,Electronics,State_A,DEPT_01,83.0,18
2025-06-18,OUTLET_1,PROD_007,Home,State_A,DEPT_01,88.5,17
2025-06-18,OUTLET_1,PROD_008,Clothing,State_A,DEPT_01,94.0,29
2025-06-18,OUTLET_1,PROD_009,Electronics,State_A,DEPT_01,99.5,29
2025-06-18,OUTLET_1,PROD_010,Home,State_A,DEPT_01,105.0,11
2025-06-18,OUTLET_1,PROD_011,Clothing,State_A,DEPT_01,110.5,12
2025-06-18,OUTLET_1,PROD_012,Electronics,State_A,DEPT_01,116.0,17
2025-06-18,OUTLET_1,PROD_013,Home,State_A,DEPT_01,121.5,22
2025-06-18,OUTLET_1,PROD_014,Clothing,State_A,DEPT_01,127.0,25
2025-06-18,OUTLET_1,PROD_015,Electronics,State_A,DEPT_01,132.5,12
2025-06-18,OUTLET_1,PROD_016,Home,State_A,DEPT_01,138.0,15
2025-06-18,OUTLET_1,PROD_017,Clothing,State_A,DEPT_01,143.5,20
2025-06-18,OUTLET_1,PROD_018,Electronics,State_A,DEPT_01,149.0,22
2025-06-18,OUTLET_1,PROD_019,Home,State_A,DEPT_01,154.5,35
2025-06-18,OUTLET_2,PROD_000,Electronics,State_B,DEPT_01,50.0,5
2025-06-18,OUTLET_2,PROD_001,Home,State_B,DEPT_01,55.5,17
2025-06-18,OUTLET_2,PROD_002,Clothing,State_B,DEPT_01,61.0,17
2025-06-18,OUTLET_2,PROD_003,Electronics,State_B,DEPT_01,66.5,27
2025-06-18,OUTLET_2,PROD_004,Home,State_B,DEPT_01,72.0,34
2025-06-18,OUTLET_2,PROD_005,Clothing,State_B,DEPT_01,77.5,8
2025-06-18,OUTLET_2,PROD_006,Electronics,State_B,DEPT_01,83.0,12
2025-06-18,OUTLET_2,PROD_007,Home,State_B,DEPT_01,88.5,17
2025-06-18,OUTLET_2,PROD_008,Clothing,State_B,DEPT_01,94.0,59
2025-06-18,OUTLET_2,PROD_009,Electronics,State_B,DEPT_01,99.5,30
2025-06-18,OUTLET_2,PROD_010,Home,State_B,DEPT_01,105.0,6
2025-06-18,OUTLET_2,PROD_011,Clothing,State_B,DEPT_01,110.5,17
2025-06-18,OUTLET_2,PROD_012,Electronics,State_B,DEPT_01,116.0,27
2025-06-18,OUTLET_2,PROD_013,Home,State_B,DEPT_01,121.5,25
2025-06-18,OUTLET_2,PROD_014,Clothing,State_B,DEPT_01,127.0,32
2025-06-18,OUTLET_2,PROD_015,Electronics,State_B,DEPT_01,132.5,15
2025-06-18,OUTLET_2,PROD_016,Home,State_B,DEPT_01,138.0,18
2025-06-18,OUTLET_2,PROD_017,Clothing,State_B,DEPT_01,143.5,20
2025-06-18,OUTLET_2,PROD_018,Electronics,State_B,DEPT_01,149.0,25
2025-06-18,OUTLET_2,PROD_019,Home,State_B,DEPT_01,154.5,31
2025-06-19,OUTLET_1,PROD_000,Electronics,State_A,DEPT_01,50.0,15
2025-06-19,OUTLET_1,PROD_001,Home,State_A,DEPT_01,55.5,19
2025-06-19,OUTLET_1,PROD_002,Clothing,State_A,DEPT_01,61.0,23
2025-06-19,OUTLET_1,PROD_003,Electronics,State_A,DEPT_01,66.5,27
2025-06-19,OUTLET_1,PROD_004,Home,State_A,DEPT_01,72.0,31
2025-06-19,OUTLET_1,PROD_005,Clothing,State_A,DEPT_01,77.5,10
2025-06-19,OUTLET_1,PROD_006,Electronics,State_A,DEPT_01,83.0,12
2025-06-19,OUTLET_1,PROD_007,Home,State_A,DEPT_01,88.5,23
2025-06-19,OUTLET_1,PROD_008,Clothing,State_A,DEPT_01,94.0,24
2025-06-19,OUTLET_1,PROD_009,Electronics,State_A,DEPT_01,99.5,33
2025-06-19,OUTLET_1,PROD_010,Home,State_A,DEPT_01,105.0,5
2025-06-19,OUTLET_1,PROD_011,Clothing,State_A,DEPT_01,110.5,12
2025-06-19,OUTLET_1,PROD_012,Electronics,State_A,DEPT_01,116.0,24
2025-06-19,OUTLET_1,PROD_013,Home,State_A,DEPT_01,121.5,30
2025-06-19,OUTLET_1,PROD_014,Clothing,State_A,DEPT_01,127.0,33
2025-06-19,OUTLET_1,PROD_015,Electronics,State_A,DEPT_01,132.5,8
2025-06-19,OUTLET_1,PROD_016,Home,State_A,DEPT_01,138.0,19
2025-06-19,OUTLET_1,PROD_017,Clothing,State_A,DEPT_01,143.5,18
2025-06-19,OUTLET_1,PROD_018,Electronics,State_A,DEPT_01,149.0,29
2025-06-19,OUTLET_1,PROD_019,Home,State_A,DEPT_01,154.5,27
2025-06-19,OUTLET_2,PROD_000,Electronics,State_B,DEPT_01,50.0,9
2025-06-19,OUTLET_2,PROD_001,Home,State_B,DEPT_01,55.5,8
2025-06-19,OUTLET_2,PROD_002,Clothing,State_B,DEPT_01,61.0,17
2025-06-19,OUTLET_2,PROD_003,Electronics,State_B,DEPT_01,66.5,28
2025-06-19,OUTLET_2,PROD_004,Home,State_B,DEPT_01,72.0,37
2025-06-19,OUTLET_2,PROD_005,Clothing,State_B,DEPT_01,77.5,14
2025-06-19,OUTLET_2,PROD_006,Electronics,State_B,DEPT_01,83.0,18
2025-06-19,OUTLET_2,PROD_007,Home,State_B,DEPT_01,88.5,16
2025-06-19,OUTLET_2,PROD_008,Clothing,State_B,DEPT_01,94.0,24
2025-06-19,OUTLET_2,PROD_009,Electronics,State_B,DEPT_01,99.5,36
2025-06-19,OUTLET_2,PROD_010,Home,State_B,DEPT_01,105.0,11
2025-06-19,OUTLET_2,PROD_011,Clothing,State_B,DEPT_01,110.5,12
2025-06-19,OUTLET_2,PROD_012,Electronics,State_B,DEPT_01,116.0,19
2025-06-19,OUTLET_2,PROD_013,Home,State_B,DEPT_01,121.5,19
2025-06-19,OUTLET_2,PROD_014,Clothing,State_B,DEPT_01,127.0,33
2025-06-19,OUTLET_2,PROD_015,Electronics,State_B,DEPT_01,132.5,46
2025-06-19,OUTLET_2,PROD_016,Home,State_B,DEPT_01,138.0,14
2025-06-19,OUTLET_2,PROD_017,Clothing,State_B,DEPT_01,143.5,19
2025-06-19,OUTLET_2,PROD_018,Electronics,State_B,DEPT_01,149.0,29
2025-06-19,OUTLET_2,PROD_019,Home,State_B,DEPT_01,154.5,33
2025-06-20,OUTLET_1,PROD_000,Electronics,State_A,DEPT_01,50.0,13
2025-06-20,OUTLET_1,PROD_001,Home,State_A,DEPT_01,55.5,18
2025-06-20,OUTLET_1,PROD_002,Clothing,State_A,DEPT_01,61.0,23
2025-06-20,OUTLET_1,PROD_003,Electronics,State_A,DEPT_01,66.5,26
2025-06-20,OUTLET_1,PROD_004,Home,State_A,DEPT_01,72.0,31
2025-06-20,OUTLET_1,PROD_005,Clothing,State_A,DEPT_01,77.5,9
2025-06-20,OUTLET_1,PROD_006,Electronics,State_A,DEPT_01,83.0,14
2025-06-20,OUTLET_1,PROD_007,Home,State_A,DEPT_01,88.5,23
2025-06-20,OUTLET_1,PROD_008,Clothing,State_A,DEPT_01,94.0,23
2025-06-20,OUTLET_1,PROD_009,Electronics,State_A,DEPT_01,99.5,30
2025-06-20,OUTLET_1,PROD_010,Home,State_A,DEPT_01,105.0,9
2025-06-20,OUTLET_1,PROD_011,Clothing,State_A,DEPT_01,110.5,12
2025-06-20,OUTLET_1,PROD_012,Electronics,State_A,DEPT_01,116.0,26
2025-06-20,OUTLET_1,PROD_013,Home,State_A,DEPT_01,121.5,27
2025-06-20,OUTLET_1,PROD_014,Clothing,State_A,DEPT_01,127.0,28
2025-06-20,OUTLET_1,PROD_015,Electronics,State_A,DEPT_01,132.5,17
2025-06-20,OUTLET_1,PROD_016,Home,State_A,DEPT_01,138.0,12
2025-06-20,OUTLET_1,PROD_017,Clothing,State_A,DEPT_01,143.5,26
2025-06-20,OUTLET_1,PROD_018,Electronics,State_A,DEPT_01,149.0,26
2025-06-20,OUTLET_1,PROD_019,Home,State_A,DEPT_01,154.5,28
2025-06-20,OUTLET_2,PROD_000,Electronics,State_B,DEPT_01,50.0,7
2025-06-20,OUTLET_2,PROD_001,Home,State_B,DEPT_01,55.5,18
2025-06-20,OUTLET_2,PROD_002,Clothing,State_B,DEPT_01,61.0,24
2025-06-20,OUTLET_2,PROD_003,Electronics,State_B,DEPT_01,66.5,21
2025-06-20,OUTLET_2,PROD_004,Home,State_B,DEPT_01,72.0,25
2025-06-20,OUTLET_2,PROD_005,Clothing,State_B,DEPT_01,77.5,11
2025-06-20,OUTLET_2,PROD_006,Electronics,State_B,DEPT_01,83.0,15
2025-06-20,OUTLET_2,PROD_007,Home,State_B,DEPT_01,88.5,21
2025-06-20,OUTLET_2,PROD_008,Clothing,State_B,DEPT_01,94.0,24
2025-06-20,OUTLET_2,PROD_009,Electronics,State_B,DEPT_01,99.5,51
2025-06-20,OUTLET_2,PROD_010,Home,State_B,DEPT_01,105.0,11
2025-06-20,OUTLET_2,PROD_011,Clothing,State_B,DEPT_01,110.5,13
2025-06-20,OUTLET_2,PROD_012,Electronics,State_B,DEPT_01,116.0,22
2025-06-20,OUTLET_2,PROD_013,Home,State_B,DEPT_01,121.5,25
2025-06-20,OUTLET_2,PROD_014,Clothing,State_B,DEPT_01,127.0,38
2025-06-20,OUTLET_2,PROD_015,Electronics,State_B,DEPT_01,132.5,13
2025-06-20,OUTLET_2,PROD_016,Home,State_B,DEPT_01,138.0,18
2025-06-20,OUTLET_2,PROD_017,Clothing,State_B,DEPT_01,143.5,24
2025-06-20,OUTLET_2,PROD_018,Electronics,State_B,DEPT_01,149.0,20
2025-06-20,OUTLET_2,PROD_019,Home,State_B,DEPT_01,154.5,30
2025-06-21,OUTLET_1,PROD_000,Electronics,State_A,DEPT_01,50.0,14
2025-06-21,OUTLET_1,PROD_001,Home,State_A,DEPT_01,55.5,14
2025-06-21,OUTLET_1,PROD_002,Clothing,State_A,DEPT_01,61.0,16
2025-06-21,OUTLET_1,PROD_003,Electronics,State_A,DEPT_01,66.5,26
2025-06-21,OUTLET_1,PROD_004,Home,State_A,DEPT_01,72.0,28
2025-06-21,OUTLET_1,PROD_005,Clothing,State_A,DEPT_01,77.5,8
2025-06-21,OUTLET_1,PROD_006,Electronics,State_A,DEPT_01,83.0,15
2025-06-21,OUTLET_1,PROD_007,Home,State_A,DEPT_01,88.5,17
2025-06-21,OUTLET_1,PROD_008,Clothing,State_A,DEPT_01,94.0,25
2025-06-21,OUTLET_1,PROD_009,Electronics,State_A,DEPT_01,99.5,31
2025-06-21,OUTLET_1,PROD_010,Home,State_A,DEPT_01,105.0,17
2025-06-21,OUTLET_1,PROD_011,Clothing,State_A,DEPT_01,110.5,14
2025-06-21,OUTLET_1,PROD_012,Electronics,State_A,DEPT_01,116.0,20
2025-06-21,OUTLET_1,PROD_013,Home,State_A,DEPT_01,121.5,27
2025-06-21,OUTLET_1,PROD_014,Clothing,State_A,DEPT_01,127.0,29
2025-06-21,OUTLET_1,PROD_015,Electronics,State_A,DEPT_01,132.5,9
2025-06-21,OUTLET_1,PROD_016,Home,State_A,DEPT_01,138.0,19
2025-06-21,OUTLET_1,PROD_017,Clothing,State_A,DEPT_01,143.5,25
2025-06-21,OUTLET_1,PROD_018,Electronics,State_A,DEPT_01,149.0,24
2025-06-21,OUTLET_1,PROD_019,Home,State_A,DEPT_01,154.5,28
2025-06-21,OUTLET_2,PROD_000,Electronics,State_B,DEPT_01,50.0,8
2025-06-21,OUTLET_2,PROD_001,Home,State_B,DEPT_01,55.5,17
2025-06-21,OUTLET_2,PROD_002,Clothing,State_B,DEPT_01,61.0,24
2025-06-21,OUTLET_2,PROD_003,Electronics,State_B,DEPT_01,66.5,27
2025-06-21,OUTLET_2,PROD_004,Home,State_B,DEPT_01,72.0,32
2025-06-21,OUTLET_2,PROD_005,Clothing,State_B,DEPT_01,77.5,14
2025-06-21,OUTLET_2,PROD_006,Electronics,State_B,DEPT_01,83.0,20
2025-06-21,OUTLET_2,PROD_007,Home,State_B,DEPT_01,88.5,22
2025-06-21,OUTLET_2,PROD_008,Clothing,State_B,DEPT_01,94.0,24
2025-06-21,OUTLET_2,PROD_009,Electronics,State_B,DEPT_01,99.5,33
2025-06-21,OUTLET_2,PROD_010,Home,State_B,DEPT_01,105.0,14
2025-06-21,OUTLET_2,PROD_011,Clothing,State_B,DEPT_01,110.5,15
2025-06-21,OUTLET_2,PROD_012,Electronics,State_B,DEPT_01,116.0,14
2025-06-21,OUTLET_2,PROD_013,Home,State_B,DEPT_01,121.5,24
2025-06-21,OUTLET_2,PROD_014,Clothing,State_B,DEPT_01,127.0,27
2025-06-21,OUTLET_2,PROD_015,Electronics,State_B,DEPT_01,132.5,3
2025-06-21,OUTLET_2,PROD_016,Home,State_B,DEPT_01,138.0,14
2025-06-21,OUTLET_2,PROD_017,Clothing,State_B,DEPT_01,143.5,20
2025-06-21,OUTLET_2,PROD_018,Electronics,State_B,DEPT_01,149.0,27
2025-06-21,OUTLET_2,PROD_019,Home,State_B,DEPT_01,154.5,32
2025-06-22,OUTLET_1,PROD_000,Electronics,State_A,DEPT_01,50.0,9
2025-06-22,OUTLET_1,PROD_001,Home,State_A,DEPT_01,55.5,17
2025-06-22,OUTLET_1,PROD_002,Clothing,State_A,DEPT_01,61.0,22
2025-06-22,OUTLET_1,PROD_003,Electronics,State_A,DEPT_01,66.5,27
2025-06-22,OUTLET_1,PROD_004,Home,State_A,DEPT_01,72.0,28
2025-06-22,OUTLET_1,PROD_005,Clothing,State_A,DEPT_01,77.5,13
2025-06-22,OUTLET_1,PROD_006,Electronics,State_A,DEPT_01,83.0,16
2025-06-22,OUTLET_1,PROD_007,Home,State_A,DEPT_01,88.5,20
2025-06-22,OUTLET_1,PROD_008,Clothing,State_A,DEPT_01,94.0,23
2025-06-22,OUTLET_1,PROD_009,Electronics,State_A,DEPT_01,99.5,29
2025-06-22,OUTLET_1,PROD_010,Home,State_A,DEPT_01,105.0,13
2025-06-22,OUTLET_1,PROD_011,Clothing,State_A,DEPT_01,110.5,17
2025-06-22,OUTLET_1,PROD_012,Electronics,State_A,DEPT_01,116.0,19
2025-06-22,OUTLET_1,PROD_013,Home,State_A,DEPT_01,121.5,26
2025-06-22,OUTLET_1,PROD_014,Clothing,State_A,DEPT_01,127.0,32
2025-06-22,OUTLET_1,PROD_015,Electronics,State_A,DEPT_01,132.5,9
2025-06-22,OUTLET_1,PROD_016,Home,State_A,DEPT_01,138.0,18
2025-06-22,OUTLET_1,PROD_017,Clothing,State_A,DEPT_01,143.5,15
2025-06-22,OUTLET_1,PROD_018,Electronics,State_A,DEPT_01,149.0,28
2025-06-22,OUTLET_1,PROD_019,Home,State_A,DEPT_01,154.5,32
2025-06-22,OUTLET_2,PROD_000,Electronics,State_B,DEPT_01,50.0,11
2025-06-22,OUTLET_2,PROD_001,Home,State_B,DEPT_01,55.5,15
2025-06-22,OUTLET_2,PROD_002,Clothing,State_B,DEPT_01,61.0,18
2025-06-22,OUTLET_2,PROD_003,Electronics,State_B,DEPT_01,66.5,25
2025-06-22,OUTLET_2,PROD_004,Home,State_B,DEPT_01,72.0,32
2025-06-22,OUTLET_2,PROD_005,Clothing,State_B,DEPT_01,77.5,13
2025-06-22,OUTLET_2,PROD_006,Electronics,State_B,DEPT_01,83.0,13
2025-06-22,OUTLET_2,PROD_007,Home,State_B,DEPT_01,88.5,19
2025-06-22,OUTLET_2,PROD_008,Clothing,State_B,DEPT_01,94.0,24
2025-06-22,OUTLET_2,PROD_009,Electronics,State_B,DEPT_01,99.5,26
2025-06-22,OUTLET_2,PROD_010,Home,State_B,DEPT_01,105.0,14
2025-06-22,OUTLET_2,PROD_011,Clothing,State_B,DEPT_01,110.5,22
2025-06-22,OUTLET_2,PROD_012,Electronics,State_B,DEPT_01,116.0,24
2025-06-22,OUTLET_2,PROD_013,Home,State_B,DEPT_01,121.5,23
2025-06-22,OUTLET_2,PROD_014,Clothing,State_B,DEPT_01,127.0,36
2025-06-22,OUTLET_2,PROD_015,Electronics,State_B,DEPT_01,132.5,10
2025-06-22,OUTLET_2,PROD_016,Home,State_B,DEPT_01,138.0,18
2025-06-22,OUTLET_2,PROD_017,Clothing,State_B,DEPT_01,143.5,22
2025-06-22,OUTLET_2,PROD_018,Electronics,State_B,DEPT_01,149.0,18
2025-06-22,OUTLET_2,PROD_019,Home,State_B,DEPT_01,154.5,31
2025-06-23,OUTLET_1,PROD_000,Electronics,State_A,DEPT_01,50.0,8
2025-06-23,OUTLET_1,PROD_001,Home,State_A,DEPT_01,55.5,10
2025-06-23,OUTLET_1,PROD_002,Clothing,State_A,DEPT_01,61.0,21
2025-06-23,OUTLET_1,PROD_003,Electronics,State_A,DEPT_01,66.5,27
2025-06-23,OUTLET_1,PROD_004,Home,State_A,DEPT_01,72.0,29
2025-06-23,OUTLET_1,PROD_005,Clothing,State_A,DEPT_01,77.5,11
2025-06-23,OUTLET_1,PROD_006,Electronics,State_A,DEPT_01,83.0,19
2025-06-23,OUTLET_1,PROD_007,Home,State_A,DEPT_01,88.5,20
2025-06-23,OUTLET_1,PROD_008,Clothing,State_A,DEPT_01,94.0,22
2025-06-23,OUTLET_1,PROD_009,Electronics,State_A,DEPT_01,99.5,33
2025-06-23,OUTLET_1,PROD_010,Home,State_A,DEPT_01,105.0,9
2025-06-23,OUTLET_1,PROD_011,Clothing,State_A,DEPT_01,110.5,13
2025-06-23,OUTLET_1,PROD_012,Electronics,State_A,DEPT_01,116.0,20
2025-06-23,OUTLET_1,PROD_013,Home,State_A,DEPT_01,121.5,24
2025-06-23,OUTLET_1,PROD_014,Clothing,State_A,DEPT_01,127.0,25
2025-06-23,OUTLET_1,PROD_015,Electronics,State_A,DEPT_01,132.5,11
2025-06-23,OUTLET_1,PROD_016,Home,State_A,DEPT_01,138.0,16
2025-06-23,OUTLET_1,PROD_017,Clothing,State_A,DEPT_01,143.5,20
2025-06-23,OUTLET_1,PROD_018,Electronics,State_A,DEPT_01,149.0,26
2025-06-23,OUTLET_1,PROD_019,Home,State_A,DEPT_01,154.5,69
2025-06-23,OUTLET_2,PROD_000,Electronics,State_B,DEPT_01,50.0,11
2025-06-23,OUTLET_2,PROD_001,Home,State_B,DEPT_01,55.5,13
2025-06-23,OUTLET_2,PROD_002,Clothing,State_B,DEPT_01,61.0,17
2025-06-23,OUTLET_2,PROD_003,Electronics,State_B,DEPT_01,66.5,29
2025-06-23,OUTLET_2,PROD_004,Home,State_B,DEPT_01,72.0,32
2025-06-23,OUTLET_2,PROD_005,Clothing,State_B,DEPT_01,77.5,9
2025-06-23,OUTLET_2,PROD_006,Electronics,State_B,DEPT_01,83.0,16
2025-06-23,OUTLET_2,PROD_007,Home,State_B,DEPT_01,88.5,21
2025-06-23,OUTLET_2,PROD_008,Clothing,State_B,DEPT_01,94.0,26
2025-06-23,OUTLET_2,PROD_009,Electronics,State_B,DEPT_01,99.5,32
2025-06-23,OUTLET_2,PROD_010,Home,State_B,DEPT_01,105.0,14
2025-06-23,OUTLET_2,PROD_011,Clothing,State_B,DEPT_01,110.5,17
2025-06-23,OUTLET_2,PROD_012,Electronics,State_B,DEPT_01,116.0,23
2025-06-23,OUTLET_2,PROD_013,Home,State_B,DEPT_01,121.5,20
2025-06-23,OUTLET_2,PROD_014,Clothing,State_B,DEPT_01,127.0,32
2025-06-23,OUTLET_2,PROD_015,Electronics,State_B,DEPT_01,132.5,11
2025-06-23,OUTLET_2,PROD_016,Home,State_B,DEPT_01,138.0,18
2025-06-23,OUTLET_2,PROD_017,Clothing,State_B,DEPT_01,143.5,20
2025-06-23,OUTLET_2,PROD_018,Electronics,State_B,DEPT_01,149.0,29
2025-06-23,OUTLET_2,PROD_019,Home,State_B,DEPT_01,154.5,26
2025-06-24,OUTLET_1,PROD_000,Electronics,State_A,DEPT_01,50.0,12
2025-06-24,OUTLET_1,PROD_001,Home,State_A,DEPT_01,55.5,17
2025-06-24,OUTLET_1,PROD_002,Clothing,State_A,DEPT_01,61.0,19
2025-06-24,OUTLET_1,PROD_003,Electronics,State_A,DEPT_01,66.5,24
2025-06-24,OUTLET_1,PROD_004,Home,State_A,DEPT_01,72.0,33
2025-06-24,OUTLET_1,PROD_005,Clothing,State_A,DEPT_01,77.5,7
2025-06-24,OUTLET_1,PROD_006,Electronics,State_A,DEPT_01,83.0,14
2025-06-24,OUTLET_1,PROD_007,Home,State_A,DEPT_01,88.5,14
2025-06-24,OUTLET_1,PROD_008,Clothing,State_A,DEPT_01,94.0,25
2025-06-24,OUTLET_1,PROD_009,Electronics,State_A,DEPT_01,99.5,26
2025-06-24,OUTLET_1,PROD_010,Home,State_A,DEPT_01,105.0,18
2025-06-24,OUTLET_1,PROD_011,Clothing,State_A,DEPT_01,110.5,19
2025-06-24,OUTLET_1,PROD_012,Electronics,State_A,DEPT_01,116.0,18
2025-06-24,OUTLET_1,PROD_013,Home,State_A,DEPT_01,121.5,21
2025-06-24,OUTLET_1,PROD_014,Clothing,State_A,DEPT_01,127.0,32
2025-06-24,OUTLET_1,PROD_015,Electronics,State_A,DEPT_01,132.5,10
2025-06-24,OUTLET_1,PROD_016,Home,State_A,DEPT_01,138.0,13
2025-06-24,OUTLET_1,PROD_017,Clothing,State_A,DEPT_01,143.5,20
2025-06-24,OUTLET_1,PROD_018,Electronics,State_A,DEPT_01,149.0,25
2025-06-24,OUTLET_1,PROD_019,Home,State_A,DEPT_01,154.5,33
2025-06-24,OUTLET_2,PROD_000,Electronics,State_B,DEPT_01,50.0,8
2025-06-24,OUTLET_2,PROD_001,Home,State_B,DEPT_01,55.5,10
2025-06-24,OUTLET_2,PROD_002,Clothing,State_B,DEPT_01,61.0,23
2025-06-24,OUTLET_2,PROD_003,Electronics,State_B,DEPT_01,66.5,26
2025-06-24,OUTLET_2,PROD_004,Home,State_B,DEPT_01,72.0,27
2025-06-24,OUTLET_2,PROD_005,Clothing,State_B,DEPT_01,77.5,7
2025-06-24,OUTLET_2,PROD_006,Electronics,State_B,DEPT_01,83.0,12
2025-06-24,OUTLET_2,PROD_007,Home,State_B,DEPT_01,88.5,19
2025-06-24,OUTLET_2,PROD_008,Clothing,State_B,DEPT_01,94.0,31
2025-06-24,OUTLET_2,PROD_009,Electronics,State_B,DEPT_01,99.5,34
2025-06-24,OUTLET_2,PROD_010,Home,State_B,DEPT_01,105.0,9
2025-06-24,OUTLET_2,PROD_011,Clothing,State_B,DEPT_01,110.5,20
2025-06-24,OUTLET_2,PROD_012,Electronics,State_B,DEPT_01,116.0,54
2025-06-24,OUTLET_2,PROD_013,Home,State_B,DEPT_01,121.5,24
2025-06-24,OUTLET_2,PROD_014,Clothing,State_B,DEPT_01,127.0,28
2025-06-24,OUTLET_2,PROD_015,Electronics,State_B,DEPT_01,132.5,8
2025-06-24,OUTLET_2,PROD_016,Home,State_B,DEPT_01,138.0,14
2025-06-24,OUTLET_2,PROD_017,Clothing,State_B,DEPT_01,143.5,19
2025-06-24,OUTLET_2,PROD_018,Electronics,State_B,DEPT_01,149.0,27
2025-06-24,OUTLET_2,PROD_019,Home,State_B,DEPT_01,154.5,32
2025-06-25,OUTLET_1,PROD_000,Electronics,State_A,DEPT_01,50.0,5
2025-06-25,OUTLET_1,PROD_001,Home,State_A,DEPT_01,55.5,13
2025-06-25,OUTLET_1,PROD_002,Clothing,State_A,DEPT_01,61.0,21
2025-06-25,OUTLET_1,PROD_003,Electronics,State_A,DEPT_01,66.5,26
2025-06-25,OUTLET_1,PROD_004,Home,State_A,DEPT_01,72.0,29
2025-06-25,OUTLET_1,PROD_005,Clothing,State_A,DEPT_01,77.5,10
2025-06-25,OUTLET_1,PROD_006,Electronics,State_A,DEPT_01,83.0,14
2025-06-25,OUTLET_1,PROD_007,Home,State_A,DEPT_01,88.5,23
2025-06-25,OUTLET_1,PROD_008,Clothing,State_A,DEPT_01,94.0,27
2025-06-25,OUTLET_1,PROD_009,Electronics,State_A,DEPT_01,99.5,29
2025-06-25,OUTLET_1,PROD_010,Home,State_A,DEPT_01,105.0,10
2025-06-25,OUTLET_1,PROD_011,Clothing,State_A,DEPT_01,110.5,14
2025-06-25,OUTLET_1,PROD_012,Electronics,State_A,DEPT_01,116.0,20
2025-06-25,OUTLET_1,PROD_013,Home,State_A,DEPT_01,121.5,28
2025-06-25,OUTLET_1,PROD_014,Clothing,State_A,DEPT_01,127.0,29
2025-06-25,OUTLET_1,PROD_015,Electronics,State_A,DEPT_01,132.5,8
2025-06-25,OUTLET_1,PROD_016,Home,State_A,DEPT_01,138.0,15
2025-06-25,OUTLET_1,PROD_017,Clothing,State_A,DEPT_01,143.5,26
2025-06-25,OUTLET_1,PROD_018,Electronics,State_A,DEPT_01,149.0,24
2025-06-25,OUTLET_1,PROD_019,Home,State_A,DEPT_01,154.5,28
2025-06-25,OUTLET_2,PROD_000,Electronics,State_B,DEPT_01,50.0,12
2025-06-25,OUTLET_2,PROD_001,Home,State_B,DEPT_01,55.5,17
2025-06-25,OUTLET_2,PROD_002,Clothing,State_B,DEPT_01,61.0,20
2025-06-25,OUTLET_2,PROD_003,Electronics,State_B,DEPT_01,66.5,23
2025-06-25,OUTLET_2,PROD_004,Home,State_B,DEPT_01,72.0,33
2025-06-25,OUTLET_2,PROD_005,Clothing,State_B,DEPT_01,77.5,6
2025-06-25,OUTLET_2,PROD_006,Electronics,State_B,DEPT_01,83.0,8
2025-06-25,OUTLET_2,PROD_007,Home,State_B,DEPT_01,88.5,19
2025-06-25,OUTLET_2,PROD_008,Clothing,State_B,DEPT_01,94.0,31
2025-06-25,OUTLET_2,PROD_009,Electronics,State_B,DEPT_01,99.5,30
2025-06-25,OUTLET_2,PROD_010,Home,State_B,DEPT_01,105.0,9
2025-06-25,OUTLET_2,PROD_011,Clothing,State_B,DEPT_01,110.5,16
2025-06-25,OUTLET_2,PROD_012,Electronics,State_B,DEPT_01,116.0,21
2025-06-25,OUTLET_2,PROD_013,Home,State_B,DEPT_01,121.5,73
2025-06-25,OUTLET_2,PROD_014,Clothing,State_B,DEPT_01,127.0,31
2025-06-25,OUTLET_2,PROD_015,Electronics,State_B,DEPT_01,132.5,16
2025-06-25,OUTLET_2,PROD_016,Home,State_B,DEPT_01,138.0,19
2025-06-25,OUTLET_2,PROD_017,Clothing,State_B,DEPT_01,143.5,20
2025-06-25,OUTLET_2,PROD_018,Electronics,State_B,DEPT_01,149.0,28
2025-06-25,OUTLET_2,PROD_019,Home,State_B,DEPT_01,154.5,36
2025-06-26,OUTLET_1,PROD_000,Electronics,State_A,DEPT_01,50.0,12
2025-06-26,OUTLET_1,PROD_001,Home,State_A,DEPT_01,55.5,12
2025-06-26,OUTLET_1,PROD_002,Clothing,State_A,DEPT_01,61.0,18
2025-06-26,OUTLET_1,PROD_003,Electronics,State_A,DEPT_01,66.5,28
2025-06-26,OUTLET_1,PROD_004,Home,State_A,DEPT_01,72.0,26
2025-06-26,OUTLET_1,PROD_005,Clothing,State_A,DEPT_01,77.5,13
2025-06-26,OUTLET_1,PROD_006,Electronics,State_A,DEPT_01,83.0,17
2025-06-26,OUTLET_1,PROD_007,Home,State_A,DEPT_01,88.5,18
2025-06-26,OUTLET_1,PROD_008,Clothing,State_A,DEPT_01,94.0,29
2025-06-26,OUTLET_1,PROD_009,Electronics,State_A,DEPT_01,99.5,24
2025-06-26,OUTLET_1,PROD_010,Home,State_A,DEPT_01,105.0,14
2025-06-26,OUTLET_1,PROD_011,Clothing,State_A,DEPT_01,110.5,19
2025-06-26,OUTLET_1,PROD_012,Electronics,State_A,DEPT_01,116.0,20
2025-06-26,OUTLET_1,PROD_013,Home,State_A,DEPT_01,121.5,23
2025-06-26,OUTLET_1,PROD_014,Clothing,State_A,DEPT_01,127.0,25
2025-06-26,OUTLET_1,PROD_015,Electronics,State_A,DEPT_01,132.5,7
2025-06-26,OUTLET_1,PROD_016,Home,State_A,DEPT_01,138.0,11
2025-06-26,OUTLET_1,PROD_017,Clothing,State_A,DEPT_01,143.5,21
2025-06-26,OUTLET_1,PROD_018,Electronics,State_A,DEPT_01,149.0,28
2025-06-26,OUTLET_1,PROD_019,Home,State_A,DEPT_01,154.5,27
2025-06-26,OUTLET_2,PROD_000,Electronics,State_B,DEPT_01,50.0,12
2025-06-26,OUTLET_2,PROD_001,Home,State_B,DEPT_01,55.5,14
2025-06-26,OUTLET_2,PROD_002,Clothing,State_B,DEPT_01,61.0,19
2025-06-26,OUTLET_2,PROD_003,Electronics,State_B,DEPT_01,66.5,28
2025-06-26,OUTLET_2,PROD_004,Home,State_B,DEPT_01,72.0,35
2025-06-26,OUTLET_2,PROD_005,Clothing,State_B,DEPT_01,77.5,4
2025-06-26,OUTLET_2,PROD_006,Electronics,State_B,DEPT_01,83.0,17
2025-06-26,OUTLET_2,PROD_007,Home,State_B,DEPT_01,88.5,16
2025-06-26,OUTLET_2,PROD_008,Clothing,State_B,DEPT_01,94.0,26
2025-06-26,OUTLET_2,PROD_009,Electronics,State_B,DEPT_01,99.5,28
2025-06-26,OUTLET_2,PROD_010,Home,State_B,DEPT_01,105.0,16
2025-06-26,OUTLET_2,PROD_011,Clothing,State_B,DEPT_01,110.5,17
2025-06-26,OUTLET_2,PROD_012,Electronics,State_B,DEPT_01,116.0,17
2025-06-26,OUTLET_2,PROD_013,Home,State_B,DEPT_01,121.5,24
2025-06-26,OUTLET_2,PROD_014,Clothing,State_B,DEPT_01,127.0,30
2025-06-26,OUTLET_2,PROD_015,Electronics,State_B,DEPT_01,132.5,6
2025-06-26,OUTLET_2,PROD_016,Home,State_B,DEPT_01,138.0,15
2025-06-26,OUTLET_2,PROD_017,Clothing,State_B,DEPT_01,143.5,23
2025-06-26,OUTLET_2,PROD_018,Electronics,State_B,DEPT_01,149.0,20
2025-06-26,OUTLET_2,PROD_019,Home,State_B,DEPT_01,154.5,28
2025-06-27,OUTLET_1,PROD_000,Electronics,State_A,DEPT_01,50.0,14
2025-06-27,OUTLET_1,PROD_001,Home,State_A,DEPT_01,55.5,21
2025-06-27,OUTLET_1,PROD_002,Clothing,State_A,DEPT_01,61.0,21
2025-06-27,OUTLET_1,PROD_003,Electronics,State_A,DEPT_01,66.5,22
2025-06-27,OUTLET_1,PROD_004,Home,State_A,DEPT_01,72.0,32
2025-06-27,OUTLET_1,PROD_005,Clothing,State_A,DEPT_01,77.5,13
2025-06-27,OUTLET_1,PROD_006,Electronics,State_A,DEPT_01,83.0,15
2025-06-27,OUTLET_1,PROD_007,Home,State_A,DEPT_01,88.5,18
2025-06-27,OUTLET_1,PROD_008,Clothing,State_A,DEPT_01,94.0,27
2025-06-27,OUTLET_1,PROD_009,Electronics,State_A,DEPT_01,99.5,29
2025-06-27,OUTLET_1,PROD_010,Home,State_A,DEPT_01,105.0,12
2025-06-27,OUTLET_1,PROD_011,Clothing,State_A,DEPT_01,110.5,12
2025-06-27,OUTLET_1,PROD_012,Electronics,State_A,DEPT_01,116.0,17
2025-06-27,OUTLET_1,PROD_013,Home,State_A,DEPT_01,121.5,27
2025-06-27,OUTLET_1,PROD_014,Clothing,State_A,DEPT_01,127.0,27
2025-06-27,OUTLET_1,PROD_015,Electronics,State_A,DEPT_01,132.5,10
2025-06-27,OUTLET_1,PROD_016,Home,State_A,DEPT_01,138.0,14
2025-06-27,OUTLET_1,PROD_017,Clothing,State_A,DEPT_01,143.5,17
2025-06-27,OUTLET_1,PROD_018,Electronics,State_A,DEPT_01,149.0,23
2025-06-27,OUTLET_1,PROD_019,Home,State_A,DEPT_01,154.5,24
2025-06-27,OUTLET_2,PROD_000,Electronics,State_B,DEPT_01,50.0,10
2025-06-27,OUTLET_2,PROD_001,Home,State_B,DEPT_01,55.5,11
2025-06-27,OUTLET_2,PROD_002,Clothing,State_B,DEPT_01,61.0,18
2025-06-27,OUTLET_2,PROD_003,Electronics,State_B,DEPT_01,66.5,26
2025-06-27,OUTLET_2,PROD_004,Home,State_B,DEPT_01,72.0,34
2025-06-27,OUTLET_2,PROD_005,Clothing,State_B,DEPT_01,77.5,9
2025-06-27,OUTLET_2,PROD_006,Electronics,State_B,DEPT_01,83.0,12
2025-06-27,OUTLET_2,PROD_007,Home,State_B,DEPT_01,88.5,18
2025-06-27,OUTLET_2,PROD_008,Clothing,State_B,DEPT_01,94.0,21
2025-06-27,OUTLET_2,PROD_009,Electronics,State_B,DEPT_01,99.5,32
2025-06-27,OUTLET_2,PROD_010,Home,State_B,DEPT_01,105.0,4
2025-06-27,OUTLET_2,PROD_011,Clothing,State_B,DEPT_01,110.5,16
2025-06-27,OUTLET_2,PROD_012,Electronics,State_B,DEPT_01,116.0,21
2025-06-27,OUTLET_2,PROD_013,Home,State_B,DEPT_01,121.5,29
2025-06-27,OUTLET_2,PROD_014,Clothing,State_B,DEPT_01,127.0,29
2025-06-27,OUTLET_2,PROD_015,Electronics,State_B,DEPT_01,132.5,6
2025-06-27,OUTLET_2,PROD_016,Home,State_B,DEPT_01,138.0,16
2025-06-27,OUTLET_2,PROD_017,Clothing,State_B,DEPT_01,143.5,22
2025-06-27,OUTLET_2,PROD_018,Electronics,State_B,DEPT_01,149.0,28
2025-06-27,OUTLET_2,PROD_019,Home,State_B,DEPT_01,154.5,29
2025-06-28,OUTLET_1,PROD_000,Electronics,State_A,DEPT_01,50.0,12
2025-06-28,OUTLET_1,PROD_001,Home,State_A,DEPT_01,55.5,16
2025-06-28,OUTLET_1,PROD_002,Clothing,State_A,DEPT_01,61.0,19
2025-06-28,OUTLET_1,PROD_003,Electronics,State_A,DEPT_01,66.5,22
2025-06-28,OUTLET_1,PROD_004,Home,State_A,DEPT_01,72.0,28
2025-06-28,OUTLET_1,PROD_005,Clothing,State_A,DEPT_01,77.5,9
2025-06-28,OUTLET_1,PROD_006,Electronics,State_A,DEPT_01,83.0,10
2025-06-28,OUTLET_1,PROD_007,Home,State_A,DEPT_01,88.5,22
2025-06-28,OUTLET_1,PROD_008,Clothing,State_A,DEPT_01,94.0,28
2025-06-28,OUTLET_1,PROD_009,Electronics,State_A,DEPT_01,99.5,37
2025-06-28,OUTLET_1,PROD_010,Home,State_A,DEPT_01,105.0,7
2025-06-28,OUTLET_1,PROD_011,Clothing,State_A,DEPT_01,110.5,16
2025-06-28,OUTLET_1,PROD_012,Electronics,State_A,DEPT_01,116.0,22
2025-06-28,OUTLET_1,PROD_013,Home,State_A,DEPT_01,121.5,29
2025-06-28,OUTLET_1,PROD_014,Clothing,State_A,DEPT_01,127.0,24
2025-06-28,OUTLET_1,PROD_015,Electronics,State_A,DEPT_01,132.5,7
2025-06-28,OUTLET_1,PROD_016,Home,State_A,DEPT_01,138.0,17
2025-06-28,OUTLET_1,PROD_017,Clothing,State_A,DEPT_01,143.5,20
2025-06-28,OUTLET_1,PROD_018,Electronics,State_A,DEPT_01,149.0,20
2025-06-28,OUTLET_1,PROD_019,Home,State_A,DEPT_01,154.5,33
2025-06-28,OUTLET_2,PROD_000,Electronics,State_B,DEPT_01,50.0,11
2025-06-28,OUTLET_2,PROD_001,Home,State_B,DEPT_01,55.5,12
2025-06-28,OUTLET_2,PROD_002,Clothing,State_B,DEPT_01,61.0,20
2025-06-28,OUTLET_2,PROD_003,Electronics,State_B,DEPT_01,66.5,64
2025-06-28,OUTLET_2,PROD_004,Home,State_B,DEPT_01,72.0,35
2025-06-28,OUTLET_2,PROD_005,Clothing,State_B,DEPT_01,77.5,7
2025-06-28,OUTLET_2,PROD_006,Electronics,State_B,DEPT_01,83.0,12
2025-06-28,OUTLET_2,PROD_007,Home,State_B,DEPT_01,88.5,15
2025-06-28,OUTLET_2,PROD_008,Clothing,State_B,DEPT_01,94.0,24
2025-06-28,OUTLET_2,PROD_009,Electronics,State_B,DEPT_01,99.5,30
2025-06-28,OUTLET_2,PROD_010,Home,State_B,DEPT_01,105.0,14
2025-06-28,OUTLET_2,PROD_011,Clothing,State_B,DEPT_01,110.5,14
2025-06-28,OUTLET_2,PROD_012,Electronics,State_B,DEPT_01,116.0,21
2025-06-28,OUTLET_2,PROD_013,Home,State_B,DEPT_01,121.5,23
2025-06-28,OUTLET_2,PROD_014,Clothing,State_B,DEPT_01,127.0,26
2025-06-28,OUTLET_2,PROD_015,Electronics,State_B,DEPT_01,132.5,14
2025-06-28,OUTLET_2,PROD_016,Home,State_B,DEPT_01,138.0,15
2025-06-28,OUTLET_2,PROD_017,Clothing,State_B,DEPT_01,143.5,22
2025-06-28,OUTLET_2,PROD_018,Electronics,State_B,DEPT_01,149.0,25
2025-06-28,OUTLET_2,PROD_019,Home,State_B,DEPT_01,154.5,25
2025-06-29,OUTLET_1,PROD_000,Electronics,State_A,DEPT_01,50.0,13
2025-06-29,OUTLET_1,PROD_001,Home,State_A,DEPT_01,55.5,13
2025-06-29,OUTLET_1,PROD_002,Clothing,State_A,DEPT_01,61.0,42
2025-06-29,OUTLET_1,PROD_003,Electronics,State_A,DEPT_01,66.5,21
2025-06-29,OUTLET_1,PROD_004,Home,State_A,DEPT_01,72.0,28
2025-06-29,OUTLET_1,PROD_005,Clothing,State_A,DEPT_01,77.5,11
2025-06-29,OUTLET_1,PROD_006,Electronics,State_A,DEPT_01,83.0,13
2025-06-29,OUTLET_1,PROD_007,Home,State_A,DEPT_01,88.5,22
2025-06-29,OUTLET_1,PROD_008,Clothing,State_A,DEPT_01,94.0,27
2025-06-29,OUTLET_1,PROD_009,Electronics,State_A,DEPT_01,99.5,26
2025-06-29,OUTLET_1,PROD_010,Home,State_A,DEPT_01,105.0,7
2025-06-29,OUTLET_1,PROD_011,Clothing,State_A,DEPT_01,110.5,19
2025-06-29,OUTLET_1,PROD_012,Electronics,State_A,DEPT_01,116.0,19
2025-06-29,OUTLET_1,PROD_013,Home,State_A,DEPT_01,121.5,26
2025-06-29,OUTLET_1,PROD_014,Clothing,State_A,DEPT_01,127.0,34
2025-06-29,OUTLET_1,PROD_015,Electronics,State_A,DEPT_01,132.5,9
2025-06-29,OUTLET_1,PROD_016,Home,State_A,DEPT_01,138.0,15
2025-06-29,OUTLET_1,PROD_017,Clothing,State_A,DEPT_01,143.5,14
2025-06-29,OUTLET_1,PROD_018,Electronics,State_A,DEPT_01,149.0,25
2025-06-29,OUTLET_1,PROD_019,Home,State_A,DEPT_01,154.5,28
2025-06-29,OUTLET_2,PROD_000,Electronics,State_B,DEPT_01,50.0,8
2025-06-29,OUTLET_2,PROD_001,Home,State_B,DEPT_01,55.5,64
2025-06-29,OUTLET_2,PROD_002,Clothing,State_B,DEPT_01,61.0,18
2025-06-29,OUTLET_2,PROD_003,Electronics,State_B,DEPT_01,66.5,23
2025-06-29,OUTLET_2,PROD_004,Home,State_B,DEPT_01,72.0,34
2025-06-29,OUTLET_2,PROD_005,Clothing,State_B,DEPT_01,77.5,12
2025-06-29,OUTLET_2,PROD_006,Electronics,State_B,DEPT_01,83.0,15
2025-06-29,OUTLET_2,PROD_007,Home,State_B,DEPT_01,88.5,20
2025-06-29,OUTLET_2,PROD_008,Clothing,State_B,DEPT_01,94.0,27
2025-06-29,OUTLET_2,PROD_009,Electronics,State_B,DEPT_01,99.5,32
2025-06-29,OUTLET_2,PROD_010,Home,State_B,DEPT_01,105.0,3
2025-06-29,OUTLET_2,PROD_011,Clothing,State_B,DEPT_01,110.5,16
2025-06-29,OUTLET_2,PROD_012,Electronics,State_B,DEPT_01,116.0,59
2025-06-29,OUTLET_2,PROD_013,Home,State_B,DEPT_01,121.5,26
2025-06-29,OUTLET_2,PROD_014,Clothing,State_B,DEPT_01,127.0,28
2025-06-29,OUTLET_2,PROD_015,Electronics,State_B,DEPT_01,132.5,9
2025-06-29,OUTLET_2,PROD_016,Home,State_B,DEPT_01,138.0,14
2025-06-29,OUTLET_2,PROD_017,Clothing,State_B,DEPT_01,143.5,19
2025-06-29,OUTLET_2,PROD_018,Electronics,State_B,DEPT_01,149.0,28
2025-06-29,OUTLET_2,PROD_019,Home,State_B,DEPT_01,154.5,29
